sample_id,language,source_proverb,proverb_en,correct_text,distractors,fallback,strategy,Choice_A,Choice_B,Choice_C,Choice_D,Answer
ENG2109,English,Good beginning makes a good ending,Good beginning makes a good ending,Good beginning makes a good ending,"[""Where there's a will there's a way."", 'Honor among thieves – There’s', 'A mill cannot grind with the water that is past']",False,S1,Good beginning makes a good ending,Where there's a will there's a way.,Honor among thieves – There’s,A mill cannot grind with the water that is past,A
ENG2245,English,Where there’s a will there’s a way.,Where there’s a will there’s a way.,Where there’s a will there’s a way.,"['Money doesn’t grow on trees', 'Why buy a cow when milk is so cheap?', 'The best advice is found on the pillow.']",False,S1,The best advice is found on the pillow.,Where there’s a will there’s a way.,Money doesn’t grow on trees,Why buy a cow when milk is so cheap?,B
ENG1267,English,There will be sleeping enough in the grave,There will be sleeping enough in the grave,There will be sleeping enough in the grave,"['Better die with honor than live with shame', 'Money doesn’t grow on trees', 'Laugh and grow fat']",False,S1,Money doesn’t grow on trees,Laugh and grow fat,There will be sleeping enough in the grave,Better die with honor than live with shame,C
ENG1238,English,Believe not all that you see nor half what you hear,Believe not all that you see nor half what you hear,Believe not all that you see nor half what you hear,"['Children and fools tell the truth', 'Men are blind in their own cause', 'There will be sleeping enough in the grave']",False,S1,Children and fools tell the truth,Men are blind in their own cause,There will be sleeping enough in the grave,Believe not all that you see nor half what you hear,D
ENG1638,English,Stone -dead hath no fellow,Stone -dead hath no fellow,Stone -dead hath no fellow,"['A prophet is not recognized in his own land', 'Drastic times call for drastic measures.', 'Believe not all that you see nor half what you hear']",False,S1,Stone -dead hath no fellow,A prophet is not recognized in his own land,Drastic times call for drastic measures.,Believe not all that you see nor half what you hear,A
ENG0113,English,Fool's errand,Fool's errand,Fool's errand,"['There are two sides to every question', 'Flogging a dead horse', 'No such thing as bad publicity']",False,S1,No such thing as bad publicity,Fool's errand,There are two sides to every question,Flogging a dead horse,B
ENG0148,English,Horse-sense,Horse-sense,Horse-sense,"['Every dog has his day.', 'Believe not all that you see nor half what you hear', 'Laugh and grow fat']",False,S1,Believe not all that you see nor half what you hear,Laugh and grow fat,Horse-sense,Every dog has his day.,C
ENG0432,English,Money doesn’t grow on trees,Money doesn’t grow on trees,Money doesn’t grow on trees,"['Enough is enough', 'Money isn’t everything', 'Knowledge in youth is wisdom in age.']",False,S1,Enough is enough,Money isn’t everything,Knowledge in youth is wisdom in age.,Money doesn’t grow on trees,D
ENG1450,English,Men are blind in their own cause,Men are blind in their own cause,Men are blind in their own cause,"[""Don't wash your dirty linen in public."", 'Where there’s a will there’s a way.', 'Laugh and grow fat']",False,S1,Men are blind in their own cause,Don't wash your dirty linen in public.,Where there’s a will there’s a way.,Laugh and grow fat,A
ENG0319,English,Every dog has his day.,Every dog has his day.,Every dog has his day.,"['Stone -dead hath no fellow', 'A mill cannot grind with the water that is past', 'Children and fools tell the truth']",False,S1,Children and fools tell the truth,Every dog has his day.,Stone -dead hath no fellow,A mill cannot grind with the water that is past,B
ENG2038,English,The apple doesn't fall far from the tree,The apple doesn't fall far from the tree,The apple doesn't fall far from the tree,"['Men are blind in their own cause', 'Believe not all that you see nor half what you hear', 'Knowledge is a treasure, but practice is the key to it']",False,S1,Believe not all that you see nor half what you hear,"Knowledge is a treasure, but practice is the key to it",The apple doesn't fall far from the tree,Men are blind in their own cause,C
ENG1126,English,Little by little and bit by bit,Little by little and bit by bit,Little by little and bit by bit,"['Where there’s a will there’s a way.', 'There will be sleeping enough in the grave', 'A great city, a great solitude']",False,S1,Where there’s a will there’s a way.,There will be sleeping enough in the grave,"A great city, a great solitude",Little by little and bit by bit,D
ENG1569,English,"Scratch a Russian, and you will find a Tartar","Scratch a Russian, and you will find a Tartar","Scratch a Russian, and you will find a Tartar","[""The apple doesn't fall far from the tree"", 'Children and fools tell the truth', 'As you make your bed, so you must lie upon it']",False,S1,"Scratch a Russian, and you will find a Tartar",The apple doesn't fall far from the tree,Children and fools tell the truth,"As you make your bed, so you must lie upon it",A
ENG2028,English,Silence gives consent.,Silence gives consent.,Silence gives consent.,"[""Don't wash your dirty linen in public."", 'Believe not all that you see nor half what you hear', 'Knowledge is a treasure, but practice is the key to it']",False,S1,"Knowledge is a treasure, but practice is the key to it",Silence gives consent.,Don't wash your dirty linen in public.,Believe not all that you see nor half what you hear,B
ENG0378,English,Where there's a will there's a way.,Where there's a will there's a way.,Where there's a will there's a way.,"['A prophet is not recognized in his own land', 'Money doesn’t grow on trees', 'Rob Peter to pay Paul']",False,S1,Money doesn’t grow on trees,Rob Peter to pay Paul,Where there's a will there's a way.,A prophet is not recognized in his own land,C
ENG0566,English,Enough is enough,Enough is enough,Enough is enough,"[""Diamonds are a girl's best friend"", 'One today is worth two tomorrows.', 'Laugh and grow fat']",False,S1,Diamonds are a girl's best friend,One today is worth two tomorrows.,Laugh and grow fat,Enough is enough,D
ENG0304,English,Great oaks from little acorns grow.,Great oaks from little acorns grow.,Great oaks from little acorns grow.,"[""Fool's errand"", 'As you make your bed, so you must lie upon it', ""The apple doesn't fall far from the tree""]",False,S1,Great oaks from little acorns grow.,Fool's errand,"As you make your bed, so you must lie upon it",The apple doesn't fall far from the tree,A
ENG0572,English,Diamonds are a girl's best friend,Diamonds are a girl's best friend,Diamonds are a girl's best friend,"['Opportunity seldom knocks twice.', 'The more you stir it, the more it stinks', 'Fling dirt enough and some will stick']",False,S1,Fling dirt enough and some will stick,Diamonds are a girl's best friend,Opportunity seldom knocks twice.,"The more you stir it, the more it stinks",B
ENG0366,English,Variety is the spice of life.,Variety is the spice of life.,Variety is the spice of life.,"['A great city, a great solitude', 'A mill cannot grind with the water that is past', 'Rob Peter to pay Paul']",False,S1,A mill cannot grind with the water that is past,Rob Peter to pay Paul,Variety is the spice of life.,"A great city, a great solitude",C
ENG0819,English,Rob Peter to pay Paul,Rob Peter to pay Paul,Rob Peter to pay Paul,"['Little by little and bit by bit', 'Money doesn’t grow on trees', 'The highest branch is not the safest roost']",False,S1,Little by little and bit by bit,Money doesn’t grow on trees,The highest branch is not the safest roost,Rob Peter to pay Paul,D
ENG2013,English,One today is worth two tomorrows.,One today is worth two tomorrows.,One today is worth two tomorrows.,"['As you make your bed, so you must lie upon it', 'Enough is enough', 'Stone -dead hath no fellow']",False,S1,One today is worth two tomorrows.,"As you make your bed, so you must lie upon it",Enough is enough,Stone -dead hath no fellow,A
ENG0068,English,Dead as a doornail,Dead as a doornail,Dead as a doornail,"['Men are blind in their own cause', 'Curses, like chickens, come home to roost.', 'Children and fools tell the truth']",False,S1,Children and fools tell the truth,Dead as a doornail,Men are blind in their own cause,"Curses, like chickens, come home to roost.",B
ENG1613,English,"The more you stir it, the more it stinks","The more you stir it, the more it stinks","The more you stir it, the more it stinks","['Every dog has his day.', 'Where there’s a will there’s a way.', 'Opportunity seldom knocks twice.']",False,S1,Where there’s a will there’s a way.,Opportunity seldom knocks twice.,"The more you stir it, the more it stinks",Every dog has his day.,C
ENG0225,English,The more the merrier,The more the merrier,The more the merrier,"['Curses, like chickens, come home to roost.', ""Diamonds are a girl's best friend"", 'One today is worth two tomorrows.']",False,S1,"Curses, like chickens, come home to roost.",Diamonds are a girl's best friend,One today is worth two tomorrows.,The more the merrier,D
ENG1589,English,Care brings gray hair,Care brings gray hair,Care brings gray hair,"['Stone -dead hath no fellow', 'Children and fools tell the truth', 'Knowledge is a treasure, but practice is the key to it']",False,S1,Care brings gray hair,Stone -dead hath no fellow,Children and fools tell the truth,"Knowledge is a treasure, but practice is the key to it",A
ENG1956,English,Knowledge in youth is wisdom in age.,Knowledge in youth is wisdom in age.,Knowledge in youth is wisdom in age.,"['Horse-sense', 'Where there’s a will there’s a way.', 'One today is worth two tomorrows.']",False,S1,One today is worth two tomorrows.,Knowledge in youth is wisdom in age.,Horse-sense,Where there’s a will there’s a way.,B
ENG1244,English,"Knowledge is a treasure, but practice is the key to it","Knowledge is a treasure, but practice is the key to it","Knowledge is a treasure, but practice is the key to it","['Variety is the spice of life.', 'Water is a boon in the desert, but the drowning man curses it.', 'The tongue ever turns to the aching too th']",False,S1,"Water is a boon in the desert, but the drowning man curses it.",The tongue ever turns to the aching too th,"Knowledge is a treasure, but practice is the key to it",Variety is the spice of life.,C
ENG0463,English,Why buy a cow when milk is so cheap?,Why buy a cow when milk is so cheap?,Why buy a cow when milk is so cheap?,"['Stone -dead hath no fellow', ""Don't wash your dirty linen in public."", ""The apple doesn't fall far from the tree""]",False,S1,Stone -dead hath no fellow,Don't wash your dirty linen in public.,The apple doesn't fall far from the tree,Why buy a cow when milk is so cheap?,D
ENG0663,English,Money isn’t everything,Money isn’t everything,Money isn’t everything,"['Rob Peter to pay Paul', 'A mill cannot grind with the water that is past', 'A great city, a great solitude']",False,S1,Money isn’t everything,Rob Peter to pay Paul,A mill cannot grind with the water that is past,"A great city, a great solitude",A
ENG1785,English,"As you make your bed, so you must lie upon it","As you make your bed, so you must lie upon it","As you make your bed, so you must lie upon it","['Stone -dead hath no fellow', 'The more you stir it, the more it stinks', 'One today is worth two tomorrows.']",False,S1,One today is worth two tomorrows.,"As you make your bed, so you must lie upon it",Stone -dead hath no fellow,"The more you stir it, the more it stinks",B
ENG1032,English,The tongue ever turns to the aching too th,The tongue ever turns to the aching too th,The tongue ever turns to the aching too th,"['Variety is the spice of life.', 'Laugh and grow fat', 'Stone -dead hath no fellow']",False,S1,Laugh and grow fat,Stone -dead hath no fellow,The tongue ever turns to the aching too th,Variety is the spice of life.,C
ENG1771,English,No such thing as bad publicity,No such thing as bad publicity,No such thing as bad publicity,"['Laugh and grow fat', 'Knowledge in youth is wisdom in age.', 'There will be sleeping enough in the grave']",False,S1,Laugh and grow fat,Knowledge in youth is wisdom in age.,There will be sleeping enough in the grave,No such thing as bad publicity,D
ENG1628,English,"A great city, a great solitude","A great city, a great solitude","A great city, a great solitude","['The more you stir it, the more it stinks', 'Great oaks from little acorns grow.', 'Knowledge is a treasure, but practice is the key to it']",False,S1,"A great city, a great solitude","The more you stir it, the more it stinks",Great oaks from little acorns grow.,"Knowledge is a treasure, but practice is the key to it",A
ENG2018,English,Opportunity seldom knocks twice.,Opportunity seldom knocks twice.,Opportunity seldom knocks twice.,"['Stone -dead hath no fellow', 'There will be sleeping enough in the grave', 'Enough is enough']",False,S1,Enough is enough,Opportunity seldom knocks twice.,Stone -dead hath no fellow,There will be sleeping enough in the grave,B
ENG1923,English,The best advice is found on the pillow.,The best advice is found on the pillow.,The best advice is found on the pillow.,"['The tongue ever turns to the aching too th', 'As you make your bed, so you must lie upon it', 'There are two sides to every question']",False,S1,"As you make your bed, so you must lie upon it",There are two sides to every question,The best advice is found on the pillow.,The tongue ever turns to the aching too th,C
ENG0313,English,Don't wash your dirty linen in public.,Don't wash your dirty linen in public.,Don't wash your dirty linen in public.,"['Great oaks from little acorns grow.', 'There is a thin line between genius and insanity', 'Silence gives consent.']",False,S1,Great oaks from little acorns grow.,There is a thin line between genius and insanity,Silence gives consent.,Don't wash your dirty linen in public.,D
ENG2189,English,A prophet is not recognized in his own land,A prophet is not recognized in his own land,A prophet is not recognized in his own land,"['Variety is the spice of life.', 'Care brings gray hair', 'Knowledge is a treasure, but practice is the key to it']",False,S1,A prophet is not recognized in his own land,Variety is the spice of life.,Care brings gray hair,"Knowledge is a treasure, but practice is the key to it",A
ENG1876,English,"Curses, like chickens, come home to roost.","Curses, like chickens, come home to roost.","Curses, like chickens, come home to roost.","['The more you stir it, the more it stinks', 'There are two sides to every question', 'Flogging a dead horse']",False,S1,Flogging a dead horse,"Curses, like chickens, come home to roost.","The more you stir it, the more it stinks",There are two sides to every question,B
ENG1655,English,Better die with honor than live with shame,Better die with honor than live with shame,Better die with honor than live with shame,"['Dead as a doornail', 'Knowledge is a treasure, but practice is the key to it', ""Don't wash your dirty linen in public.""]",False,S1,"Knowledge is a treasure, but practice is the key to it",Don't wash your dirty linen in public.,Better die with honor than live with shame,Dead as a doornail,C
ENG1321,English,There is a thin line between genius and insanity,There is a thin line between genius and insanity,There is a thin line between genius and insanity,"['A great city, a great solitude', 'Variety is the spice of life.', 'Money doesn’t grow on trees']",False,S1,"A great city, a great solitude",Variety is the spice of life.,Money doesn’t grow on trees,There is a thin line between genius and insanity,D
ENG1010,English,There are two sides to every question,There are two sides to every question,There are two sides to every question,"['Honor among thieves – There’s', 'Laugh and grow fat', 'Scratch a Russian, and you will find a Tartar']",False,S1,There are two sides to every question,Honor among thieves – There’s,Laugh and grow fat,"Scratch a Russian, and you will find a Tartar",A
ENG0370,English,"Water is a boon in the desert, but the drowning man curses it.","Water is a boon in the desert, but the drowning man curses it.","Water is a boon in the desert, but the drowning man curses it.","['Scratch a Russian, and you will find a Tartar', 'Flogging a dead horse', ""The apple doesn't fall far from the tree""]",False,S1,The apple doesn't fall far from the tree,"Water is a boon in the desert, but the drowning man curses it.","Scratch a Russian, and you will find a Tartar",Flogging a dead horse,B
ENG0109,English,Flogging a dead horse,Flogging a dead horse,Flogging a dead horse,"['Money isn’t everything', 'Horse-sense', 'A prophet is not recognized in his own land']",False,S1,Horse-sense,A prophet is not recognized in his own land,Flogging a dead horse,Money isn’t everything,C
ENG1944,English,Drastic times call for drastic measures.,Drastic times call for drastic measures.,Drastic times call for drastic measures.,"['Variety is the spice of life.', 'The tongue ever turns to the aching too th', ""Fool's errand""]",False,S1,Variety is the spice of life.,The tongue ever turns to the aching too th,Fool's errand,Drastic times call for drastic measures.,D
ENG0450,English,The highest branch is not the safest roost,The highest branch is not the safest roost,The highest branch is not the safest roost,"['Money doesn’t grow on trees', 'A mill cannot grind with the water that is past', 'Knowledge in youth is wisdom in age.']",False,S1,The highest branch is not the safest roost,Money doesn’t grow on trees,A mill cannot grind with the water that is past,Knowledge in youth is wisdom in age.,A
ENG0928,English,Laugh and grow fat,Laugh and grow fat,Laugh and grow fat,"['Care brings gray hair', 'Great oaks from little acorns grow.', 'Money isn’t everything']",False,S1,Money isn’t everything,Laugh and grow fat,Care brings gray hair,Great oaks from little acorns grow.,B
ENG2124,English,Honor among thieves – There’s,Honor among thieves – There’s,Honor among thieves – There’s,"['There will be sleeping enough in the grave', 'Drastic times call for drastic measures.', ""Diamonds are a girl's best friend""]",False,S1,Drastic times call for drastic measures.,Diamonds are a girl's best friend,Honor among thieves – There’s,There will be sleeping enough in the grave,C
ENG0498,English,Children and fools tell the truth,Children and fools tell the truth,Children and fools tell the truth,"['The best advice is found on the pillow.', 'Believe not all that you see nor half what you hear', 'Enough is enough']",False,S1,The best advice is found on the pillow.,Believe not all that you see nor half what you hear,Enough is enough,Children and fools tell the truth,D
ENG1133,English,A mill cannot grind with the water that is past,A mill cannot grind with the water that is past,A mill cannot grind with the water that is past,"['The more you stir it, the more it stinks', 'Knowledge in youth is wisdom in age.', 'Knowledge is a treasure, but practice is the key to it']",False,S1,A mill cannot grind with the water that is past,"The more you stir it, the more it stinks",Knowledge in youth is wisdom in age.,"Knowledge is a treasure, but practice is the key to it",A
ENG1644,English,Fling dirt enough and some will stick,Fling dirt enough and some will stick,Fling dirt enough and some will stick,"['Good beginning makes a good ending', 'The more the merrier', 'Great oaks from little acorns grow.']",False,S1,Great oaks from little acorns grow.,Fling dirt enough and some will stick,Good beginning makes a good ending,The more the merrier,B
MID0381,Arabic,اللي ما رضى خببزة يرضى بنصها ,Half a loaf is better than no bread,Half a loaf is better than no bread,"['let bygones be bygones.', 'Born to suffer./ You can not escape bad luck', 'The best answer will come from the person who is not angry.']",False,S1,Half a loaf is better than no bread,let bygones be bygones.,Born to suffer./ You can not escape bad luck,The best answer will come from the person who is not angry.,A
MID0854,Arabic,إنك تضرب في حديد بارد,You are striking cold iron.,You are striking cold iron.,"['Let them drink and forget their poverty and remember their misery no more.', 'He who does not know mistakes does not learn', ""A falling master makes a standing servant. / It is a sorry house where the hens' crow and the cock is silent.""]",False,S1,A falling master makes a standing servant. / It is a sorry house where the hens' crow and the cock is silent.,You are striking cold iron.,Let them drink and forget their poverty and remember their misery no more.,He who does not know mistakes does not learn,B
MID0356,Arabic,إصرف ما في الجيب يأتيك ما في الغيب.,Spend money to make money.,Spend money to make money.,"['Cut your coat according to your cloth.', 'Let them drink and forget their poverty and remember their misery no more.', 'For the Bedouin, it’s all soap']",False,S1,Let them drink and forget their poverty and remember their misery no more.,"For the Bedouin, it’s all soap",Spend money to make money.,Cut your coat according to your cloth.,C
MID0358,Arabic,الصديق وقت الضيق.,A friend in need is a friend indeed.,A friend in need is a friend indeed.,"['What goes around comes around.', 'Climbing the ladder of success by stepping on others.', 'Spend money to make money.']",False,S1,What goes around comes around.,Climbing the ladder of success by stepping on others.,Spend money to make money.,A friend in need is a friend indeed.,D
MID0363,Arabic,أنا باللقمة لفمو وهو بالمشهاب لعيني.,Biting the hand that feeds him.,Biting the hand that feeds him.,"['Apples and oranges.', 'The grass is always greener on the other side', 'A friend in need is a friend indeed.']",False,S1,Biting the hand that feeds him.,Apples and oranges.,The grass is always greener on the other side,A friend in need is a friend indeed.,A
MID0487,Arabic,وِجّو بيقطع الرزق,a jinx on the house,a jinx on the house,"['Putting lipstick on a pig.', 'The worst is yet to come.', 'If you are always dwelling in trouble change the address.']",False,S1,If you are always dwelling in trouble change the address.,a jinx on the house,Putting lipstick on a pig.,The worst is yet to come.,B
MID0705,Arabic,إطعم الفم تستحى العين.,A bribe works miracles.,A bribe works miracles.,"['A penny saved is a penny earned.\n', 'A friend in need is a friend indeed.', 'For the Bedouin, it’s all soap']",False,S1,A friend in need is a friend indeed.,"For the Bedouin, it’s all soap",A bribe works miracles.,A penny saved is a penny earned.,C
MID0596,Arabic,إن ضاق بيك الأمر، اشرب زجاجة خمر,Let them drink and forget their poverty and remember their misery no more.,Let them drink and forget their poverty and remember their misery no more.,"[' If you humble yourself too much, you will get trampled on.', 'Happiness is contagious.', 'Prevention is better than cure']",False,S1,"If you humble yourself too much, you will get trampled on.",Happiness is contagious.,Prevention is better than cure,Let them drink and forget their poverty and remember their misery no more.,D
MID0552,Arabic,جمل يعصر وجمل ياكل العصارة:,Climbing the ladder of success by stepping on others.,Climbing the ladder of success by stepping on others.,"['Think before you speak.', 'You are striking cold iron.', 'For the Bedouin, it’s all soap']",False,S1,Climbing the ladder of success by stepping on others.,Think before you speak.,You are striking cold iron.,"For the Bedouin, it’s all soap",A
MID0031,Arabic,احفظ قرشك الأبيض ليومك الأسود.,"A penny saved is a penny earned.
","A penny saved is a penny earned.
","['Biting the hand that feeds him.', 'The best answer will come from the person who is not angry.', 'What goes around comes around.']",False,S1,What goes around comes around.,A penny saved is a penny earned.,Biting the hand that feeds him.,The best answer will come from the person who is not angry.,B
MID0591,Arabic,رمية من غير رامي,A flash in a pan.,A flash in a pan.,"['Climbing the ladder of success by stepping on others.', 'A friend in need is a friend indeed.', 'To break the ice.']",False,S1,A friend in need is a friend indeed.,To break the ice.,A flash in a pan.,Climbing the ladder of success by stepping on others.,C
MID0522,Arabic,فود عوجان.,He who goes out in search of wool often comes home shorn.,He who goes out in search of wool often comes home shorn.,"['You are striking cold iron.', 'Spend money to make money.', 'A rose among thorns.']",False,S1,You are striking cold iron.,Spend money to make money.,A rose among thorns.,He who goes out in search of wool often comes home shorn.,D
MID0216,Arabic,اصبوعي في حلوجهم وصبوعهم في عيوني.,Evil in return for god deed.,Evil in return for god deed.,"['A flash in a pan.', 'What goes around comes around.', 'Every dog has its day.']",False,S1,Evil in return for god deed.,A flash in a pan.,What goes around comes around.,Every dog has its day.,A
MID0064,Arabic,المَمنُوع مَرْغُوب.,Forbidden fruit is the sweetest.,Forbidden fruit is the sweetest.,"['Think before you speak.', 'A friend in need is a friend indeed.', 'To break the ice.']",False,S1,To break the ice.,Forbidden fruit is the sweetest.,Think before you speak.,A friend in need is a friend indeed.,B
MID0317,Arabic,اللي فات مات (ماتلا عليه التلفات),let bygones be bygones.,let bygones be bygones.,"['Apples and oranges.', 'Let them drink and forget their poverty and remember their misery no more.', 'Address people in the language they can understand.']",False,S1,Let them drink and forget their poverty and remember their misery no more.,Address people in the language they can understand.,let bygones be bygones.,Apples and oranges.,C
MID0040,Arabic,الإفراط في التّواضع يجلب المذلّة," If you humble yourself too much, you will get trampled on."," If you humble yourself too much, you will get trampled on.","['Like a fish in water.', 'The world is like a belly dancer: it dances for a little while for everyone', 'For the Bedouin, it’s all soap']",False,S1,Like a fish in water.,The world is like a belly dancer: it dances for a little while for everyone,"For the Bedouin, it’s all soap","If you humble yourself too much, you will get trampled on.",D
MID0236,Arabic,اللي فات مات.,let bygones be bygones.,let bygones be bygones.,"['a jinx on the house', 'Every dog has its day.', 'A flash in a pan.']",False,S1,let bygones be bygones.,a jinx on the house,Every dog has its day.,A flash in a pan.,A
MID0862,Arabic,سماعك بالْمُعَيَدِيِّ خير من أن تراه سمك في ماء,Like a fish in water.,Like a fish in water.,"['Buy a pig in a poke.', 'Look what the cat dragged in.', 'Pride goes before a fall.']",False,S1,Pride goes before a fall.,Like a fish in water.,Buy a pig in a poke.,Look what the cat dragged in.,B
MID0425,Arabic,ابن الحرام بيساويها وابن الحلال بيوقع فيها,Sometimes the innocent suffer with the guilty.,Sometimes the innocent suffer with the guilty.,"['A rose among thorns.', 'The best answer will come from the person who is not angry.', 'Address people in the language they can understand.']",False,S1,The best answer will come from the person who is not angry.,Address people in the language they can understand.,Sometimes the innocent suffer with the guilty.,A rose among thorns.,C
MID0073,Arabic,خاطبوا الناس على قدر عقولهم.,Address people in the language they can understand.,Address people in the language they can understand.,"['He who goes out in search of wool often comes home shorn.', 'Let them drink and forget their poverty and remember their misery no more.', 'It takes two to tango.']",False,S1,He who goes out in search of wool often comes home shorn.,Let them drink and forget their poverty and remember their misery no more.,It takes two to tango.,Address people in the language they can understand.,D
MID0909,Arabic,الدنيا زي الغازية، ترقص لكل واحد شوية,The world is like a belly dancer: it dances for a little while for everyone,The world is like a belly dancer: it dances for a little while for everyone,"['Every dog has its day.', ' If you humble yourself too much, you will get trampled on.', 'Biting the hand that feeds him.']",False,S1,The world is like a belly dancer: it dances for a little while for everyone,Every dog has its day.,"If you humble yourself too much, you will get trampled on.",Biting the hand that feeds him.,A
MID0169,Arabic,ايش ياخد الريح من البلاط؟,where there is nothing the king loses his rights,where there is nothing the king loses his rights,"['Climbing the ladder of success by stepping on others.', ""Give him an inch and he'll take a mile."", 'What goes around comes around.']",False,S1,What goes around comes around.,where there is nothing the king loses his rights,Climbing the ladder of success by stepping on others.,Give him an inch and he'll take a mile.,B
MID0767,Arabic,تجيك التهايم وإنت نايم,Look what the cat dragged in.,Look what the cat dragged in.,"['A penny saved is a penny earned.\n', 'You are striking cold iron.', 'Buy a pig in a poke.']",False,S1,You are striking cold iron.,Buy a pig in a poke.,Look what the cat dragged in.,A penny saved is a penny earned.,C
MID0622,Arabic,بليلة المباشر ولا ضبيحة (طبيخة) المكاشر,"
Better is a dinner of herbs where love is, than a stalled ox and hatred therewith.","
Better is a dinner of herbs where love is, than a stalled ox and hatred therewith.","[""Give him an inch and he'll take a mile."", 'Like a fish in water.', 'The world is like a belly dancer: it dances for a little while for everyone']",False,S1,Give him an inch and he'll take a mile.,Like a fish in water.,The world is like a belly dancer: it dances for a little while for everyone,"Better is a dinner of herbs where love is, than a stalled ox and hatred therewith.",D
MID0071,Arabic,بین المطرقة والسندان.,Between the upper and nether millstone.,Between the upper and nether millstone.,"['Biting the hand that feeds him.', 'What goes around comes around.', 'To break the ice.']",False,S1,Between the upper and nether millstone.,Biting the hand that feeds him.,What goes around comes around.,To break the ice.,A
MID0068,Arabic,الوقاية خير من العلاج/ درهم وقاية خير من قنطار علاج ,Prevention is better than cure,Prevention is better than cure,"['A bribe works miracles.', 'You are striking cold iron.', 'The world is like a belly dancer: it dances for a little while for everyone']",False,S1,The world is like a belly dancer: it dances for a little while for everyone,Prevention is better than cure,A bribe works miracles.,You are striking cold iron.,B
MID0307,Arabic, انكشحت بين امعاه لحشيشَ.,To break the ice.,To break the ice.,"['Sometimes the innocent suffer with the guilty.', 'The one who shows his fears ensures his salvation.', 'Beauty is in the eye of the beholder.\n']",False,S1,The one who shows his fears ensures his salvation.,Beauty is in the eye of the beholder.,To break the ice.,Sometimes the innocent suffer with the guilty.,C
MID0820,Arabic,اللي ما يعرف الغلط ما يتعلم,He who does not know mistakes does not learn,He who does not know mistakes does not learn,"['Biting the hand that feeds him.', 'Think before you speak.', 'A flash in a pan.']",False,S1,Biting the hand that feeds him.,Think before you speak.,A flash in a pan.,He who does not know mistakes does not learn,D
MID0719,Arabic,اللي يخالط المسعدين يسعد.,Happiness is contagious.,Happiness is contagious.,"['Address people in the language they can understand.', 'The best answer will come from the person who is not angry.', 'A rose among thorns.']",False,S1,Happiness is contagious.,Address people in the language they can understand.,The best answer will come from the person who is not angry.,A rose among thorns.,A
MID0639,Arabic,يجي الخريف.. واللواري بتقيف,Every dog has its day.,Every dog has its day.,"['Biting the hand that feeds him.', 'Look what the cat dragged in.', 'The world is like a belly dancer: it dances for a little while for everyone']",False,S1,The world is like a belly dancer: it dances for a little while for everyone,Every dog has its day.,Biting the hand that feeds him.,Look what the cat dragged in.,B
MID0322,Arabic,كل بخنوس افعين امو اغزال,"Beauty is in the eye of the beholder.
","Beauty is in the eye of the beholder.
","['Sometimes the innocent suffer with the guilty.', 'For the Bedouin, it’s all soap', 'Biting the hand that feeds him.']",False,S1,"For the Bedouin, it’s all soap",Biting the hand that feeds him.,Beauty is in the eye of the beholder.,Sometimes the innocent suffer with the guilty.,C
MID0785,Arabic,الباب اللى إِيجيك منه الريح، سده واستريح ,If you are always dwelling in trouble change the address.,If you are always dwelling in trouble change the address.,"['For the Bedouin, it’s all soap', 'Prevention is better than cure', 'Spend money to make money.']",False,S1,"For the Bedouin, it’s all soap",Prevention is better than cure,Spend money to make money.,If you are always dwelling in trouble change the address.,D
MID0549,Arabic,بتقول للقمر غيبي وأنا مكانش.,A rose among thorns.,A rose among thorns.,"['Look what the cat dragged in.', 'let bygones be bygones.', 'To break the ice.']",False,S1,A rose among thorns.,Look what the cat dragged in.,let bygones be bygones.,To break the ice.,A
MID0343,Arabic, بِيشتَري سَمَك في بَحَر ,Buy a pig in a poke.,Buy a pig in a poke.,"['Biting the hand that feeds him.', 'Spend money to make money.', ' If you humble yourself too much, you will get trampled on.']",False,S1,"If you humble yourself too much, you will get trampled on.",Buy a pig in a poke.,Biting the hand that feeds him.,Spend money to make money.,B
MID0276,Arabic,أتبدلت غزلانها بقرودها.,A falling master makes a standing servant. / It is a sorry house where the hens' crow and the cock is silent.,A falling master makes a standing servant. / It is a sorry house where the hens' crow and the cock is silent.,"['Beauty is in the eye of the beholder.\n', 'Every dog has its day.', 'Putting lipstick on a pig.']",False,S1,Every dog has its day.,Putting lipstick on a pig.,A falling master makes a standing servant. / It is a sorry house where the hens' crow and the cock is silent.,Beauty is in the eye of the beholder.,C
MID0502,Arabic,اللسان مافيه عظم.,Think before you speak.,Think before you speak.,"['let bygones be bygones.', ' Birds of a feather flock together.', 'Forbidden fruit is the sweetest.']",False,S1,let bygones be bygones.,Birds of a feather flock together.,Forbidden fruit is the sweetest.,Think before you speak.,D
MID0295,Arabic,شو جاب الزرقا للبلقا.,Apples and oranges.,Apples and oranges.,"['Sometimes the innocent suffer with the guilty.', 'Between the upper and nether millstone.', 'To break the ice.']",False,S1,Apples and oranges.,Sometimes the innocent suffer with the guilty.,Between the upper and nether millstone.,To break the ice.,A
MID0500,Arabic,الفقيه اللي عملناه إقابل الجامع عاد فالحصاير طامع.,Give him an inch and he'll take a mile.,Give him an inch and he'll take a mile.,"['Look what the cat dragged in.', 'Putting lipstick on a pig.', 'The worst is yet to come.']",False,S1,The worst is yet to come.,Give him an inch and he'll take a mile.,Look what the cat dragged in.,Putting lipstick on a pig.,B
MID0631,Arabic,مد رجليك قدر لحافك,Cut your coat according to your cloth.,Cut your coat according to your cloth.,"['where there is nothing the king loses his rights', 'To break the ice.', 'Think before you speak.']",False,S1,To break the ice.,Think before you speak.,Cut your coat according to your cloth.,where there is nothing the king loses his rights,C
MID0024,Arabic,إنّ الطيور على أشكالها تقع, Birds of a feather flock together., Birds of a feather flock together.,"['A rose among thorns.', 'Sometimes the innocent suffer with the guilty.', 'Let them drink and forget their poverty and remember their misery no more.']",False,S1,A rose among thorns.,Sometimes the innocent suffer with the guilty.,Let them drink and forget their poverty and remember their misery no more.,Birds of a feather flock together.,D
MID0441,Arabic,شو بتعمل الماشطه بهالوش العكر.,Putting lipstick on a pig.,Putting lipstick on a pig.,"['Born to suffer./ You can not escape bad luck', 'For the Bedouin, it’s all soap', 'Evil in return for god deed.']",False,S1,Putting lipstick on a pig.,Born to suffer./ You can not escape bad luck,"For the Bedouin, it’s all soap",Evil in return for god deed.,A
MID0412,Arabic,لي خاف سلم. ,The one who shows his fears ensures his salvation.,The one who shows his fears ensures his salvation.,"['Evil in return for god deed.', 'The worst is yet to come.', 'A flash in a pan.']",False,S1,A flash in a pan.,The one who shows his fears ensures his salvation.,Evil in return for god deed.,The worst is yet to come.,B
MID0219,Arabic,البحر فيه لاغش,The worst is yet to come.,The worst is yet to come.,"['Happiness is contagious.', 'A bribe works miracles.', 'Apples and oranges.']",False,S1,A bribe works miracles.,Apples and oranges.,The worst is yet to come.,Happiness is contagious.,C
MID0523,Arabic,قرصه في ناره وعينه على جاره.,The grass is always greener on the other side,The grass is always greener on the other side,"['Sometimes the innocent suffer with the guilty.', 'Beauty is in the eye of the beholder.\n', 'a jinx on the house']",False,S1,Sometimes the innocent suffer with the guilty.,Beauty is in the eye of the beholder.,a jinx on the house,The grass is always greener on the other side,D
MID0614,Arabic,القُفه ام اضنين بشيلوها نفرين.,It takes two to tango.,It takes two to tango.,"['Let them drink and forget their poverty and remember their misery no more.', 'The best answer will come from the person who is not angry.', 'Prevention is better than cure']",False,S1,It takes two to tango.,Let them drink and forget their poverty and remember their misery no more.,The best answer will come from the person who is not angry.,Prevention is better than cure,A
MID0912,Arabic,كلّه عند العرب صابون,"For the Bedouin, it’s all soap","For the Bedouin, it’s all soap","['Between the upper and nether millstone.', 'let bygones be bygones.', 'Happiness is contagious.']",False,S1,Happiness is contagious.,"For the Bedouin, it’s all soap",Between the upper and nether millstone.,let bygones be bygones.,B
MID0755,Arabic,إنفخ يا شريم قال ماكو برطم ,Born to suffer./ You can not escape bad luck,Born to suffer./ You can not escape bad luck,"['Spend money to make money.', 'The grass is always greener on the other side', 'Like a fish in water.']",False,S1,The grass is always greener on the other side,Like a fish in water.,Born to suffer./ You can not escape bad luck,Spend money to make money.,C
MID0605,Arabic,التسوي كريت تلقى في جلدها.,What goes around comes around.,What goes around comes around.,"[""A falling master makes a standing servant. / It is a sorry house where the hens' crow and the cock is silent."", 'A friend in need is a friend indeed.', ' If you humble yourself too much, you will get trampled on.']",False,S1,A falling master makes a standing servant. / It is a sorry house where the hens' crow and the cock is silent.,A friend in need is a friend indeed.,"If you humble yourself too much, you will get trampled on.",What goes around comes around.,D
MID0826,Arabic,أحضر الناس جوابا من لم يغضب,The best answer will come from the person who is not angry.,The best answer will come from the person who is not angry.,"['Look what the cat dragged in.', 'Prevention is better than cure', 'To break the ice.']",False,S1,The best answer will come from the person who is not angry.,Look what the cat dragged in.,Prevention is better than cure,To break the ice.,A
MID0744,Arabic,كل من كان عالي وطى كل من كان سارح بالشياه هطى,Pride goes before a fall.,Pride goes before a fall.,"['Half a loaf is better than no bread', '\nBetter is a dinner of herbs where love is, than a stalled ox and hatred therewith.', 'let bygones be bygones.']",False,S1,let bygones be bygones.,Pride goes before a fall.,Half a loaf is better than no bread,"Better is a dinner of herbs where love is, than a stalled ox and hatred therewith.",B
YOR1930,Yoruba,"Bí a kò lówó, à léèyàn; bí a kò léèyàn à lóhùn rere lòrun.","If one lacks money, one should have people; if one lacks people, one should be pleasant in one’s speech.","If one lacks money, one should have people; if one lacks people, one should be pleasant in one’s speech.","['One cannot live amid forty people and never misspeak.', 'One should first chase the jackal away before reprimanding the chicken.', 'The younger person does not give the older person history lectures.']",False,S1,"If one lacks money, one should have people; if one lacks people, one should be pleasant in one’s speech.",One cannot live amid forty people and never misspeak.,One should first chase the jackal away before reprimanding the chicken.,The younger person does not give the older person history lectures.,A
YOR1569,Yoruba,"A-kápò-má-ṣọdẹ: ọ̀tá ẹranko, ọ̀tá èèyàn.",He-who-carries-a-hunting-bag-but-does not-hunt: enemy alike of man and beast.,He-who-carries-a-hunting-bag-but-does not-hunt: enemy alike of man and beast.,"['It is with both its eyes and its feathers that the partridge sees.', 'Though we might travel as a group, we do not know who is destined to prosper.', 'Partridge, how come your dress is so red [dirty]? He said, how would his dress not be red [dirty]? In the afternoon grubbing for food, at night sleeping: one cannot leave off food in the afternoon, and one cannot leave off sleep at night.']",False,S1,"Partridge, how come your dress is so red [dirty]? He said, how would his dress not be red [dirty]? In the afternoon grubbing for food, at night sleeping: one cannot leave off food in the afternoon, and one cannot leave off sleep at night.",He-who-carries-a-hunting-bag-but-does not-hunt: enemy alike of man and beast.,It is with both its eyes and its feathers that the partridge sees.,"Though we might travel as a group, we do not know who is destined to prosper.",B
YOR2171,Yoruba,Iwájú la ti ńjogún; ẹ̀hìn la ti ńṣàgbà.,"One inherits from one’s front, and one sets an example at one’s back.","One inherits from one’s front, and one sets an example at one’s back.","['The wife ate the yam-flour meal and ate the calabash with it.', 'It is with both its eyes and its feathers that the partridge sees.', 'The sheep does not change its clothing from year to year.']",False,S1,It is with both its eyes and its feathers that the partridge sees.,The sheep does not change its clothing from year to year.,"One inherits from one’s front, and one sets an example at one’s back.",The wife ate the yam-flour meal and ate the calabash with it.,C
YOR1240,Yoruba,"Ẹ̀rù kì í ba igbó, bẹ́ẹ̀ni kì í ba odò; ẹ̀rù kì í ba ọlọ lójú ata.","The forest knows no fear, and neither does the river know fear; the grindstone never shows fear in the face of pepper.","The forest knows no fear, and neither does the river know fear; the grindstone never shows fear in the face of pepper.","['One does not treat one’s own sore and yet cry from the pain.', 'The owner of the ring has taken back his ring; the fingers of the friend are now empty.', 'One inherits from one’s front, and one sets an example at one’s back.']",False,S1,One does not treat one’s own sore and yet cry from the pain.,The owner of the ring has taken back his ring; the fingers of the friend are now empty.,"One inherits from one’s front, and one sets an example at one’s back.","The forest knows no fear, and neither does the river know fear; the grindstone never shows fear in the face of pepper.",D
YOR3981,Yoruba,"Ilé tí a gbá èèyàn létí wọ̀, bó pe títí a ó gbàá èèyàn létí jáde níbẹ̀.",A home one is able to enter only after one has slapped someone in the ears: sooner or later one will have to slap someone in the ears in order to get out of it.,A home one is able to enter only after one has slapped someone in the ears: sooner or later one will have to slap someone in the ears in order to get out of it.,"['It is a bald person who may be disdainful of the razor.', 'It is the child who raises its arms that induces people to lift it.', 'The forest knows no fear, and neither does the river know fear; the grindstone never shows fear in the face of pepper.']",False,S1,A home one is able to enter only after one has slapped someone in the ears: sooner or later one will have to slap someone in the ears in order to get out of it.,It is a bald person who may be disdainful of the razor.,It is the child who raises its arms that induces people to lift it.,"The forest knows no fear, and neither does the river know fear; the grindstone never shows fear in the face of pepper.",A
YOR1407,Yoruba,"Ojú ti kókó, ojú ti eéwo; ojú ti aáràgbá ìdí pẹ̀lú.","The lump that attacks the head is shamed, the boil is shamed, and the hardened tissue on the buttocks is shamed also.","The lump that attacks the head is shamed, the boil is shamed, and the hardened tissue on the buttocks is shamed also.","['If we do not meet up on high, we will meet down below.', 'The boat is leaking, the boat is leaking! After it sinks, won’t matters end?', 'The old woman is asked to carry a child on her back, and she says but they know she has no teeth; was she asked to eat the child? ']",False,S1,"The old woman is asked to carry a child on her back, and she says but they know she has no teeth; was she asked to eat the child?","The lump that attacks the head is shamed, the boil is shamed, and the hardened tissue on the buttocks is shamed also.","If we do not meet up on high, we will meet down below.","The boat is leaking, the boat is leaking! After it sinks, won’t matters end?",B
YOR2410,Yoruba,"Bí ẹ̀bìtì ò pa eku, a kó ẹyìn fẹ́lẹ́yìn.","If the snare does not kill the rat, it returns the kernel bait to the owner.","If the snare does not kill the rat, it returns the kernel bait to the owner.","['She who borrows a wrapper skirt to wear is not home free; the owner of the cloth will take it back tomorrow.', 'The forest knows no fear, and neither does the river know fear; the grindstone never shows fear in the face of pepper.', 'The sheep does not change its clothing from year to year.']",False,S1,"The forest knows no fear, and neither does the river know fear; the grindstone never shows fear in the face of pepper.",The sheep does not change its clothing from year to year.,"If the snare does not kill the rat, it returns the kernel bait to the owner.",She who borrows a wrapper skirt to wear is not home free; the owner of the cloth will take it back tomorrow.,C
YOR1521,Yoruba,Tojú tìyẹ́ làparò-ó fi ńríran.,It is with both its eyes and its feathers that the partridge sees.,It is with both its eyes and its feathers that the partridge sees.,"['A child who shits on the path brings down curses on its mother. B', 'It is the person who is revered that will disgrace himself or herself.', 'He-who-hurries-after-riches is on his way to battle; He-who-has-in-abundance is off on his travels; By-and-by-‘‘I-will-be-rich’’ is back in his hut, eating roasted yams.']",False,S1,A child who shits on the path brings down curses on its mother. B,It is the person who is revered that will disgrace himself or herself.,"He-who-hurries-after-riches is on his way to battle; He-who-has-in-abundance is off on his travels; By-and-by-‘‘I-will-be-rich’’ is back in his hut, eating roasted yams.",It is with both its eyes and its feathers that the partridge sees.,D
YOR3426,Yoruba,"Olórùká gbòrùka, ọwọ́ àwé dòfo.",The owner of the ring has taken back his ring; the fingers of the friend are now empty.,The owner of the ring has taken back his ring; the fingers of the friend are now empty.,"['One does not get to Death’s home and fail to find heads; if one does not find fresh ones, one will find dry ones.', 'He-who-carries-a-hunting-bag-but-does not-hunt: enemy alike of man and beast.', 'The sheep does not change its clothing from year to year.']",False,S1,The owner of the ring has taken back his ring; the fingers of the friend are now empty.,"One does not get to Death’s home and fail to find heads; if one does not find fresh ones, one will find dry ones.",He-who-carries-a-hunting-bag-but-does not-hunt: enemy alike of man and beast.,The sheep does not change its clothing from year to year.,A
YOR1130,Yoruba,Alágbàró ò yege; aláṣọ á gbà á bó dọ̀la.,She who borrows a wrapper skirt to wear is not home free; the owner of the cloth will take it back tomorrow.,She who borrows a wrapper skirt to wear is not home free; the owner of the cloth will take it back tomorrow.,"['A home one is able to enter only after one has slapped someone in the ears: sooner or later one will have to slap someone in the ears in order to get out of it.', 'The younger person does not give the older person history lectures.', 'One does not treat one’s own sore and yet cry from the pain.']",False,S1,One does not treat one’s own sore and yet cry from the pain.,She who borrows a wrapper skirt to wear is not home free; the owner of the cloth will take it back tomorrow.,A home one is able to enter only after one has slapped someone in the ears: sooner or later one will have to slap someone in the ears in order to get out of it.,The younger person does not give the older person history lectures.,B
YOR0370,Yoruba,Kí ni apárí ńwá ní ìṣọ̀ onígbàjámọ̀?,What does a bald man want in the stall of the barber?,What does a bald man want in the stall of the barber?,"['The owner of the ring has taken back his ring; the fingers of the friend are now empty.', 'The forest knows no fear, and neither does the river know fear; the grindstone never shows fear in the face of pepper.', 'The moon does not know which yard be longs to a poor man; if it reaches a wealthy man’s abode, it will reach mine also.']",False,S1,"The forest knows no fear, and neither does the river know fear; the grindstone never shows fear in the face of pepper.","The moon does not know which yard be longs to a poor man; if it reaches a wealthy man’s abode, it will reach mine also.",What does a bald man want in the stall of the barber?,The owner of the ring has taken back his ring; the fingers of the friend are now empty.,C
YOR2447,Yoruba,Ẹni tí ajá bá wá sóde lajá ḿbá relé.,Whoever the dog came out with is the per son the dog returns home with.,Whoever the dog came out with is the per son the dog returns home with.,"['He-who-carries-a-hunting-bag-but-does not-hunt: enemy alike of man and beast.', 'One inherits from one’s front, and one sets an example at one’s back.', 'It is only because one loves spinach that one calls it a friend of corn loaf; what the dandy has at home is enough food for him or her.']",False,S1,He-who-carries-a-hunting-bag-but-does not-hunt: enemy alike of man and beast.,"One inherits from one’s front, and one sets an example at one’s back.",It is only because one loves spinach that one calls it a friend of corn loaf; what the dandy has at home is enough food for him or her.,Whoever the dog came out with is the per son the dog returns home with.,D
YOR0938,Yoruba,Omi là ńkọ́-ọ́ tẹ̀ ká tó tẹ iyanrìn.,Water is the first thing one’s foot encounters before it encounters the sand.,Water is the first thing one’s foot encounters before it encounters the sand.,"['What does a bald man want in the stall of the barber?', 'One does not treat one’s own sore and yet cry from the pain.', 'No sash compares with the red sash; no hill compares with Gbadi Hill; no breast milk is as delicious as one’s mother’s breast milk.']",False,S1,Water is the first thing one’s foot encounters before it encounters the sand.,What does a bald man want in the stall of the barber?,One does not treat one’s own sore and yet cry from the pain.,No sash compares with the red sash; no hill compares with Gbadi Hill; no breast milk is as delicious as one’s mother’s breast milk.,A
YOR2476,Yoruba,Ọ́bún ba irú aṣọ jẹ.,The filthy person destroys the appeal of a style of clothing.,The filthy person destroys the appeal of a style of clothing.,"['One does not get to Death’s home and fail to find heads; if one does not find fresh ones, one will find dry ones.', 'The forest knows no fear, and neither does the river know fear; the grindstone never shows fear in the face of pepper.', 'The moon does not know which yard be longs to a poor man; if it reaches a wealthy man’s abode, it will reach mine also.']",False,S1,"The moon does not know which yard be longs to a poor man; if it reaches a wealthy man’s abode, it will reach mine also.",The filthy person destroys the appeal of a style of clothing.,"One does not get to Death’s home and fail to find heads; if one does not find fresh ones, one will find dry ones.","The forest knows no fear, and neither does the river know fear; the grindstone never shows fear in the face of pepper.",B
YOR2639,Yoruba,A kì í gbé àárín ojì èèyàn ká má ṣì wí.,One cannot live amid forty people and never misspeak.,One cannot live amid forty people and never misspeak.,"['It is a bald person who may be disdainful of the razor.', 'It is with both its eyes and its feathers that the partridge sees.', 'The industrious person is the enemy of the shiftless person.']",False,S1,It is with both its eyes and its feathers that the partridge sees.,The industrious person is the enemy of the shiftless person.,One cannot live amid forty people and never misspeak.,It is a bald person who may be disdainful of the razor.,C
YOR2231,Yoruba,Aṣusọ́nà ní ńfi ìyá-a rẹ̀ gbèpè,A child who shits on the path brings down curses on its mother. B,A child who shits on the path brings down curses on its mother. B,"['Both the Ẹ̀gbá and the Ẹ̀sà people know that Láfì is like the chameleon; the whole world knows Tẹlmú as a thief. ', 'Days do not go on straight like an avenue.', 'The sheep does not change its clothing from year to year.']",False,S1,Both the Ẹ̀gbá and the Ẹ̀sà people know that Láfì is like the chameleon; the whole world knows Tẹlmú as a thief.,Days do not go on straight like an avenue.,The sheep does not change its clothing from year to year.,A child who shits on the path brings down curses on its mother. B,D
YOR0708,Yoruba,Ẹni tí a bá ńbá ṣíṣẹ́kí í ṣí lẹ; bórí bá túnni ṣe a kì í tẹ́ bọ̀rọ̀.,The person being lent a hand does not malinger; one whom Providence favors is not easily disgraced.,The person being lent a hand does not malinger; one whom Providence favors is not easily disgraced.,"['The lump that attacks the head is shamed, the boil is shamed, and the hardened tissue on the buttocks is shamed also.', 'No sash compares with the red sash; no hill compares with Gbadi Hill; no breast milk is as delicious as one’s mother’s breast milk.', 'What does a bald man want in the stall of the barber?']",False,S1,The person being lent a hand does not malinger; one whom Providence favors is not easily disgraced.,"The lump that attacks the head is shamed, the boil is shamed, and the hardened tissue on the buttocks is shamed also.",No sash compares with the red sash; no hill compares with Gbadi Hill; no breast milk is as delicious as one’s mother’s breast milk.,What does a bald man want in the stall of the barber?,A
YOR1886,Yoruba,TẸ̀gbá tẸ̀sà ló mọ Láfì lágẹmọ; gbogbo ayé ló mọ Tẹlẹ̀mú lólè.,Both the Ẹ̀gbá and the Ẹ̀sà people know that Láfì is like the chameleon; the whole world knows Tẹlmú as a thief. ,Both the Ẹ̀gbá and the Ẹ̀sà people know that Láfì is like the chameleon; the whole world knows Tẹlmú as a thief. ,"['Fear of losing face within one’s home dis suades one from eating day-old chicks.', 'The stew having cooled, one hollows one’s palm to eat it.', 'The rain pounds the gbòdògì, producing a loud noise.']",False,S1,"The rain pounds the gbòdògì, producing a loud noise.",Both the Ẹ̀gbá and the Ẹ̀sà people know that Láfì is like the chameleon; the whole world knows Tẹlmú as a thief.,Fear of losing face within one’s home dis suades one from eating day-old chicks.,"The stew having cooled, one hollows one’s palm to eat it.",B
YOR0015,Yoruba,A kì í fi gbèsè sọ́rùn ṣọ̀ṣọ́.,One does not carry debt around one’s neck and live like a dandy.,One does not carry debt around one’s neck and live like a dandy.,"['It is only because one loves spinach that one calls it a friend of corn loaf; what the dandy has at home is enough food for him or her.', 'The younger person does not give the older person history lectures.', 'The industrious person is the enemy of the shiftless person.']",False,S1,The younger person does not give the older person history lectures.,The industrious person is the enemy of the shiftless person.,One does not carry debt around one’s neck and live like a dandy.,It is only because one loves spinach that one calls it a friend of corn loaf; what the dandy has at home is enough food for him or her.,C
YOR1449,Yoruba,Òṣìṣẹ́ lọ̀tá ọ̀lẹ.,The industrious person is the enemy of the shiftless person.,The industrious person is the enemy of the shiftless person.,"['Whoever the dog came out with is the per son the dog returns home with.', 'It is with both its eyes and its feathers that the partridge sees.', 'Three misfortunes that befell the person who would kill a squirrel with a cutlass: the squirrel escaped, the cutlass was lost, and the owner of the cutlass demanded its return.']",False,S1,Whoever the dog came out with is the per son the dog returns home with.,It is with both its eyes and its feathers that the partridge sees.,"Three misfortunes that befell the person who would kill a squirrel with a cutlass: the squirrel escaped, the cutlass was lost, and the owner of the cutlass demanded its return.",The industrious person is the enemy of the shiftless person.,D
YOR4105,Yoruba,Ọjo kì í to lọ bi òréré.,Days do not go on straight like an avenue.,Days do not go on straight like an avenue.,"['No sash compares with the red sash; no hill compares with Gbadi Hill; no breast milk is as delicious as one’s mother’s breast milk.', 'A child who shits on the path brings down curses on its mother. B', 'A home one is able to enter only after one has slapped someone in the ears: sooner or later one will have to slap someone in the ears in order to get out of it.']",False,S1,Days do not go on straight like an avenue.,No sash compares with the red sash; no hill compares with Gbadi Hill; no breast milk is as delicious as one’s mother’s breast milk.,A child who shits on the path brings down curses on its mother. B,A home one is able to enter only after one has slapped someone in the ears: sooner or later one will have to slap someone in the ears in order to get out of it.,A
YOR1710,Yoruba,"""Ọ̀ràn yí ò dùn mí"": ẹ̀ẹ̀kanṣoṣo là ńwí i. ","""This matter does not hurt me"": stating it only once suffices.","""This matter does not hurt me"": stating it only once suffices.","['The owner of the ring has taken back his ring; the fingers of the friend are now empty.', 'The person who vows to make two hundred heaps on the farm: one should pay attention to how he walks.', 'One does not treat one’s own sore and yet cry from the pain.']",False,S1,One does not treat one’s own sore and yet cry from the pain.,"""This matter does not hurt me"": stating it only once suffices.",The owner of the ring has taken back his ring; the fingers of the friend are now empty.,The person who vows to make two hundred heaps on the farm: one should pay attention to how he walks.,B
YOR1463,Yoruba,"Ọbẹ̀-ẹ́ tutù tán, a dawọ́ bù ú lá.","The stew having cooled, one hollows one’s palm to eat it.","The stew having cooled, one hollows one’s palm to eat it.","['She who borrows a wrapper skirt to wear is not home free; the owner of the cloth will take it back tomorrow.', 'He-who-carries-a-hunting-bag-but-does not-hunt: enemy alike of man and beast.', 'Fear of losing face within one’s home dis suades one from eating day-old chicks.']",False,S1,He-who-carries-a-hunting-bag-but-does not-hunt: enemy alike of man and beast.,Fear of losing face within one’s home dis suades one from eating day-old chicks.,"The stew having cooled, one hollows one’s palm to eat it.",She who borrows a wrapper skirt to wear is not home free; the owner of the cloth will take it back tomorrow.,C
YOR1685,Yoruba,Ohun tí a ó fẹ́ kéèyàn ó mọ̀ là ńṣe lábẹ́lẹ̀.,It is what one wishes to keep a secret that one does in private.,It is what one wishes to keep a secret that one does in private.,"['The person who vows to make two hundred heaps on the farm: one should pay attention to how he walks.', 'Both the Ẹ̀gbá and the Ẹ̀sà people know that Láfì is like the chameleon; the whole world knows Tẹlmú as a thief. ', 'Days do not go on straight like an avenue.']",False,S1,The person who vows to make two hundred heaps on the farm: one should pay attention to how he walks.,Both the Ẹ̀gbá and the Ẹ̀sà people know that Láfì is like the chameleon; the whole world knows Tẹlmú as a thief.,Days do not go on straight like an avenue.,It is what one wishes to keep a secret that one does in private.,D
YOR2232,Yoruba,Bàbá laláàbò; ìyá lonírànwọ́; orogún nikú,A father is a protector; a mother is a helper; a co-wife is death.,A father is a protector; a mother is a helper; a co-wife is death.,"['A home one is able to enter only after one has slapped someone in the ears: sooner or later one will have to slap someone in the ears in order to get out of it.', 'One does not treat one’s own sore and yet cry from the pain.', 'The moon does not know which yard be longs to a poor man; if it reaches a wealthy man’s abode, it will reach mine also.']",False,S1,A father is a protector; a mother is a helper; a co-wife is death.,A home one is able to enter only after one has slapped someone in the ears: sooner or later one will have to slap someone in the ears in order to get out of it.,One does not treat one’s own sore and yet cry from the pain.,"The moon does not know which yard be longs to a poor man; if it reaches a wealthy man’s abode, it will reach mine also.",A
YOR1583,Yoruba,"Asárélówó ḿbẹ lọ́nà ogun; Apọ̀ṣẹ̀ṣẹ̀ m̀bẹ lọ́nà èrò; Bó-pẹ́-títí-ng-ó-lá ḿbẹlábà, ó ńjẹ ẹ̀sun iṣu.","He-who-hurries-after-riches is on his way to battle; He-who-has-in-abundance is off on his travels; By-and-by-‘‘I-will-be-rich’’ is back in his hut, eating roasted yams.","He-who-hurries-after-riches is on his way to battle; He-who-has-in-abundance is off on his travels; By-and-by-‘‘I-will-be-rich’’ is back in his hut, eating roasted yams.","['If the snare does not kill the rat, it returns the kernel bait to the owner.', 'He-who-carries-a-hunting-bag-but-does not-hunt: enemy alike of man and beast.', 'Days do not go on straight like an avenue.']",False,S1,Days do not go on straight like an avenue.,"He-who-hurries-after-riches is on his way to battle; He-who-has-in-abundance is off on his travels; By-and-by-‘‘I-will-be-rich’’ is back in his hut, eating roasted yams.","If the snare does not kill the rat, it returns the kernel bait to the owner.",He-who-carries-a-hunting-bag-but-does not-hunt: enemy alike of man and beast.,B
YOR3430,Yoruba,Òṣùpá ò mòde òtòṣì; bó bá délé ọlọ́rọ̀ á dé tèmi.,"The moon does not know which yard be longs to a poor man; if it reaches a wealthy man’s abode, it will reach mine also.","The moon does not know which yard be longs to a poor man; if it reaches a wealthy man’s abode, it will reach mine also.","['One does not carry debt around one’s neck and live like a dandy.', 'A thief does not hear his name and stand in place.', 'Anger [is the] father of hopelessness.']",False,S1,A thief does not hear his name and stand in place.,Anger [is the] father of hopelessness.,"The moon does not know which yard be longs to a poor man; if it reaches a wealthy man’s abode, it will reach mine also.",One does not carry debt around one’s neck and live like a dandy.,C
YOR3039,Yoruba,"À ńjọ- rìn, a kò mọ orí olówó.","Though we might travel as a group, we do not know who is destined to prosper.","Though we might travel as a group, we do not know who is destined to prosper.","['A home one is able to enter only after one has slapped someone in the ears: sooner or later one will have to slap someone in the ears in order to get out of it.', 'One does not get to Death’s home and fail to find heads; if one does not find fresh ones, one will find dry ones.', 'What does a bald man want in the stall of the barber?']",False,S1,A home one is able to enter only after one has slapped someone in the ears: sooner or later one will have to slap someone in the ears in order to get out of it.,"One does not get to Death’s home and fail to find heads; if one does not find fresh ones, one will find dry ones.",What does a bald man want in the stall of the barber?,"Though we might travel as a group, we do not know who is destined to prosper.",D
YOR0282,Yoruba,Ẹni à ńgbé gẹ̀gẹ̀ ni yó ba àrà rẹ̀ jẹ.,It is the person who is revered that will disgrace himself or herself.,It is the person who is revered that will disgrace himself or herself.,"['The industrious person is the enemy of the shiftless person.', 'The younger person does not give the older person history lectures.', 'It is only because one loves spinach that one calls it a friend of corn loaf; what the dandy has at home is enough food for him or her.']",False,S1,It is the person who is revered that will disgrace himself or herself.,The industrious person is the enemy of the shiftless person.,The younger person does not give the older person history lectures.,It is only because one loves spinach that one calls it a friend of corn loaf; what the dandy has at home is enough food for him or her.,A
YOR3313,Yoruba,Ọ̀já kan ò dàbí já òróòro; òkè kan ò dàbí Òkèe Gbadi; ọmú kan ò dùn bí ọmú ìyá ẹni.,No sash compares with the red sash; no hill compares with Gbadi Hill; no breast milk is as delicious as one’s mother’s breast milk.,No sash compares with the red sash; no hill compares with Gbadi Hill; no breast milk is as delicious as one’s mother’s breast milk.,"['A home one is able to enter only after one has slapped someone in the ears: sooner or later one will have to slap someone in the ears in order to get out of it.', 'The stew having cooled, one hollows one’s palm to eat it.', 'Days do not go on straight like an avenue.']",False,S1,Days do not go on straight like an avenue.,No sash compares with the red sash; no hill compares with Gbadi Hill; no breast milk is as delicious as one’s mother’s breast milk.,A home one is able to enter only after one has slapped someone in the ears: sooner or later one will have to slap someone in the ears in order to get out of it.,"The stew having cooled, one hollows one’s palm to eat it.",B
YOR0761,Yoruba,Ìbínú baba òṣì.,Anger [is the] father of hopelessness.,Anger [is the] father of hopelessness.,"['One does not carry debt around one’s neck and live like a dandy.', 'The sheep does not change its clothing from year to year.', 'A home one is able to enter only after one has slapped someone in the ears: sooner or later one will have to slap someone in the ears in order to get out of it.']",False,S1,The sheep does not change its clothing from year to year.,A home one is able to enter only after one has slapped someone in the ears: sooner or later one will have to slap someone in the ears in order to get out of it.,Anger [is the] father of hopelessness.,One does not carry debt around one’s neck and live like a dandy.,C
YOR1731,Yoruba,"Wọ́n ní kárúgbó gba ọmọ pọ̀n, ó ní ṣe bí wọ́n mọ̀ pé òun ò léhín; wọ́n ní kó pa ọmọ jẹ ni? ","The old woman is asked to carry a child on her back, and she says but they know she has no teeth; was she asked to eat the child? ","The old woman is asked to carry a child on her back, and she says but they know she has no teeth; was she asked to eat the child? ","['The sheep does not change its clothing from year to year.', 'He-who-hurries-after-riches is on his way to battle; He-who-has-in-abundance is off on his travels; By-and-by-‘‘I-will-be-rich’’ is back in his hut, eating roasted yams.', 'One inherits from one’s front, and one sets an example at one’s back.']",False,S1,The sheep does not change its clothing from year to year.,"He-who-hurries-after-riches is on his way to battle; He-who-has-in-abundance is off on his travels; By-and-by-‘‘I-will-be-rich’’ is back in his hut, eating roasted yams.","One inherits from one’s front, and one sets an example at one’s back.","The old woman is asked to carry a child on her back, and she says but they know she has no teeth; was she asked to eat the child?",D
YOR1250,Yoruba,Fífẹ́ la fẹ́ ẹ̀fọ́ tí à ńpè-é ní ọ̀rẹ́ ẹ̀kọ; ti ilé ogè-é tó ogè-é jẹ.,It is only because one loves spinach that one calls it a friend of corn loaf; what the dandy has at home is enough food for him or her.,It is only because one loves spinach that one calls it a friend of corn loaf; what the dandy has at home is enough food for him or her.,"['The stew having cooled, one hollows one’s palm to eat it.', 'The person being lent a hand does not malinger; one whom Providence favors is not easily disgraced.', 'The moon does not know which yard be longs to a poor man; if it reaches a wealthy man’s abode, it will reach mine also.']",False,S1,It is only because one loves spinach that one calls it a friend of corn loaf; what the dandy has at home is enough food for him or her.,"The stew having cooled, one hollows one’s palm to eat it.",The person being lent a hand does not malinger; one whom Providence favors is not easily disgraced.,"The moon does not know which yard be longs to a poor man; if it reaches a wealthy man’s abode, it will reach mine also.",A
YOR0174,Yoruba,Àrífín ilé ó jọkà jẹ òròmọ adìẹ.,Fear of losing face within one’s home dis suades one from eating day-old chicks.,Fear of losing face within one’s home dis suades one from eating day-old chicks.,"['A home one is able to enter only after one has slapped someone in the ears: sooner or later one will have to slap someone in the ears in order to get out of it.', 'One inherits from one’s front, and one sets an example at one’s back.', 'A child who shits on the path brings down curses on its mother. B']",False,S1,A child who shits on the path brings down curses on its mother. B,Fear of losing face within one’s home dis suades one from eating day-old chicks.,A home one is able to enter only after one has slapped someone in the ears: sooner or later one will have to slap someone in the ears in order to get out of it.,"One inherits from one’s front, and one sets an example at one’s back.",B
YOR3670,Yoruba,"Àparò, aṣọ-ọ̀ rẹ́ ṣe pọ́n báyìí? O ní ìgbà wo ni aṣọ òun ò níí pọ́n?  Ọ̀sán jíjẹ, òru sísùn, oúnjẹ̀ ò ṣéé fi sílẹ̀ lọ́sàn-án; orun ò ṣéé fi sílẹ̀ lóru.","Partridge, how come your dress is so red [dirty]? He said, how would his dress not be red [dirty]? In the afternoon grubbing for food, at night sleeping: one cannot leave off food in the afternoon, and one cannot leave off sleep at night.","Partridge, how come your dress is so red [dirty]? He said, how would his dress not be red [dirty]? In the afternoon grubbing for food, at night sleeping: one cannot leave off food in the afternoon, and one cannot leave off sleep at night.","['Anger [is the] father of hopelessness.', 'No sash compares with the red sash; no hill compares with Gbadi Hill; no breast milk is as delicious as one’s mother’s breast milk.', 'If we do not meet up on high, we will meet down below.']",False,S1,No sash compares with the red sash; no hill compares with Gbadi Hill; no breast milk is as delicious as one’s mother’s breast milk.,"If we do not meet up on high, we will meet down below.","Partridge, how come your dress is so red [dirty]? He said, how would his dress not be red [dirty]? In the afternoon grubbing for food, at night sleeping: one cannot leave off food in the afternoon, and one cannot leave off sleep at night.",Anger [is the] father of hopelessness.,C
YOR3579,Yoruba,"A kì í dé ilé ikú ká fóhórí kù; bí a ò bá tútù, a ó bàá gbígbẹ.","One does not get to Death’s home and fail to find heads; if one does not find fresh ones, one will find dry ones.","One does not get to Death’s home and fail to find heads; if one does not find fresh ones, one will find dry ones.","['The person being lent a hand does not malinger; one whom Providence favors is not easily disgraced.', 'If one cannot throw a Nupe man in a wrestling match, he should not throw one.', 'The filthy person destroys the appeal of a style of clothing.']",False,S1,The person being lent a hand does not malinger; one whom Providence favors is not easily disgraced.,"If one cannot throw a Nupe man in a wrestling match, he should not throw one.",The filthy person destroys the appeal of a style of clothing.,"One does not get to Death’s home and fail to find heads; if one does not find fresh ones, one will find dry ones.",D
YOR1139,Yoruba,Apárí ní ńfojú di abẹ.,It is a bald person who may be disdainful of the razor.,It is a bald person who may be disdainful of the razor.,"['One does not carry debt around one’s neck and live like a dandy.', 'A father is a protector; a mother is a helper; a co-wife is death.', 'The moon does not know which yard be longs to a poor man; if it reaches a wealthy man’s abode, it will reach mine also.']",False,S1,It is a bald person who may be disdainful of the razor.,One does not carry debt around one’s neck and live like a dandy.,A father is a protector; a mother is a helper; a co-wife is death.,"The moon does not know which yard be longs to a poor man; if it reaches a wealthy man’s abode, it will reach mine also.",A
YOR3887,Yoruba,"Ẹni tí yó kọ igba lóko, ìrìn ẹsẹ́-ẹ rẹ̀ là ńwò.",The person who vows to make two hundred heaps on the farm: one should pay attention to how he walks.,The person who vows to make two hundred heaps on the farm: one should pay attention to how he walks.,"['The stew having cooled, one hollows one’s palm to eat it.', 'If we do not meet up on high, we will meet down below.', 'The boat is leaking, the boat is leaking! After it sinks, won’t matters end?']",False,S1,"The boat is leaking, the boat is leaking! After it sinks, won’t matters end?",The person who vows to make two hundred heaps on the farm: one should pay attention to how he walks.,"The stew having cooled, one hollows one’s palm to eat it.","If we do not meet up on high, we will meet down below.",B
YOR1776,Yoruba,Ìyàwó jẹ ọkà jẹ igbá.,The wife ate the yam-flour meal and ate the calabash with it.,The wife ate the yam-flour meal and ate the calabash with it.,"['""This matter does not hurt me"": stating it only once suffices.', 'The moon does not know which yard be longs to a poor man; if it reaches a wealthy man’s abode, it will reach mine also.', 'One does not get to Death’s home and fail to find heads; if one does not find fresh ones, one will find dry ones.']",False,S1,"The moon does not know which yard be longs to a poor man; if it reaches a wealthy man’s abode, it will reach mine also.","One does not get to Death’s home and fail to find heads; if one does not find fresh ones, one will find dry ones.",The wife ate the yam-flour meal and ate the calabash with it.,"""This matter does not hurt me"": stating it only once suffices.",C
YOR0204,Yoruba,"Bí a kò bá lè dá Tápà, Tápà kì í dáni.","If one cannot throw a Nupe man in a wrestling match, he should not throw one.","If one cannot throw a Nupe man in a wrestling match, he should not throw one.","['It is only because one loves spinach that one calls it a friend of corn loaf; what the dandy has at home is enough food for him or her.', 'One does not carry debt around one’s neck and live like a dandy.', 'It is with both its eyes and its feathers that the partridge sees.']",False,S1,It is only because one loves spinach that one calls it a friend of corn loaf; what the dandy has at home is enough food for him or her.,One does not carry debt around one’s neck and live like a dandy.,It is with both its eyes and its feathers that the partridge sees.,"If one cannot throw a Nupe man in a wrestling match, he should not throw one.",D
YOR2401,Yoruba,"Bí a kò bá pàdé lókè, a ó pàdé lódò.","If we do not meet up on high, we will meet down below.","If we do not meet up on high, we will meet down below.","['One should first chase the jackal away before reprimanding the chicken.', 'The sheep does not change its clothing from year to year.', 'Water is the first thing one’s foot encounters before it encounters the sand.']",False,S1,"If we do not meet up on high, we will meet down below.",One should first chase the jackal away before reprimanding the chicken.,The sheep does not change its clothing from year to year.,Water is the first thing one’s foot encounters before it encounters the sand.,A
YOR1873,Yoruba,Olè kì í gbọ́ orúkọ ẹ̀ kó dúró.,A thief does not hear his name and stand in place.,A thief does not hear his name and stand in place.,"['Water is the first thing one’s foot encounters before it encounters the sand.', 'The boat is leaking, the boat is leaking! After it sinks, won’t matters end?', 'What does a bald man want in the stall of the barber?']",False,S1,What does a bald man want in the stall of the barber?,A thief does not hear his name and stand in place.,Water is the first thing one’s foot encounters before it encounters the sand.,"The boat is leaking, the boat is leaking! After it sinks, won’t matters end?",B
YOR0996,Yoruba,"Ọkọ̀ ńjò, ọkọ̀ ńjò! Ìgbà tó bá rì, kò parí ná?","The boat is leaking, the boat is leaking! After it sinks, won’t matters end?","The boat is leaking, the boat is leaking! After it sinks, won’t matters end?","['It is the person who is revered that will disgrace himself or herself.', 'If the snare does not kill the rat, it returns the kernel bait to the owner.', 'It is a bald person who may be disdainful of the razor.']",False,S1,"If the snare does not kill the rat, it returns the kernel bait to the owner.",It is a bald person who may be disdainful of the razor.,"The boat is leaking, the boat is leaking! After it sinks, won’t matters end?",It is the person who is revered that will disgrace himself or herself.,C
YOR1495,Yoruba,Ọmọ tó káwọ́ sókè ló fẹ́ ká gbé òun.,It is the child who raises its arms that induces people to lift it.,It is the child who raises its arms that induces people to lift it.,"['One does not carry debt around one’s neck and live like a dandy.', 'Anger [is the] father of hopelessness.', 'The lump that attacks the head is shamed, the boil is shamed, and the hardened tissue on the buttocks is shamed also.']",False,S1,One does not carry debt around one’s neck and live like a dandy.,Anger [is the] father of hopelessness.,"The lump that attacks the head is shamed, the boil is shamed, and the hardened tissue on the buttocks is shamed also.",It is the child who raises its arms that induces people to lift it.,D
YOR2834,Yoruba,"Ìyà mẹ́ta a-fàdá-pa-ikún: ikún lọ, àdá nù, aládàá ní òun ó gba àdá òun.","Three misfortunes that befell the person who would kill a squirrel with a cutlass: the squirrel escaped, the cutlass was lost, and the owner of the cutlass demanded its return.","Three misfortunes that befell the person who would kill a squirrel with a cutlass: the squirrel escaped, the cutlass was lost, and the owner of the cutlass demanded its return.","['It is with both its eyes and its feathers that the partridge sees.', 'The younger person does not give the older person history lectures.', 'He-who-hurries-after-riches is on his way to battle; He-who-has-in-abundance is off on his travels; By-and-by-‘‘I-will-be-rich’’ is back in his hut, eating roasted yams.']",False,S1,"Three misfortunes that befell the person who would kill a squirrel with a cutlass: the squirrel escaped, the cutlass was lost, and the owner of the cutlass demanded its return.",It is with both its eyes and its feathers that the partridge sees.,The younger person does not give the older person history lectures.,"He-who-hurries-after-riches is on his way to battle; He-who-has-in-abundance is off on his travels; By-and-by-‘‘I-will-be-rich’’ is back in his hut, eating roasted yams.",A
YOR2677,Yoruba,Àgùntàn ò pa aṣọ èṣí dà.,The sheep does not change its clothing from year to year.,The sheep does not change its clothing from year to year.,"['A father is a protector; a mother is a helper; a co-wife is death.', 'The person being lent a hand does not malinger; one whom Providence favors is not easily disgraced.', 'It is the person who is revered that will disgrace himself or herself.']",False,S1,It is the person who is revered that will disgrace himself or herself.,The sheep does not change its clothing from year to year.,A father is a protector; a mother is a helper; a co-wife is death.,The person being lent a hand does not malinger; one whom Providence favors is not easily disgraced.,B
YOR0827,Yoruba,Kí á lé akátá jìnnà ká tó bá adìẹ wí.,One should first chase the jackal away before reprimanding the chicken.,One should first chase the jackal away before reprimanding the chicken.,"['One inherits from one’s front, and one sets an example at one’s back.', 'It is the child who raises its arms that induces people to lift it.', 'Both the Ẹ̀gbá and the Ẹ̀sà people know that Láfì is like the chameleon; the whole world knows Tẹlmú as a thief. ']",False,S1,It is the child who raises its arms that induces people to lift it.,Both the Ẹ̀gbá and the Ẹ̀sà people know that Láfì is like the chameleon; the whole world knows Tẹlmú as a thief.,One should first chase the jackal away before reprimanding the chicken.,"One inherits from one’s front, and one sets an example at one’s back.",C
YOR0033,Yoruba,A kì í mọ́ egbò fúnra ẹni ká sunkún.,One does not treat one’s own sore and yet cry from the pain.,One does not treat one’s own sore and yet cry from the pain.,"['Partridge, how come your dress is so red [dirty]? He said, how would his dress not be red [dirty]? In the afternoon grubbing for food, at night sleeping: one cannot leave off food in the afternoon, and one cannot leave off sleep at night.', 'The forest knows no fear, and neither does the river know fear; the grindstone never shows fear in the face of pepper.', 'A child who shits on the path brings down curses on its mother. B']",False,S1,"Partridge, how come your dress is so red [dirty]? He said, how would his dress not be red [dirty]? In the afternoon grubbing for food, at night sleeping: one cannot leave off food in the afternoon, and one cannot leave off sleep at night.","The forest knows no fear, and neither does the river know fear; the grindstone never shows fear in the face of pepper.",A child who shits on the path brings down curses on its mother. B,One does not treat one’s own sore and yet cry from the pain.,D
YOR0072,Yoruba,Àbúrò kì í pa ẹ̀gbọ́n nítàn.,The younger person does not give the older person history lectures.,The younger person does not give the older person history lectures.,"['The stew having cooled, one hollows one’s palm to eat it.', 'He-who-hurries-after-riches is on his way to battle; He-who-has-in-abundance is off on his travels; By-and-by-‘‘I-will-be-rich’’ is back in his hut, eating roasted yams.', 'The moon does not know which yard be longs to a poor man; if it reaches a wealthy man’s abode, it will reach mine also.']",False,S1,The younger person does not give the older person history lectures.,"The stew having cooled, one hollows one’s palm to eat it.","He-who-hurries-after-riches is on his way to battle; He-who-has-in-abundance is off on his travels; By-and-by-‘‘I-will-be-rich’’ is back in his hut, eating roasted yams.","The moon does not know which yard be longs to a poor man; if it reaches a wealthy man’s abode, it will reach mine also.",A
YOR4139,Yoruba,Òjò pa gbòdògì ró wọ̀rọ̀-wọ̀rọ̀,"The rain pounds the gbòdògì, producing a loud noise.","The rain pounds the gbòdògì, producing a loud noise.","['If one lacks money, one should have people; if one lacks people, one should be pleasant in one’s speech.', 'It is what one wishes to keep a secret that one does in private.', 'The person being lent a hand does not malinger; one whom Providence favors is not easily disgraced.']",False,S1,The person being lent a hand does not malinger; one whom Providence favors is not easily disgraced.,"The rain pounds the gbòdògì, producing a loud noise.","If one lacks money, one should have people; if one lacks people, one should be pleasant in one’s speech.",It is what one wishes to keep a secret that one does in private.,B
