task,strategy,lang,source_proverb,correct_text,correct_answer,reasoning,Choice_A,Choice_B,Choice_C,Choice_D
a,cot_xl,English,No man can serve two masters,No man can serve two masters,C,Regex Parse,No individual can serve two overlords.,A man cannot serve two commanders.,No man can serve two masters,No person can serve two lords.
a,cot_xl,English,Never test the depth of water with both feet,Never test the depth of water with both feet,B,Regex Parse,Don't jump into the unknown without feeling the waters first.,Never test the depth of water with both feet,It's unwise to plunge headfirst into unknown depths without assessing the risk.,Don't measure the waters before you've taken a step forward.
a,cot_xl,English,Count your chickens before they are hatched,Count your chickens before they are hatched,D,Regex Parse,Count your chickens before they're hatched,Don't count your chickens until they hatch,Count your chickens after they hatch,Count your chickens before they are hatched
a,cot_xl,English,"Translators, traitors","Translators, traitors",B,Regex Parse,"Translators, trespassers","Translators, traitors","Translators, transgressors","Translators, transcribers"
a,cot_xl,English,Rain on someone's parade.,Rain on someone's parade.,B,Regex Parse,Pour cold water on their celebration,Rain on someone's parade.,Dampen someone's festivities,Spoil the main event
a,cot_xl,English,Marriage makes or mars a man,Marriage makes or mars a man,A,Regex Parse,Marriage makes or mars a man,Marriage makes or mars a man's identity.,Marriage makes or mars a man's legacy.,Marriage makes or mars a man's future.
a,cot_xl,English,God tempers the wind to the shorn lamb.,God tempers the wind to the shorn lamb.,A,Regex Parse,God tempers the wind to the shorn lamb.,God calms the gust for the weak lamb.,God softens the storm for the harmless lamb.,God soothes the gale for the defenseless lamb.
a,cot_xl,English,"If you can't beat 'em, join 'em","If you can't beat 'em, join 'em",A,Regex Parse,"If you can't beat 'em, join 'em","If you can't join 'em together, beat 'em","If you can't beat the system, join it","If you can't join them, beat 'em"
a,cot_xl,English,There's small choice in rotten apples,There's small choice in rotten apples,D,Regex Parse,There's little choice in bad apples,Not much option in overripe apples,You have small pickings in rotting apples,There's small choice in rotten apples
a,cot_xl,English,"He is unworthy to live, who lives only for himself","He is unworthy to live, who lives only for himself",A,Regex Parse,"He is unworthy to live, who lives only for himself",A person who lives solely for his own benefit is unworthy to exist.,A life lived solely to serve one's own interests is not worth living.,"He is not worthy of life, who dedicates himself solely to personal gain."
a,cot_xl,English,"Wise men learn by other men’s mistakes, fools by their own","Wise men learn by other men’s mistakes, fools by their own",A,"The proverb highlights the difference in learning styles between wise and foolish individuals. Wise men are said to learn from others' mistakes, indicating a more reflective and cautious approach, whereas fools learn from their own mistakes, suggesting a lack of self-awareness and impulsivity. To create distractors that are indistinguishable from the correct answer, I will maintain the same word count, grammatical complexity, tone, and lexical overlap. I will also aim to create distractors that are equally plausible and coherent.","Wise men learn by other men’s mistakes, fools by their own","Wise men acquire knowledge from other people's mistakes, while fools stumble into ignorance.","Wise men learn from others' errors, fools from their own blunders.","Wise men profit from the missteps of others, whereas foolish individuals suffer from their own reckless decisions."
a,cot_xl,English,Love is without reason,Love is without reason,C,Regex Parse,Love transcends reason,Love operates independently of reason,Love is without reason,Love remains unfettered by reason
a,cot_xl,English,Every law has a loophole,Every law has a loophole,C,"There is no variation in the given proverb. In this case, the correct answer is the same as the proverb itself. To generate distractors, I will make slight modifications to the original statement. I will ensure each distractor has a word count within +/- 10% of the correct answer (10 words), complexity, tone, and lexical overlap.",No law is without a hidden weakness.,Each law has an unseen exception.,Every law has a loophole,Every law contains a concealed vulnerability.
a,cot_xl,English,People who live in glass houses should not throw stones.,People who live in glass houses should not throw stones.,C,Regex Parse,People who occupy glass abodes should not engage in stone-throwing activities.,Those who call glass houses home should avoid casting stones.,People who live in glass houses should not throw stones.,Those who reside in glass dwellings should refrain from launching projectiles.
a,cot_xl,English,"While there is life, there is hope","While there is life, there is hope",A,"The proverb 'While there is life, there is hope' is a well-known English idiom that suggests that as long as one is alive, there is always a chance for improvement or a better outcome. To create distractors, we need to maintain the same level of complexity, formality, and word count. We will use keywords like 'life' and 'hope' to create distractors that are indistinguishable from the correct answer.","While there is life, there is hope","Until the final moment of mortality, the essence of hope persists","As long as a living being remains, a glimmer of hope emerges","While existence prevails, there is always optimism"
a,cot_xl,English,"A prophet is not without honor, save in his own country","A prophet is not without honor, save in his own country",B,Regex Parse,"A diviner is not without glory, save in his own community.","A prophet is not without honor, save in his own country","A visionary is not without esteem, save in his own village.","A seer is not without praise, save in his own homeland."
a,cot_xl,English,He who wills the end wills the means,He who wills the end wills the means,A,Parse Failed,He who wills the end wills the means,API Failure C,API Failure A,API Failure B
a,cot_xl,English,Be just before you are generous,Be just before you are generous,B,Regex Parse,Be fair before you give generously to others.,Be just before you are generous,"To be generous, always be just before.",Justice precedes generosity in all cases.
a,cot_xl,English,Burning the midnight oil,Burning the midnight oil,A,Regex Parse,Burning the midnight oil,Midnight oil fuels the fire,Working through the late night hours,Fueling the flame with midnight oil supplies
a,cot_xl,English,When the cat's away the mice will play.,When the cat's away the mice will play.,D,"The correct answer is a direct translation of the given proverb. To create distractors, we need to maintain the same word count, grammatical complexity, tone, and lexical overlap. Since the proverb is already in a common English idiom, creating a distractor that is not a translation but still meets the requirements is challenging.",When the cat's present the mice will work,When the cat's around the mice will frolic,When the cat's in sight the mice will play,When the cat's away the mice will play.
a,cot_xl,English,Fake it until you make it,Fake it until you make it,A,"The proverb 'Fake it until you make it' implies that one should initially pretend to possess skills or confidence to gain trust and eventually achieve success. The correct answer accurately conveys this idea. To create distractors, I will maintain the same word count, grammatical complexity, tone, and metaphor presence, while incorporating keywords from the proverb to make them indistinguishable from the correct answer.",Fake it until you make it,Pose as an expert until you gain the experience,Act confident until you become successful,Pretend to succeed until you actually make it
a,cot_xl,English,Power corrupts,Power corrupts,D,"The correct answer is a direct translation of the proverb. The distractors should be phrases that are grammatically and tonally similar but do not convey the same meaning. Given the proverb's simplicity, the distractors will also be simple phrases.",Power is a corrupting influence,Power can have a corrupting effect,Corruption is a result of power,Power corrupts
a,cot_xl,English,Don’t throw the baby out with the bathwater,Don’t throw the baby out with the bathwater,D,Regex Parse,Don't discard the baby when you're cleaning out the old bathwater.,Don't let the baby get swept away with the dirty bathwater.,Don't mix the baby with the bathwater in the process of cleaning.,Don’t throw the baby out with the bathwater
a,cot_xl,English,Fortune favors the brave.,Fortune favors the brave.,D,Regex Parse,Wealth rewards the courageous,Destiny favors the fearless,Luck supports the bold,Fortune favors the brave.
a,cot_xl,English,Never go to bed on an argument,Never go to bed on an argument,A,Regex Parse,Never go to bed on an argument,Never go to rest with an unresolved conflict,Never retire with an unaddressed issue,Do not retire for the night with unresolved disagreement
a,cot_xl,English,From the sublime to the ridiculous is but a step,From the sublime to the ridiculous is but a step,C,Regex Parse,One step separates the sublime from the preposterous.,"From grandeur to ridiculousness, a single step away.",From the sublime to the ridiculous is but a step,A step from the sublime to absurdity.
a,cot_xl,English,Saved by the bell.,Saved by the bell.,D,Regex Parse,Saved at the last,Saved by chance,Saved by good fortune,Saved by the bell.
a,cot_xl,English,One swallow does not make a summer,One swallow does not make a summer,C,"This proverb suggests that a single event or occurrence does not necessarily indicate a larger trend or pattern. It emphasizes the importance of considering multiple instances or evidence before making a conclusion. I will generate distractors that have similar word count, complexity, tone, and lexical overlap to create a challenging evaluation task.","A single swallow cannot guarantee a long, warm summer.",One swallow does not signify an entire year of pleasant weather.,One swallow does not make a summer,One swallow does not define an entire season.
a,cot_xl,English,Accidents will happen,Accidents will happen,A,"This correct answer is a straightforward translation of the proverb, maintaining its original phraseology. The reasoning is limited to ensuring the exact replication of the given proverb.",Accidents will happen,A unforeseen events will occur,A calamities will happen,A mishaps will occur
a,cot_xl,English,"If you're not paying, you're the product","If you're not paying, you're the product",C,Regex Parse,"If you're not compensating, you're the commodity.","If you're not contributing, you're the product.","If you're not paying, you're the product","If you're not paying, you're the asset."
a,cot_xl,English,Might is right.,Might is right.,B,Regex Parse,Power is justified.,Might is right.,Strength is law.,Might makes right.
a,cot_xl,English,Liars need good memories.,Liars need good memories.,A,"The proverb 'Liars need good memories' suggests that individuals who frequently engage in dishonest behavior must have a strong recollection of the details surrounding their lies in order to maintain consistency and avoid detection. The correct answer directly states this idea, providing a straightforward translation of the proverb.",Liars need good memories.,"To maintain credibility, dishonest individuals require strong memory skills.",People who deceive often possess excellent recall.,Those who tell falsehoods generally have good memories for details.
a,cot_xl,English,Love lives in cottages as well as in courts,Love lives in cottages as well as in courts,B,Regex Parse,Love dwells in small dwellings as well as in grand estates.,Love lives in cottages as well as in courts,Love abounds in cottage homes just as in regal chambers.,Love resides in humble abodes as well as in halls.
a,cot_xl,English,Rather death than shame,Rather death than shame,D,Regex Parse,Death is worse than shame,Better death than public shame,Death before a life of shame,Rather death than shame
a,cot_xl,English,Everybody loves a winner,Everybody loves a winner,B,Regex Parse,Everybody admires a champion,Everybody loves a winner,People have a natural affinity for triumphant individuals,The general public tends to have a soft spot for victors
a,cot_xl,English,Speak softly and carry a big stick,Speak softly and carry a big stick,A,Regex Parse,Speak softly and carry a big stick,Carry a big heart and speak loudly,Speak loudly and carry a small drum,Carry a big stone and speak firmly
a,cot_xl,English,Forbidden fruit is the sweetest.,Forbidden fruit is the sweetest.,B,Regex Parse,Forbidden fruit tastes the sweetest always.,Forbidden fruit is the sweetest.,Forbidden fruit is the most sweet.,The forbidden fruit tastes the sweetest.
a,cot_xl,English,The gods send nuts to those who have no teeth,The gods send nuts to those who have no teeth,C,Regex Parse,The gods give gifts to the toothless ones.,The gods provide food to those with no jaw.,The gods send nuts to those who have no teeth,The gods send fruit to those without bite.
a,cot_xl,English,You can have too much of a good thing,You can have too much of a good thing,B,Regex Parse,You can have too much goodness,You can have too much of a good thing,Having too much of something good is bad,You can have too much in a good way
a,cot_xl,English,Pity is akin to love.,Pity is akin to love.,D,"The proverb states that pity is similar to love in its nature. This comparison suggests that pity has a strong emotional component, which is a key aspect of love. The statement is straightforward and lacks complexity, making it difficult to generate distractors that match the tone and complexity while being distinct in meaning.",Pity is similar to love in many ways.,"Pity is a form of love, but not always acknowledged as such.",Love is often mistaken for pity.,Pity is akin to love.
a,cot_xl,English,Stolen fruit is sweet,Stolen fruit is sweet,C,"The proverb suggests that something gained illicitly can be more appealing or desirable due to its forbidden nature. The correct answer maintains the same structure and word count as the proverb, making it a direct representation of the idea. The distractors will aim to preserve this essence while altering the wording.",Pilfered goods are irresistible,Acquired by stealth is more alluring,Stolen fruit is sweet,Illicit gains taste sweeter
a,cot_xl,English,The bane of my life,The bane of my life,D,Regex Parse,A perpetual source of woe,A constant thorn in my side,The source of endless strife,The bane of my life
a,cot_xl,English,Prosperity makes friends; adversity tries them,Prosperity makes friends; adversity tries them,A,Regex Parse,Prosperity makes friends; adversity tries them,Riches create companions; hardship reveals them,Wealth builds friendships; hardship tests them,Affluence attracts friends; adversity unmasks them
a,cot_xl,English,ounce of discretion is worth a pound of wit.,ounce of discretion is worth a pound of wit.,A,Regex Parse,ounce of discretion is worth a pound of wit.,A pound of prudence is worth an ounce of cleverness.,A single pound of wisdom is worth an ounce of cleverness.,A single ounce of caution is equivalent to a pound of intelligence.
a,cot_xl,English,He that is not with me is against me,He that is not with me is against me,A,"The proverb is a direct quote from the Bible (Matthew 12:30) and has a specific, direct meaning. To create distractors, I will use the same grammatical structure and tone while replacing some words to create different phrases that still fit within the context of the original proverb.",He that is not with me is against me,He who is not on my side is against me,He that does not stand with me is against me,He that does not support me is against me
a,cot_xl,English,Rome was not built in a day.,Rome was not built in a day.,A,"The proverb 'Rome was not built in a day' conveys the idea that complex tasks or projects take time to complete. To generate distractors, we need to preserve the word count, grammatical complexity, tone, and metaphor presence while using keywords from the proverb. The correct answer has 6 words. We will aim for distractors within 6 +/- 10% (5.4 to 6.6 words).",Rome was not built in a day.,Rome was not built overnight.,Rome wasn't built in just a day.,Rome wasn't constructed in one day.
a,cot_xl,English,Necessity knows no law,Necessity knows no law,D,Regex Parse,Necessity disregards the lawbook,Necessity breaks every regulation.,Necessity ignores all rules.,Necessity knows no law
a,cot_xl,English,Every horse thinks its own pack is heaviest,Every horse thinks its own pack is heaviest,A,"The proverb suggests that individuals tend to perceive their own problems or burdens as more significant than those faced by others. This is a common phenomenon where people overestimate the weight of their own issues, while underestimating those of others. To generate distractors that are indistinguishable from the correct answer, we need to maintain the same word count, grammatical complexity, tone, and lexical overlap. The correct answer has 7 words, so the distractors should be within 7 +/- 10% word count (6.3 to 7.7 words).",Every horse thinks its own pack is heaviest,Every horse believes its own load is heaviest,Every horse thinks its own burden is heaviest,Every horse thinks its own load is heaviest
a,cot_xl,English,{Costs an arm and a leg},{Costs an arm and a leg},A,Regex Parse,{Costs an arm and a leg},Priced to the bone,Money pits,Broke the bank
a,cot_xl,English,Call no man happy till he is dead,Call no man happy till he is dead,B,Regex Parse,It is unwise to deem a person contented until they have reached their final rest.,Call no man happy till he is dead,No one should be regarded as joyful until the day of their demise.,Do not label a person fortunate until their passing has occurred.
a,cot_xl,Yoruba,"Bí a kò lówó, à léèyàn; bí a kò léèyàn à lóhùn rere lòrun.","If one lacks money, one should have people; if one lacks people, one should be pleasant in one’s speech.",C,Parse Failed,API Failure C,API Failure B,"If one lacks money, one should have people; if one lacks people, one should be pleasant in one’s speech.",API Failure A
a,cot_xl,Yoruba,"A-kápò-má-ṣọdẹ: ọ̀tá ẹranko, ọ̀tá èèyàn.",He-who-carries-a-hunting-bag-but-does not-hunt: enemy alike of man and beast.,B,Regex Parse,He-who-carries-a-water-bag-but-does-not-quench-thirst: enemy alike of human and beast.,He-who-carries-a-hunting-bag-but-does not-hunt: enemy alike of man and beast.,He-who-carries-a-war-hammer-but-does-not-fight: enemy alike of man and tree.,He-who-carries-a-fishing-net-but-does-not-fish: enemy alike of fish and land-dweller.
a,cot_xl,Yoruba,Iwájú la ti ńjogún; ẹ̀hìn la ti ńṣàgbà.,"One inherits from one’s front, and one sets an example at one’s back.",D,"In Yoruba, 'Iwájú' means 'front', 'la ti' means 'one inherits', 'ńjogún' means 'from', 'ẹ̀hìn' means 'back', 'la ti' means 'one sets', and 'ńṣàgbà' means 'an example'. This proverb warns people about the importance of being a good role model, as the actions they take will be emulated by others. It emphasizes the idea that one's 'front' or behavior is what people will inherit, and the 'back' or actions they take will set an example for others to follow.","Èhìn ńjà ẹ̀kọ̀, òsìn ńjà ẹ̀hìn, omo ńjà ẹ̀hìn la ti ńṣàgbà.","Omo ńbá ńjà ẹ̀hìn la ti ńṣàgbà, ẹ̀kọ̀ ńbá ńjà iwájú la ti ńjogún.","Ọ̀rẹ́ ńjà ẹ̀hìn ni omo ńjà, ẹ̀kọ̀ ńjà ẹ̀hìn ni ẹ̀hìn ńjà ńjogún.","One inherits from one’s front, and one sets an example at one’s back."
a,cot_xl,Yoruba,"Ẹ̀rù kì í ba igbó, bẹ́ẹ̀ni kì í ba odò; ẹ̀rù kì í ba ọlọ lójú ata.","The forest knows no fear, and neither does the river know fear; the grindstone never shows fear in the face of pepper.",B,"The proverb Ẹ̀rù kì í ba igbó, bẹ́ẹ̀ni kì í ba odò; ẹ̀rù kì í ba ọlọ lójú ata is a Yoruba saying that means the forest (or wilderness) is fearless, and neither is the river (which represents the ever-changing nature of life), while the grindstone (which represents persistence and endurance) remains unafraid in the face of challenges (represented by pepper).","The forest never knows shame, and neither does the river know shame; the grindstone always shows confidence in the face of spice.","The forest knows no fear, and neither does the river know fear; the grindstone never shows fear in the face of pepper.","The forest knows no sorrow, and neither does the river know sorrow; the grindstone never hides its strength in the presence of herbs.","The forest is fearless of storms, and neither is the river fearful of storms; the grindstone remains calm in the face of hot sauce."
a,cot_xl,Yoruba,"Ilé tí a gbá èèyàn létí wọ̀, bó pe títí a ó gbàá èèyàn létí jáde níbẹ̀.",A home one is able to enter only after one has slapped someone in the ears: sooner or later one will have to slap someone in the ears in order to get out of it.,B,Regex Parse,3. The home you enter with problems will be the same one you will have to deal with when you try to leave it. (16 words),A home one is able to enter only after one has slapped someone in the ears: sooner or later one will have to slap someone in the ears in order to get out of it.,"2. You may not be able to enter a difficult situation without causing problems for someone, and you will have to face similar issues when you leave. (17 words)","1. If you want to get into trouble, you will eventually get into another kind of trouble when you leave. (15 words)"
a,cot_xl,Yoruba,"Ojú ti kókó, ojú ti eéwo; ojú ti aáràgbá ìdí pẹ̀lú.","The lump that attacks the head is shamed, the boil is shamed, and the hardened tissue on the buttocks is shamed also.",A,"This proverb is a Yoruba idiom that conveys shame or accountability for one's actions, regardless of the perpetrator's status or position. The literal translation breaks down as follows: 'ojú ti kókó' refers to a lump or boil on the head, 'ojú ti eéwo' refers to a boil or sore, and 'ojú ti aáràgbá' refers to a hardened tissue or abscess on the buttocks. The phrase 'ìdí pẹ̀lú' means 'also' or 'too.' The proverb is saying that even those in high positions, like the 'lump that attacks the head,' will be held accountable for their actions, just like those in lower positions, like the boil and hardened tissue on the buttocks.","The lump that attacks the head is shamed, the boil is shamed, and the hardened tissue on the buttocks is shamed also.","One's actions are shamed, whether it's a boil that attacks the head or a hard lump on the buttocks, everyone is held accountable.","The boil on the head is shamed, the lump is also shamed, and the hardened buttocks will be exposed too.","Whatever sores or swellings appear on one's body, whether on the head, boil, or hardened tissue, will all be exposed and shamed."
a,cot_xl,Yoruba,"Bí ẹ̀bìtì ò pa eku, a kó ẹyìn fẹ́lẹ́yìn.","If the snare does not kill the rat, it returns the kernel bait to the owner.",A,Parse Failed,"If the snare does not kill the rat, it returns the kernel bait to the owner.",API Failure B,API Failure A,API Failure C
a,cot_xl,Yoruba,Tojú tìyẹ́ làparò-ó fi ńríran.,It is with both its eyes and its feathers that the partridge sees.,A,Regex Parse,It is with both its eyes and its feathers that the partridge sees.,"Làparò-ó fi ńríran sílé, àti orí òkunrín lápò fi ṣe ẹrú.","Tojú tìyẹ́ láparò-ó fi ńríran sílẹ̀, àti èyí tìyẹ́ láparò-ó fi ńríran sílẹ̀","Ojú àti ẹgbẹ́rù lápò fi ṣe ẹrú, òkùnrin lápò fi ṣe ẹrú"
a,cot_xl,Yoruba,"Olórùká gbòrùka, ọwọ́ àwé dòfo.",The owner of the ring has taken back his ring; the fingers of the friend are now empty.,D,"Olórùká gbòrùka ni àwọn tí ọ̀rọ̀ wọ́n ṣe láti wọn, àwọn ẹnu àwé nígbà tí ọ́ wọn dòfo Ọwọ́ àwé dòfo ló wọ́n ṣe, èyí ni gbogbo ẹnu ọwọ́",The owner of the ring takes back what the owner of the ring gives away; empty fingers of the friend now,"The owner of the ring knows what the owner of the ring says is the agreement, the fingers of the friend are now empty when he receives what the owner of the ring gave","The owner of the ring is the one who makes the agreement, fingers of the friend now empty when he takes back what he gave",The owner of the ring has taken back his ring; the fingers of the friend are now empty.
a,cot_xl,Yoruba,Alágbàró ò yege; aláṣọ á gbà á bó dọ̀la.,She who borrows a wrapper skirt to wear is not home free; the owner of the cloth will take it back tomorrow.,A,Regex Parse,She who borrows a wrapper skirt to wear is not home free; the owner of the cloth will take it back tomorrow.,She who borrows a wrapper skirt is not free; the owner's hand will take it back.,"Borrowing a wrapper skirt may give you temporary freedom, but the owner will reclaim it soon enough.","When you borrow a wrapper skirt to wear, you're not home free yet; the real owner will get it tomorrow."
a,cot_xl,Yoruba,Kí ni apárí ńwá ní ìṣọ̀ onígbàjámọ̀?,What does a bald man want in the stall of the barber?,A,Regex Parse,What does a bald man want in the stall of the barber?,What does a man who is already shaven want in the barber's chair?,A man with a shaved head has no business in the barber shop.,Why would a bald person visit a barber for a haircut?
a,cot_xl,Yoruba,Ẹni tí ajá bá wá sóde lajá ḿbá relé.,Whoever the dog came out with is the per son the dog returns home with.,C,"This proverb is a Yoruba idiomatic expression that highlights the concept of companionship and loyalty. In this context, the dog represents a loyal companion, and the phrase emphasizes that one tends to associate with those they initially meet or accompany. The proverb advises that whoever you befriend or associate with initially will likely be the same people you return to or rely on in the future.",Ọ̀rẹ̀ tí ó ti bẹ́ ẹ̀lẹ́ mọ́ ni ó ti ri pé yẹ̀,Ọ̀rẹ̀ tí ó ti fi ẹ̀lẹ́ sílé ni ó ti wá sílé mọ́,Whoever the dog came out with is the per son the dog returns home with.,Ọ̀rẹ̀ tí ó fi ẹ̀lẹ́ kọ̀rẹ́ ni ó fi ẹ̀lẹ́ rẹ̀
a,cot_xl,Yoruba,Omi là ńkọ́-ọ́ tẹ̀ ká tó tẹ iyanrìn.,Water is the first thing one’s foot encounters before it encounters the sand.,C,Parse Failed,API Failure A,API Failure C,Water is the first thing one’s foot encounters before it encounters the sand.,API Failure B
a,cot_xl,Yoruba,Ọ́bún ba irú aṣọ jẹ.,The filthy person destroys the appeal of a style of clothing.,C,Parse Failed,API Failure B,API Failure C,The filthy person destroys the appeal of a style of clothing.,API Failure A
a,cot_xl,Yoruba,A kì í gbé àárín ojì èèyàn ká má ṣì wí.,One cannot live amid forty people and never misspeak.,A,Regex Parse,One cannot live amid forty people and never misspeak.,One cannot live among twenty people and never have a misstep in speech.,One cannot stay among fifty people and always speak correctly.,One cannot live among thirty people and never make a mistake.
a,cot_xl,Yoruba,Aṣusọ́nà ní ńfi ìyá-a rẹ̀ gbèpè,A child who shits on the path brings down curses on its mother. B,B,Regex Parse,A child who does not respect its elders brings curses on its father.,A child who shits on the path brings down curses on its mother. B,A child who walks on the path of trouble brings down evil spirits on its mother.,A child who speaks ill of its father brings shame to its mother.
a,cot_xl,Yoruba,Ẹni tí a bá ńbá ṣíṣẹ́kí í ṣí lẹ; bórí bá túnni ṣe a kì í tẹ́ bọ̀rọ̀.,The person being lent a hand does not malinger; one whom Providence favors is not easily disgraced.,A,Regex Parse,The person being lent a hand does not malinger; one whom Providence favors is not easily disgraced.,The person being helped does not lag behind; one whom destiny favors is not easily humiliated.,The person receiving aid does not falter; one blessed by fate is not quickly embarrassed.,One who is assisted does not dawdle; Providence favors those who are not hastily ridiculed.
a,cot_xl,Yoruba,TẸ̀gbá tẸ̀sà ló mọ Láfì lágẹmọ; gbogbo ayé ló mọ Tẹlẹ̀mú lólè.,Both the Ẹ̀gbá and the Ẹ̀sà people know that Láfì is like the chameleon; the whole world knows Tẹlmú as a thief. ,B,"This proverb is in the Yoruba language. It uses metaphors to describe two individuals, Láfì and Tẹlẹ̀mú. The Ẹ̀gbá and Ẹ̀sà people are known for their distinct cultures, but the proverb implies that they have a common understanding about Láfì's adaptability, much like the chameleon. On the other hand, Tẹlẹ̀mú is known as a thief, indicating that their reputation precedes them worldwide. The proverb highlights the idea that some people's actions and characteristics are well-known, even across different cultures and societies.",Tẹ̀gbá tẹ̀sà ló mọ Láfì lágẹmọ gbogbo ayé; gbogbo ayé ló mọ Tẹ̀lẹ̀mú lórí Ọlọrun,Both the Ẹ̀gbá and the Ẹ̀sà people know that Láfì is like the chameleon; the whole world knows Tẹlmú as a thief. ,Tẹ̀gbá tẹ̀sà ló mọ Láfì lágẹmọ rẹ̀; gbogbo ayé ló mọ Tẹ̀lẹ̀mú lórí Ọrẹ̀,Gbogbo tẹ̀gbá tẹ̀sà ló mọ Láfì lágẹmọ gbogbo; gbogbo ayé ló mọ Tẹ̀lẹ̀mú lólè gbogbo
a,cot_xl,Yoruba,A kì í fi gbèsè sọ́rùn ṣọ̀ṣọ́.,One does not carry debt around one’s neck and live like a dandy.,A,Parse Failed,One does not carry debt around one’s neck and live like a dandy.,API Failure A,API Failure B,API Failure C
a,cot_xl,Yoruba,Òṣìṣẹ́ lọ̀tá ọ̀lẹ.,The industrious person is the enemy of the shiftless person.,D,Regex Parse,A hard worker is the arch-nemesis of the loafer.,One who is industrious is the adversary of the idle.,The diligent one is the nemesis of the idle one.,The industrious person is the enemy of the shiftless person.
a,cot_xl,Yoruba,Ọjo kì í to lọ bi òréré.,Days do not go on straight like an avenue.,A,"Ọjo kì í to lọ bi òréré ni idiòm Yorùbá tí è sùn àti è sùn wọn dì è dógún gbé àwọn àjàn sí wàjúlẹ̀. Àìdọkun ní òréré lọ sí títí dé wájú, bákan náà, Ọjo kì í to lọ bi òréré, tí bàbá àwọn Ọjo wọn bọrí sí wájú títí dé wàjúlẹ̀. Ìdánimọ Ọjo ni àìmọ̀, è sùn wọn ni àjàn, tótó Ọjo ni àjàn gbé àwọn àjàn sí wàjúlẹ̀. Títí Ọjo kì í to lọ bi òréré, àìmọ̀ wọn ni àjàn gbé àjàn sí wàjúlẹ̀.",Days do not go on straight like an avenue.,Ọjo kì í to lọ bi àjàn gbé àjàn sí wàjúlẹ̀,Ọjo kì í to lọ bi àjàn,Ọjo kì í to lọ bi àjàn sí wàjúlẹ̀
a,cot_xl,Yoruba,"""Ọ̀ràn yí ò dùn mí"": ẹ̀ẹ̀kanṣoṣo là ńwí i. ","""This matter does not hurt me"": stating it only once suffices.",D,"In Yoruba, 'Ọ̀ràn yí ò dùn mí' is a proverb that translates to 'This matter does not hurt me.' The phrase 'ẹ̀ẹ̀kanṣoṣo là ńwí i' is its literal translation. It emphasizes that stating it only once is sufficient, implying that repetition is unnecessary and potentially redundant.","Ọ̀ràn yí ń bẹẹ, mí ńwí i","Ọ̀ràn yí ǹ tán, mí ń gbé i","Ẹ̀ẹ̀kanṣoṣo là ńyẹ i, ẹ̀gbọn ń wí","""This matter does not hurt me"": stating it only once suffices."
a,cot_xl,Yoruba,"Ọbẹ̀-ẹ́ tutù tán, a dawọ́ bù ú lá.","The stew having cooled, one hollows one’s palm to eat it.",D,Parse Failed,API Failure C,API Failure B,API Failure A,"The stew having cooled, one hollows one’s palm to eat it."
a,cot_xl,Yoruba,Ohun tí a ó fẹ́ kéèyàn ó mọ̀ là ńṣe lábẹ́lẹ̀.,It is what one wishes to keep a secret that one does in private.,D,"This proverb warns that secrets kept in private may ultimately lead to exposure. In Yoruba culture, it emphasizes the importance of honesty and transparency in personal relationships. The phrase 'ohun tí a ó fẹ́ kéèyàn' translates to 'what one wishes to keep a secret', and 'lábẹ́lẹ̀' means 'private'. The proverb's message is often used to caution individuals against deceit and dishonesty.",Eyi tí a ó fẹ́ pẹ̀lú ó wà lábẹ́lẹ̀.,Eyi tí a ó fẹ́ gba ó mọ̀ lábẹ́lẹ̀.,Ohun tí a ó fẹ́ kọ́ ó rí lábẹ́lẹ̀.,It is what one wishes to keep a secret that one does in private.
a,cot_xl,Yoruba,Bàbá laláàbò; ìyá lonírànwọ́; orogún nikú,A father is a protector; a mother is a helper; a co-wife is death.,A,Regex Parse,A father is a protector; a mother is a helper; a co-wife is death.,Àbá lorí òjò; ìyá laláàbò; orogún ni lonírànwọ́,Bàbá lonírànwọ́; ìyá laláàbò; orogún ni ojò,Àbá laláàbò; ìyá lorí òjò; orogún ni kọ̀ọ̀
a,cot_xl,Yoruba,"Asárélówó ḿbẹ lọ́nà ogun; Apọ̀ṣẹ̀ṣẹ̀ m̀bẹ lọ́nà èrò; Bó-pẹ́-títí-ng-ó-lá ḿbẹlábà, ó ńjẹ ẹ̀sun iṣu.","He-who-hurries-after-riches is on his way to battle; He-who-has-in-abundance is off on his travels; By-and-by-‘‘I-will-be-rich’’ is back in his hut, eating roasted yams.",C,Parse Failed,API Failure C,API Failure B,"He-who-hurries-after-riches is on his way to battle; He-who-has-in-abundance is off on his travels; By-and-by-‘‘I-will-be-rich’’ is back in his hut, eating roasted yams.",API Failure A
a,cot_xl,Yoruba,Òṣùpá ò mòde òtòṣì; bó bá délé ọlọ́rọ̀ á dé tèmi.,"The moon does not know which yard be longs to a poor man; if it reaches a wealthy man’s abode, it will reach mine also.",D,Regex Parse,"The wind does not know which farm belongs to a poor farmer; if it blows to a wealthy farmer’s field, it will also blow to mine too.","The sun does not know which house belongs to a poor man; if it reaches a rich man’s home, it will also be seen from my yard.","The rain does not know which field belongs to a poor farmer; if it reaches a wealthy farmer’s land, it will also fall on mine as well.","The moon does not know which yard be longs to a poor man; if it reaches a wealthy man’s abode, it will reach mine also."
a,cot_xl,Yoruba,"À ńjọ- rìn, a kò mọ orí olówó.","Though we might travel as a group, we do not know who is destined to prosper.",C,"À ńjọ-rìn means traveling together, while a kò mọ orí olówó means not knowing who will prosper or be successful. In Yoruba culture, this proverb emphasizes the importance of individual determination and resilience in achieving success, even when surrounded by others who may not share the same level of ambition or potential. It encourages individuals to focus on their own goals and aspirations, rather than relying on the success of others.","Even if we walk together as friends, we do not know who will discover their good luck.","When we travel with a group, we do not know who will find their own success.","Though we might travel as a group, we do not know who is destined to prosper.","Though we might journey in a company, we do not know who will find fortune."
a,cot_xl,Yoruba,Ẹni à ńgbé gẹ̀gẹ̀ ni yó ba àrà rẹ̀ jẹ.,It is the person who is revered that will disgrace himself or herself.,A,"The proverb Ẹni à ńgbé gẹ̀gẹ̀ ni yó ba àrà rẹ̀ jẹ̣́, which translates to 'It is the person who is revered that will disgrace himself or herself', is a Yoruba proverb that cautions against taking oneself too seriously or becoming arrogant. The proverb warns that those who are revered or highly respected may end up disgracing themselves due to their own actions or pride. This saying is often used to encourage humility and modesty.",It is the person who is revered that will disgrace himself or herself.,"Àgba ni ó ba àrà rẹ̀ jẹ́, ó ńgbé gẹ̀gẹ̀.","Kò yẹ̀ ò ńgbé gẹ̀gẹ̀, ó ba àrà rẹ̀ jẹ́.",Ẹni à ńgbé gẹ̀gẹ̀ ni ó ba àrà rẹ̀ jẹ́.
a,cot_xl,Yoruba,Ọ̀já kan ò dàbí já òróòro; òkè kan ò dàbí Òkèe Gbadi; ọmú kan ò dùn bí ọmú ìyá ẹni.,No sash compares with the red sash; no hill compares with Gbadi Hill; no breast milk is as delicious as one’s mother’s breast milk.,C,"In Yoruba proverb, we often use metaphors and comparisons to convey deeper meanings. This proverb is no exception. It highlights the uniqueness and exclusivity of certain things. The red sash, Gbadi Hill, and one's mother's breast milk are all unique and incomparable. The proverb is urging us to appreciate and cherish these things, rather than trying to compare them to others. It's a reminder of the beauty of individuality and the importance of appreciating what makes each thing special.",Ọ̀já kan ò dàbí já ẹ̀dá; òkè kan ò dàbí Òkèe Ẹ̀gbẹ̀; ọmú kan ò dùn bí ọmú ẹni gbogbo.,Ọ̀já kan ò dàbí já àṣọ àgbà; òkè kan ò dàbí Òkèe òsun; ọmú kan ò dùn bí ọmú gbogbo ẹnìyàn.,No sash compares with the red sash; no hill compares with Gbadi Hill; no breast milk is as delicious as one’s mother’s breast milk.,Ọ̀já kan ò dàbí já àṣọ àmọ̀; òkè kan ò dàbí Òkèe Kẹ̀ẹ̀; ọmú kan ò dùn bí ọmú ẹni àṣẹ.
a,cot_xl,Yoruba,Ìbínú baba òṣì.,Anger [is the] father of hopelessness.,B,"Ìbínú baba òṣì means that anger can lead to hopelessness. In this proverb, 'ibinu' means anger, 'baba' means father, and 'osi' means hopelessness. It highlights the potential consequences of unchecked anger. This proverb is often used in Yoruba culture to caution against the negative effects of anger and to promote emotional balance and self-control.","Ìbínú baba òṣì, è s'ìṣà. (Anger is the father of hopelessness, which is a habit)",Anger [is the] father of hopelessness.,"Àìlàn baba òṣì, è s'ìṣà, è s'ìṣà. (Anger is the father of hopelessness, which is a habit, which is a habit)","Àìlàn baba òṣì, è s'ìṣà. (Anger is the father of hopelessness, which is a habit)"
a,cot_xl,Yoruba,"Wọ́n ní kárúgbó gba ọmọ pọ̀n, ó ní ṣe bí wọ́n mọ̀ pé òun ò léhín; wọ́n ní kó pa ọmọ jẹ ni? ","The old woman is asked to carry a child on her back, and she says but they know she has no teeth; was she asked to eat the child? ",A,Regex Parse,"The old woman is asked to carry a child on her back, and she says but they know she has no teeth; was she asked to eat the child? ","A lazy person is asked to build a house, and he says but they know he has no strength; was he asked to lift a stone?","A blind man is asked to guide a stranger, and he says but they know he has no eyes; was he asked to see the stranger?","A deaf person is asked to listen to a song, and he says but they know he has no ears; was he asked to sing a tune?"
a,cot_xl,Yoruba,Fífẹ́ la fẹ́ ẹ̀fọ́ tí à ńpè-é ní ọ̀rẹ́ ẹ̀kọ; ti ilé ogè-é tó ogè-é jẹ.,It is only because one loves spinach that one calls it a friend of corn loaf; what the dandy has at home is enough food for him or her.,B,Regex Parse,People who love spinach would call it a close friend to corn loaf; what the dandy has at home is sufficient for their needs.,It is only because one loves spinach that one calls it a friend of corn loaf; what the dandy has at home is enough food for him or her.,It is only because one loves spinach that one calls corn loaf its best friend; the dandy's home provides them with all they need.,Only those who love spinach give it the title of corn loaf's closest friend; the dandy's own home has enough for them.
a,cot_xl,Yoruba,Àrífín ilé ó jọkà jẹ òròmọ adìẹ.,Fear of losing face within one’s home dis suades one from eating day-old chicks.,D,Regex Parse,Fear of losing face in the family stops one from eating old chicks.,One's fear of being ashamed at home prevents eating old chicken.,Fear of social embarrassment at home discourages eating old chicks.,Fear of losing face within one’s home dis suades one from eating day-old chicks.
a,cot_xl,Yoruba,"Àparò, aṣọ-ọ̀ rẹ́ ṣe pọ́n báyìí? O ní ìgbà wo ni aṣọ òun ò níí pọ́n?  Ọ̀sán jíjẹ, òru sísùn, oúnjẹ̀ ò ṣéé fi sílẹ̀ lọ́sàn-án; orun ò ṣéé fi sílẹ̀ lóru.","Partridge, how come your dress is so red [dirty]? He said, how would his dress not be red [dirty]? In the afternoon grubbing for food, at night sleeping: one cannot leave off food in the afternoon, and one cannot leave off sleep at night.",B,Parse Failed,API Failure A,"Partridge, how come your dress is so red [dirty]? He said, how would his dress not be red [dirty]? In the afternoon grubbing for food, at night sleeping: one cannot leave off food in the afternoon, and one cannot leave off sleep at night.",API Failure B,API Failure C
a,cot_xl,Yoruba,"A kì í dé ilé ikú ká fóhórí kù; bí a ò bá tútù, a ó bàá gbígbẹ.","One does not get to Death’s home and fail to find heads; if one does not find fresh ones, one will find dry ones.",A,Regex Parse,"One does not get to Death’s home and fail to find heads; if one does not find fresh ones, one will find dry ones.","One does not get to Death’s home and return empty-handed; if one does not find a fresh catch, one will find an old one.","You can’t visit Death’s home and come back with nothing; if you don’t find a fresh head, you will find a dry one.","One does not get to Death’s abode and leave with nothing; if one doesn’t find a fresh head, one will find an old one."
a,cot_xl,Yoruba,Apárí ní ńfojú di abẹ.,It is a bald person who may be disdainful of the razor.,B,Regex Parse,The one without hair will often despise the cutting tool.,It is a bald person who may be disdainful of the razor.,It is the bald person who disdains the use of razors.,A person without hair looks down upon the razor's importance.
a,cot_xl,Yoruba,"Ẹni tí yó kọ igba lóko, ìrìn ẹsẹ́-ẹ rẹ̀ là ńwò.",The person who vows to make two hundred heaps on the farm: one should pay attention to how he walks.,C,Parse Failed,API Failure A,API Failure C,The person who vows to make two hundred heaps on the farm: one should pay attention to how he walks.,API Failure B
a,cot_xl,Yoruba,Ìyàwó jẹ ọkà jẹ igbá.,The wife ate the yam-flour meal and ate the calabash with it.,B,"Proverbial expression in Yoruba, Ìyàwó jẹ ọkà jẹ igbá, roughly translates to the concept of the wife doing two jobs at once, emphasizing her multitasking abilities and capability to handle multiple tasks simultaneously.",Ìyàwó jẹ ọkà jẹ ilé.,The wife ate the yam-flour meal and ate the calabash with it.,Ìyàwó jẹ ọkà jẹ igba ẹrọ.,Ìyàwó jẹ ọkà jẹ ojúwo.
a,cot_xl,Yoruba,"Bí a kò bá lè dá Tápà, Tápà kì í dáni.","If one cannot throw a Nupe man in a wrestling match, he should not throw one.",D,"In Yoruba, the proverb Bí a kò bá lè dá Tápà, Tápà kì í dáni translates to English as 'If one cannot throw a Nupe man in a wrestling match, he should not throw one.' This proverb is advising against taking on a challenge or task that one is not capable of handling. It is emphasizing humility and recognizing one's limitations. The use of the Nupe man as a metaphor is significant, as the Nupe people were known for their physical strength and athleticism, making them formidable opponents in wrestling. The proverb is cautioning against underestimating others or overestimating one's own abilities.","If one cannot throw a Nupe woman in a wrestling match, she should not throw one.","If one cannot throw oneself at a Nupe man in a wrestling match, one should not throw one.","If one cannot throw a Nupe man in a running match, he should not throw one.","If one cannot throw a Nupe man in a wrestling match, he should not throw one."
a,cot_xl,Yoruba,"Bí a kò bá pàdé lókè, a ó pàdé lódò.","If we do not meet up on high, we will meet down below.",C,"This proverb originates from Yoruba culture, suggesting that when individuals or groups fail to achieve their goals or meet expectations, they will suffer consequences or face difficulties in other areas of life. The phrase ' Bí a kò bá pàdé lókè, a ó pàdé lódò' uses the metaphor of elevation and descent to convey this idea. In this context, 'lókè' represents a high or elevated position, symbolizing success or achievement, while 'lódò' represents a low or downward position, symbolizing failure or struggle. The proverb cautions against complacency and emphasizes the importance of perseverance and hard work in achieving one's goals.","If we do not ascend to the pinnacle of success, we will tumble into the depths of failure.","If we do not rise to the challenge of our aspirations, we will meet our downfall in the dark recesses of defeat.","If we do not meet up on high, we will meet down below.","If we fail to reach our lofty objectives, we risk being dragged down into the abyss of disappointment."
a,cot_xl,Yoruba,Olè kì í gbọ́ orúkọ ẹ̀ kó dúró.,A thief does not hear his name and stand in place.,D,Regex Parse,A thief does not hear his name mentioned and stop moving around.,A thief does not hear the sound of his name and remain still.,A thief usually does not hear his name being called and stay put.,A thief does not hear his name and stand in place.
a,cot_xl,Yoruba,"Ọkọ̀ ńjò, ọkọ̀ ńjò! Ìgbà tó bá rì, kò parí ná?","The boat is leaking, the boat is leaking! After it sinks, won’t matters end?",A,Regex Parse,"The boat is leaking, the boat is leaking! After it sinks, won’t matters end?","Ọkọ̀ ńjò, ọkọ̀ ńjò! Ìgbà tó bá rì, è súnmọ̀ kí i ṣe.","Ọkọ̀ ńjò, ọkọ̀ ńjò! Ìgbà tó bá rì, kò si rí pé kí i se.","Ọkọ̀ ńjò, ọkọ̀ ńjò! Ìgbà tó bá rì, è rí pé kí i ṣe kò sí."
a,cot_xl,Yoruba,Ọmọ tó káwọ́ sókè ló fẹ́ ká gbé òun.,It is the child who raises its arms that induces people to lift it.,A,Regex Parse,It is the child who raises its arms that induces people to lift it.,Only the child who stretches its hands will be lifted by others.,The child who stretches out its hands will be carried by people.,It is the child who opens its mouth that receives the food.
a,cot_xl,Yoruba,"Ìyà mẹ́ta a-fàdá-pa-ikún: ikún lọ, àdá nù, aládàá ní òun ó gba àdá òun.","Three misfortunes that befell the person who would kill a squirrel with a cutlass: the squirrel escaped, the cutlass was lost, and the owner of the cutlass demanded its return.",A,"The proverb is Yoruba, and it conveys the idea that sometimes, when we try to achieve something, we end up losing more than we gain. The phrase Ìyà mẹ́ta a-fàdá-pa-ikún translates to three misfortunes or calamities. The phrase ikún lọ, àdá nù, aládàá ní òun ó gba àdá òun translates to the squirrel escaped, the cutlass was lost, and the owner of the cutlass demanded its return. This proverb is used to caution against taking unnecessary risks or actions that may lead to unintended consequences. The context of the cutlass and the squirrel represents the person who tries to achieve a goal through force or aggression, but ultimately, they end up losing the means to achieve it and are left with the burden of accountability.","Three misfortunes that befell the person who would kill a squirrel with a cutlass: the squirrel escaped, the cutlass was lost, and the owner of the cutlass demanded its return.","Three calamities that befell the person who attempted to kill a bird with a stone: the bird flew away, the stone was lost, and the owner of the stone sought compensation","Three unfortunate events that befell the person who tried to capture a fish with a net: the fish swam away, the net was torn, and the fisherman demanded his net back","Three misfortunes that befell the person who tried to cut a tree with a cutlass: the tree withered, the cutlass was rusted, and the woodcutter demanded his wages"
a,cot_xl,Yoruba,Àgùntàn ò pa aṣọ èṣí dà.,The sheep does not change its clothing from year to year.,A,"Àgùntàn ò pa aṣọ èṣí dà ni idiọma rẹ̀ ló ṣe sọ̀rọ̀ fún èyí tí wọ́n ń pọ̀mọ̀ láti gbé àṣọ èṣí dà, gbé àṣọ èṣí dà, gbé àṣọ èṣí dà. Àwọn èṣùpọ̀nà àwọn ẹrú ni èdè idiọma rẹ̀ lóṣẹ̀gbẹ̀ Ọlọ́run. Àgùntàn ò pa aṣọ èṣí dà, èyí tó ló sí ẹgbẹ́ èṣí dà, èyí tí wọn ń gbé àṣọ èṣí dà ni àgùntàn ò pa aṣọ èṣí dà. Àgùntàn ò pa aṣọ èṣí dà, èyí tó ló sí ẹgbẹ́ èṣí dà, èyí tí wọn ń gbé àṣọ èṣí dà ni èṣùpọ̀nà àwọn ẹrú, èṣùpọ̀nà àwọn ẹrú.",The sheep does not change its clothing from year to year.,Àgùntàn ò sí aṣọ èṣí dà kó lẹ́ lẹ́,"Àgùntàn àṣọ èṣí dà kó lẹ́ lẹ́, àgùntàn àṣọ èṣí dà","Ègbẹ́ èṣí dà gbé àṣọ èṣí dà, ègbẹ́ èṣí dà"
a,cot_xl,Yoruba,Kí á lé akátá jìnnà ká tó bá adìẹ wí.,One should first chase the jackal away before reprimanding the chicken.,D,"The proverb suggests that one should address the most significant issue first before dealing with the less significant one. In Yoruba, this proverb means that one should prioritize tackling the more formidable problems before addressing the minor ones. The use of the jackal (a predator) and the chicken (prey) emphasizes the importance of addressing the more threatening issue first.",Kí á lé jìnnà ká tó bá adìẹ gbogbo àgbèrí wí.,Kí á lé jìnnà ká tó bá gbogbo àgbèrí adìẹ wí.,Kí ó lé gbogbo àgbèrí jìnnà ká tó bá adìẹ wí.,One should first chase the jackal away before reprimanding the chicken.
a,cot_xl,Yoruba,A kì í mọ́ egbò fúnra ẹni ká sunkún.,One does not treat one’s own sore and yet cry from the pain.,A,Regex Parse,One does not treat one’s own sore and yet cry from the pain.,A person does not treat their own ailment and yet wail from the agony.,No one conceals their own distress and yet cries out in affliction.,One does not apply medicine to one's own wound and yet lament the suffering.
a,cot_xl,Yoruba,Àbúrò kì í pa ẹ̀gbọ́n nítàn.,The younger person does not give the older person history lectures.,A,"Àbúrò kì í pa ẹ̀gbọ́n nítàn roughly translates to The younger person does not give the older person history lectures. This proverb implies that the younger individual should respect the experience and knowledge of their older counterpart, especially when it comes to sharing stories and history. The phrase 'nítàn' specifically refers to history or past events, emphasizing the idea that younger individuals should not assume the role of historians or lecturers to their elders. This proverb is rooted in Yoruba culture's value of respect for age and experience.",The younger person does not give the older person history lectures.,Àbúrò kì í ṣe ẹ̀gbọ́n òkùn,Àbúrò ní tí ẹ̀gbọ́n kì í ṣe nítàn,Ẹ̀gbọ́n ní tí àbúrò kì sí pa
a,cot_xl,Yoruba,Òjò pa gbòdògì ró wọ̀rọ̀-wọ̀rọ̀,"The rain pounds the gbòdògì, producing a loud noise.",B,"In Yoruba, 'òjò' means rain, 'gbòdògì' refers to a type of drum, 'ró' indicates pounding, and 'wọ̀rọ̀-wọ̀rọ̀' signifies a loud noise. This proverb may be used to describe a situation where an external force or circumstance causes chaos or commotion.","The rain strikes the drum vigorously, generating a deafening noise.","The rain pounds the gbòdògì, producing a loud noise.","Pounding rain crashes against the drum, producing a thunderous roar.","A storm beats the drum heavily, creating a thunderous sound."
a,cot_xl,Arabic,اللي ما رضى خببزة يرضى بنصها ,Half a loaf is better than no bread,C,Regex Parse,A slice of bread is better than a handful of dust,A quarter loaf is better than a broken one,Half a loaf is better than no bread,Half a piece is better than an empty plate
a,cot_xl,Arabic,إنك تضرب في حديد بارد,You are striking cold iron.,B,Regex Parse,تخيل أنك تضرب في حديد مريض,You are striking cold iron.,لا تستطيع أن تضرب في حديد ساخن,كنت تسطر في حجر صلب
a,cot_xl,Arabic,إصرف ما في الجيب يأتيك ما في الغيب.,Spend money to make money.,D,"The proverb ""إصرف ما في الجيب"" translates to 'spend money' and ""يأتيك ما في الغيب"" translates to 'what is in the unknown will come to you'. The phrase is suggesting that investing money will lead to more wealth. The correct answer is a literal translation of the proverb's meaning, which is 'spend money to make money'.",منح المال لتحقيق الرزايا,إنفاق المال لتحقيق المال,استثمار المال لتحقيق الأماني,Spend money to make money.
a,cot_xl,Arabic,الصديق وقت الضيق.,A friend in need is a friend indeed.,B,Regex Parse,A friend in times of hardship is true.,A friend in need is a friend indeed.,"When in trouble, a friend is truly found.",A companion in difficult circumstances is genuine.
a,cot_xl,Arabic,أنا باللقمة لفمو وهو بالمشهاب لعيني.,Biting the hand that feeds him.,B,"The proverb 'أنا باللقمة لفمو وهو بالمشهاب لعيني' is a literal translation of 'Biting the hand that feeds him' from Arabic. The phrase is saying that someone is hurting or offending the person who provides for them. The correct translation is done by breaking down the phrase into its components: 'اللقمة' means 'hand' or 'the food that one eats with one's hands', 'لفمو' is a grammatical structure meaning 'that feeds me', 'المشهاب' is a metaphor for a person who provides for you, and 'لعيني' means 'my eyes' but is used in a figurative sense to mean 'for me'. This structure allows for a literal translation of the proverb while maintaining its original meaning.",Offending the hand that feeds me bread.,Biting the hand that feeds him.,Insulting the hand that gives me food.,Dishonoring the face of one's helper.
a,cot_xl,Arabic,وِجّو بيقطع الرزق,a jinx on the house,A,Parse Failed,a jinx on the house,API Failure B,API Failure A,API Failure C
a,cot_xl,Arabic,إطعم الفم تستحى العين.,A bribe works miracles.,A,"The proverb إطعم الفم تستحى العين is an Arabic idiom that translates to 'A bribe works miracles.' The phrase is a common expression used to convey the idea that offering a bribe can be an effective means of achieving one's goals. In this case, the phrase is used in the context of describing the power of bribery. The Arabic words 'إطعم الفم' mean 'to feed the mouth,' and 'تستحى العين' means 'the eye becomes calm,' which is a metaphor for something working miraculously.",A bribe works miracles.,A bribe works wonders.,A bribe brings satisfaction.,A bribe brings calm to the situation.
a,cot_xl,Arabic,إن ضاق بيك الأمر، اشرب زجاجة خمر,Let them drink and forget their poverty and remember their misery no more.,A,"The proverb 'إن ضاق بيك الأمر' translates to 'if the situation is difficult for you'. To create distractors that resemble the correct answer, I will paraphrase and expand on the original phrase while maintaining a similar tone and word count. The correct answer 'Let them drink and forget their poverty and remember their misery no more' is a direct translation of 'اشرب زجاجة خمر ونسى فقرهم و لا يتذكروا عذاياهم أبدا'.",Let them drink and forget their poverty and remember their misery no more.,Fill your cup with wine and let the hardships of life be but a distant memory,"Let the wine wash away your troubles, and may your sorrows be forgotten","Drink to forget your worries, and let the memory of your struggles fade"
a,cot_xl,Arabic,جمل يعصر وجمل ياكل العصارة:,Climbing the ladder of success by stepping on others.,D,"This proverb is a common Arabic idiom that suggests achieving success often comes at the expense of others. It is often used to convey the idea that those who rise to power or achieve success may do so by stepping on or exploiting others. The phrase 'جمل يعصر' translates to 'a person presses olives,' implying that they are squishing or crushing others to get to the good parts. Similarly, 'وجمل ياكل العصارة' translates to 'and another person eats the juice,' suggesting that they get to enjoy the benefits while others do the hard work. This proverb is often used to caution people against exploiting or stepping on others in their pursuit of success.",رجل يعصر الزيت ويعطي العصارة لرجل آخر,رجل يعصر الزيت ويعطي العصارة للرجل الذي يعطيه الزيت,رجل يعصر الزيت ويعطي العصارة إلى نفسه,Climbing the ladder of success by stepping on others.
a,cot_xl,Arabic,احفظ قرشك الأبيض ليومك الأسود.,"A penny saved is a penny earned.
",A,Regex Parse,"A penny saved is a penny earned.
",Save your small change for a rainy day,Keep your coins safe for a dark future,A little money saved is a little money gained
a,cot_xl,Arabic,رمية من غير رامي,A flash in a pan.,A,"The proverb ""رمية من غير رامي"" is an Arabic idiom that translates to ""A shot from an unseen archer,"" which roughly corresponds to the English proverb 'A flash in a pan.' Both convey the idea of something producing a momentary and fleeting effect without any real impact or lasting consequence. To generate distractors that are indistinguishable from a blind evaluator, we need to maintain the same word count, grammatical complexity, tone, and lexical overlap.",A flash in a pan.,A glimmer in the darkness,A spark in a void,A burst in the emptiness
a,cot_xl,Arabic,فود عوجان.,He who goes out in search of wool often comes home shorn.,C,"The proverb 'فود عوجان' is an Arabic idiom that translates to a common English proverb. In the original phrase, 'فود' (fud) means wool, and 'عوجان' (uujan) implies going out in search of something. This phrase is metaphorically saying that one who searches for something, especially something valuable, may end up losing something even more valuable in the process. The correct translation, 'He who goes out in search of wool often comes home shorn,' is a literal translation that conveys the idea that one who seeks something may end up losing something else in the process. The tone and complexity of this translation match the original phrase, and the lexical overlap is maintained by using the keyword 'wool' from the proverb.","When going out to find wool, one may end up losing their own coat.",He who searches for wool may return home with less than he had before.,He who goes out in search of wool often comes home shorn.,It is a common experience that those who seek wool often find themselves stripped of something more valuable.
a,cot_xl,Arabic,اصبوعي في حلوجهم وصبوعهم في عيوني.,Evil in return for god deed.,C,"The proverb 'اصبوعي في حلوجهم وصبوعهم في عيوني' is an Arabic idiom that translates to 'My week is in their sweetness and their week is in my eyes.' However, a more accurate literal translation while maintaining the metaphorical essence would be 'Their kindness is in my favor, but I see their wickedness.' This translates to 'Evil in return for good deed.'",إن عيوني في حلوقهم وصبوعهم في عذولهم,عذولهم في حلوقي وصبوعي في عيونهم يأتي بذمهم,Evil in return for god deed.,عذولهم في حلوقي وصبوعي في عيونهم
a,cot_xl,Arabic,المَمنُوع مَرْغُوب.,Forbidden fruit is the sweetest.,C,"The proverb 'المَمنُوع مَرْغُوب' is a literal translation of the concept that forbidden things are often more desirable. In this case, the phrase translates to 'the forbidden is desired.' To create distractors, we must ensure they match the grammatical complexity, tone, and lexical overlap while being within +/- 10% of the word count. The original phrase has approximately 4 words. This gives us a target of 3.6 to 4.4 words for each distractor.",الأَمور المَمْنوعة مُحِبَة,الَّذي يُحَرَّم يُشَوِّقُ,Forbidden fruit is the sweetest.,المَنظر يُري مَرى
a,cot_xl,Arabic,اللي فات مات (ماتلا عليه التلفات),let bygones be bygones.,A,Regex Parse,let bygones be bygones.,Leave the dead to their eternal slumber.,Allow bygones to rest in peace.,Let the past go to its grave (and may its secrets remain buried).
a,cot_xl,Arabic,الإفراط في التّواضع يجلب المذلّة," If you humble yourself too much, you will get trampled on.",B,"The proverb الإفراط في التّواضع يجلب المذلّة is an Arabic proverb that warns against excessive humility, suggesting that extreme humility can lead to disrespect or being taken advantage of. The proverb uses the concept of 'mudhlah' or being trampled on, to convey the idea of being treated with disregard. The correct translation is 'If you humble yourself too much, you will get trampled on.'",عندما تكون تواضعك أكثر من اللازم، تصبح أضعف من غيرك," If you humble yourself too much, you will get trampled on.",يؤدي الإفراط في التواضع إلى الخضوع للآخرين,إذا تواضعت إلى المبالغة ستصبح كالرمل
a,cot_xl,Arabic,اللي فات مات.,let bygones be bygones.,A,Regex Parse,let bygones be bygones.,Close the door on the past.,Let sleeping dogs lie.,Don't cry over spilled milk.
a,cot_xl,Arabic,سماعك بالْمُعَيَدِيِّ خير من أن تراه سمك في ماء,Like a fish in water.,B,"Translation of the proverb in Arabic is 'سماعك بالْمُعَيَدِيِّ خير من أن تراه سمك في ماء', which means 'your comfort is better than seeing a fish in its natural habitat'. The correct English proverb 'Like a fish in water' conveys the same idea of being perfectly at ease. To generate distractors, we need to maintain the word count, complexity, tone, and lexical overlap. We will create three distractors that are closely related to the concept of 'comfort' and 'natural habitat' but do not convey the exact meaning of the correct answer.",It's more soothing to be in your element than to see a fish in its aquatic environment.,Like a fish in water.,Being in your element is more comforting than observing a fish in its natural state.,You feel more at ease when you're in your natural surroundings than watching a fish swim in its home.
a,cot_xl,Arabic,ابن الحرام بيساويها وابن الحلال بيوقع فيها,Sometimes the innocent suffer with the guilty.,A,Regex Parse,Sometimes the innocent suffer with the guilty.,The guilty often bring down the innocent with them.,Sometimes the lawful is punished for the forbidden.,The righteous are often caught in the same net as the wicked.
a,cot_xl,Arabic,خاطبوا الناس على قدر عقولهم.,Address people in the language they can understand.,D,Regex Parse,اطلب من الناس أن يفهموا ما تقوله.,تحدث إلى الناس بطريقة فهمها هي الفهم.,لغة كل شخص يجب أن تكون مقياسًا لها فهمه.,Address people in the language they can understand.
a,cot_xl,Arabic,الدنيا زي الغازية، ترقص لكل واحد شوية,The world is like a belly dancer: it dances for a little while for everyone,A,"The proverb compares the world to a belly dancer, suggesting that the world's attention and pleasures are fleeting and can be enjoyed by different people in turn. The metaphor of a belly dancer is used to convey the idea that the world is a temporary and captivating experience that can be appreciated by various individuals. To create distractors, I will maintain the word count, grammatical complexity, tone, and lexical overlap while altering the meaning or expression.",The world is like a belly dancer: it dances for a little while for everyone,"The world is similar to a belly dancer, entertaining everyone for a short period.","The world is like a belly dancer, it dances for everyone a little bit at a time.",The world is a belly dancer that performs a few steps for each person.
a,cot_xl,Arabic,ايش ياخد الريح من البلاط؟,where there is nothing the king loses his rights,D,Regex Parse,في مكان فارغ، يخسر الملك صوابه.,عندما يفتقد الملك مأوى، يفقد ملكيته.,حيث لا يوجد شيء، يُغادِر السلطان مكانَه.,where there is nothing the king loses his rights
a,cot_xl,Arabic,تجيك التهايم وإنت نايم,Look what the cat dragged in.,D,Regex Parse,He looks like he just rolled out of bed and into the party.,"She's a mess, like something the cat threw up.",Look what the dog pulled out of the trash.,Look what the cat dragged in.
a,cot_xl,Arabic,بليلة المباشر ولا ضبيحة (طبيخة) المكاشر,"
Better is a dinner of herbs where love is, than a stalled ox and hatred therewith.",D,Regex Parse,d1,d3,d2,"
Better is a dinner of herbs where love is, than a stalled ox and hatred therewith."
a,cot_xl,Arabic,بین المطرقة والسندان.,Between the upper and nether millstone.,A,Regex Parse,Between the upper and nether millstone.,Squeezed between the upper and lower hammerhead.,Caught between the upper and lower anvil.,Between the upper and lower plowshare.
a,cot_xl,Arabic,الوقاية خير من العلاج/ درهم وقاية خير من قنطار علاج ,Prevention is better than cure,C,"The proverb translates to a well-known idiom in English, emphasizing the value of taking preventive measures over treating a problem after it arises. The phrase 'درهم وقاية' translates to 'a dirham of prevention' and 'قنطار علاج' translates to 'a qintar of cure', where the dirham and qintar are ancient Middle Eastern units of currency. The reasoning behind this proverb is that preventing a problem in the first place is often more effective and less costly than trying to cure it once it has developed.",An ounce of prevention is worth a pound of cure,A grain of prevention is worth a ton of cure,Prevention is better than cure,Prevention is the best medicine
a,cot_xl,Arabic, انكشحت بين امعاه لحشيشَ.,To break the ice.,D,Regex Parse,To shatter the chill.,To break the frost.,To crack the glaze.,To break the ice.
a,cot_xl,Arabic,اللي ما يعرف الغلط ما يتعلم,He who does not know mistakes does not learn,C,Regex Parse,He who knows no mistakes won't learn from them,He who doesn't recognize his mistakes will not learn from them,He who does not know mistakes does not learn,He who doesn't know his errors won't learn
a,cot_xl,Arabic,اللي يخالط المسعدين يسعد.,Happiness is contagious.,A,Parse Failed,Happiness is contagious.,API Failure C,API Failure B,API Failure A
a,cot_xl,Arabic,يجي الخريف.. واللواري بتقيف,Every dog has its day.,C,"The proverb 'يجي الخريف.. واللواري بتقيف' is a translation of 'Every dog has its day'. The original proverb is an idiomatic expression that suggests that every person, regardless of their current circumstances, will eventually have a period of success or recognition. The phrase 'يجي الخريف' translates to 'the autumn comes', implying that every situation will come to an end, and 'اللواري بتقيف' translates to 'the dog will sit', representing the idea that every dog, no matter how small or insignificant, will have its moment of triumph. The correct translation, 'Every dog has its day', conveys the same meaning in a more concise and universal way.",كل كلب يجد مكاناً,كل كلب يعرف المكان,Every dog has its day.,كل كلب يجد يوماً
a,cot_xl,Arabic,كل بخنوس افعين امو اغزال,"Beauty is in the eye of the beholder.
",B,"The Arabic proverb ""كل بخنوس افعين امو اغزال"" translates to 'Beauty is in the eye of the beholder' in English. The phrase ""كل بخنوس"" refers to the concept of beauty being subjective, while ""افعين امو اغزال"" is a poetic way of saying 'in the eye of the beholder.'",Beauty lies at the discretion of the beholder's vision.,"Beauty is in the eye of the beholder.
",Beauty is reflected in the lens of the observer's gaze.,Beauty is lost in the depths of one's perception.
a,cot_xl,Arabic,الباب اللى إِيجيك منه الريح، سده واستريح ,If you are always dwelling in trouble change the address.,A,Regex Parse,If you are always dwelling in trouble change the address.,When you are always immersed in difficulties alter your residence.,If you are always surrounded by calamity change the location.,"If you are perpetually entangled in misfortune, relocate your home."
a,cot_xl,Arabic,بتقول للقمر غيبي وأنا مكانش.,A rose among thorns.,B,Regex Parse,A pearl in the ocean,A rose among thorns.,A needle in the haystack,A gem in the desert
a,cot_xl,Arabic, بِيشتَري سَمَك في بَحَر ,Buy a pig in a poke.,D,Regex Parse,Buy a fox in a sack.,Purchase a cat in a bag.,Acquire a dog in a crate.,Buy a pig in a poke.
a,cot_xl,Arabic,أتبدلت غزلانها بقرودها.,A falling master makes a standing servant. / It is a sorry house where the hens' crow and the cock is silent.,B,Regex Parse,إذا هَوى السيد فَسيد الحاج، فَمن هَوى الحاج فَسيد السيد.,A falling master makes a standing servant. / It is a sorry house where the hens' crow and the cock is silent.,إِن كانَ الحاج مِن عالِمين فَكَفى الحاج مُستعدين.,إِن كانَ السيد مِن كِرام الماءِ فَكانَ الحاج مِن جُدد الماءِ.
a,cot_xl,Arabic,اللسان مافيه عظم.,Think before you speak.,A,Regex Parse,Think before you speak.,Be mindful of your words.,The tongue is a sensitive instrument.,"Speak wisely, for words have power."
a,cot_xl,Arabic,شو جاب الزرقا للبلقا.,Apples and oranges.,B,"The proverb ""شو جاب الزرقا للبلقا"" is an Arabic idiom that translates to ""What did the blue jay bring to the crow,"" but more literally it means ""What did the blue bring to the black."" This proverb is used to describe a situation where two things are fundamentally incompatible or unrelated, much like apples and oranges. The blue and black refer to the sky and the crow's color, which are contrasting colors, symbolizing the incompatibility of the two things being compared.",What did the sun bring to the moon,Apples and oranges.,What did the night bring to the day,What did the red bring to the green
a,cot_xl,Arabic,الفقيه اللي عملناه إقابل الجامع عاد فالحصاير طامع.,Give him an inch and he'll take a mile.,C,Regex Parse,Give him a hand and he'll take the wheel.,Give him a voice and he'll make some noise.,Give him an inch and he'll take a mile.,Give him a chance and he'll take the prize.
a,cot_xl,Arabic,مد رجليك قدر لحافك,Cut your coat according to your cloth.,B,"The proverb 'مد رجليك قدر لحافك' in Arabic means to adjust your expectations according to your resources. The correct translation in English is 'Cut your coat according to your cloth,' which implies that one should not overextend themselves financially or otherwise. To match the complexity and tone of the proverb, the distractors must be crafted carefully.",Make your bed according to your sheets.,Cut your coat according to your cloth.,Tailor your shoes to fit your foot.,Measure your room according to your furniture.
a,cot_xl,Arabic,إنّ الطيور على أشكالها تقع, Birds of a feather flock together.,D,Regex Parse,Birds of the same plumage gather in flocks.,Individuals of identical hues flock together.,All creatures of similar nature congregate., Birds of a feather flock together.
a,cot_xl,Arabic,شو بتعمل الماشطه بهالوش العكر.,Putting lipstick on a pig.,C,Regex Parse,To give a mask to an elephant.,Dressing up a rat.,Putting lipstick on a pig.,Painting a cat black.
a,cot_xl,Arabic,لي خاف سلم. ,The one who shows his fears ensures his salvation.,D,Regex Parse,The one who hides his fears ensures his freedom.,The one who conceals his fears ensures his downfall.,The one who openly shares his fears ensures his rescue.,The one who shows his fears ensures his salvation.
a,cot_xl,Arabic,البحر فيه لاغش,The worst is yet to come.,A,Regex Parse,The worst is yet to come.,"There is still a long way to the shore, and the sea is getting rougher.","The storm has not arrived yet, but its waves are rising high.","The darkness is approaching, and the stars are losing their light."
a,cot_xl,Arabic,قرصه في ناره وعينه على جاره.,The grass is always greener on the other side,A,Regex Parse,The grass is always greener on the other side,The eye is on the neighbor always.,The fire is burning in his mouth.,His mouth is full of fire.
a,cot_xl,Arabic,القُفه ام اضنين بشيلوها نفرين.,It takes two to tango.,A,"The proverb 'القُفه ام اضنين بشيلوها نفرين' is a colloquial Arabic proverb that translates to 'The quilt or we both get cold.' It implies that in a situation where two people are involved, they must both participate or work together to achieve a common goal or avoid a negative outcome. This translates to the English proverb 'It takes two to tango,' which suggests that both parties are necessary for a situation or activity to unfold or for a conflict to escalate.",It takes two to tango.,The quilt or we both lose.,The quilt or we both get caught.,The quilt or we both freeze.
a,cot_xl,Arabic,كلّه عند العرب صابون,"For the Bedouin, it’s all soap",A,Regex Parse,"For the Bedouin, it’s all soap","For the Bedouin, soap is everything.","For the Bedouin, soap is the answer to every problem.","To the Bedouin, it's all about cleaning up."
a,cot_xl,Arabic,إنفخ يا شريم قال ماكو برطم ,Born to suffer./ You can not escape bad luck,D,"The proverb ""إنفخ يا شريم قال ماكو برطم"" is based on a metaphorical expression. The literal translation of ""إنفخ"" means 'to blow', ""شريم"" means 'a horn', ""قال"" means 'said', ""ماكو"" means 'no one', and ""برطم"" means 'a stubborn person'. The proverb is suggesting that just as a horn is blown to signal something, a stubborn person will always find a way to suffer or be unlucky, implying that bad luck is inevitable. The correct answer 'Born to suffer./ You can not escape bad luck' captures this essence.",إنفخ يا شريم قال يجد كل شئ برطم، يهرب من مصائب بلا طعم,إنفخ يا شريم قال يظل برطم، لا ينجو من مصائب,إنفخ يا شريم قال يجد كل شئ برطم، لا يهرب من مصائب,Born to suffer./ You can not escape bad luck
a,cot_xl,Arabic,التسوي كريت تلقى في جلدها.,What goes around comes around.,A,Regex Parse,What goes around comes around.,Actions taken will be reflected in the community.,The consequences of one's actions will be felt by others.,What is done to others will be done to their kin.
a,cot_xl,Arabic,أحضر الناس جوابا من لم يغضب,The best answer will come from the person who is not angry.,A,"The proverb ""أحضر الناس جوابا من لم يغضب"" is an Arabic idiom that suggests the best solution or answer often comes from someone who remains calm and composed, unaffected by emotions such as anger. This phrase is often used to encourage people to remain calm and objective when faced with a problem, as anger can cloud judgment and lead to impulsive decisions.",The best answer will come from the person who is not angry.,Someone from a distant town can offer the best response if they are not overcome with rage.,The wisest answer often comes from someone who is not consumed by wrath and remains collected.,The best solution is usually provided by those who maintain their composure and do not succumb to fury.
a,cot_xl,Arabic,كل من كان عالي وطى كل من كان سارح بالشياه هطى,Pride goes before a fall.,B,Regex Parse,العلو يسبق للنقص,Pride goes before a fall.,الذئب يسبق للذئب,الغرور يسبق للخزي
