sample_id,language,source_proverb,gold,original_gold,distractors,fallback,strategy,Choice_A,Choice_B,Choice_C,Choice_D,Answer,gen_attempts,gen_info,semantic_max_sim
283,English,No man can serve two masters,A person cannot divide their loyalties or pursue two contradictory goals.,A person cannot divide their loyalties or pursue two contradictory goals.,"[""Having two leaders will always lead to better decisions for a person."", ""Loyalty to one master makes a person less effective in other areas."", ""This saying means that people should avoid having more than one job.""]",False,S2,This saying means that people should avoid having more than one job.,A person cannot divide their loyalties or pursue two contradictory goals.,Loyalty to one master makes a person less effective in other areas.,Having two leaders will always lead to better decisions for a person.,B,1,generated,0.4003
292,English,Never test the depth of water with both feet,Do not jump into something risky without understanding the consequences first.,"before going whole hog into something unknown, assess the risk well.","[""You should always be fully committed without hesitation."", ""Testing the waters with both feet is the best way to dive in confidently."", ""This approach is perfect for choosing a new outfit before a party.""]",False,S2,You should always be fully committed without hesitation.,This approach is perfect for choosing a new outfit before a party.,Do not jump into something risky without understanding the consequences first.,Testing the waters with both feet is the best way to dive in confidently.,C,1,generated,0.2583
62,English,Count your chickens before they are hatched,Don't be hasty in evaluating one's assets,Don't be hasty in evaluating one's assets.,"[""Count your eggs carefully before expecting results"", ""Assess your resources only after they are fully developed"", ""Plan for the future based on what you already have""]",False,S2,Assess your resources only after they are fully developed,Count your eggs carefully before expecting results,Plan for the future based on what you already have,Don't be hasty in evaluating one's assets,D,1,generated,0.3397
1099,English,"Translators, traitors",It is impossible to perfectly translate a sentence from one language to another.,Translating a sentence perfectly from one language to another is technically impossible.,"[""Translators are untrustworthy people who betray their native language."", ""Translating a sentence is easier than understanding it."", ""This saying means that traitors try to hide their actions by speaking in different languages.""]",False,S2,This saying means that traitors try to hide their actions by speaking in different languages.,It is impossible to perfectly translate a sentence from one language to another.,Translators are untrustworthy people who betray their native language.,Translating a sentence is easier than understanding it.,B,1,generated,0.6631
ENG0096,English,Rain on someone's parade.,Spoil someone's plans,Spoil someone's plans.,"[""Make someone's life easier"", ""Celebrate someone's success"", ""Predict someone's future""]",False,S2,Spoil someone's plans,Make someone's life easier,Celebrate someone's success,Predict someone's future,A,1,generated,0.5091
1223,English,Marriage makes or mars a man,Being married can either help or hinder you in your life.,Being married can either help or hinder you in your life.,"[""A man is either made or ruined by the choice to get married, regardless of the circumstances."", ""Marriage always improves a person's character and success."", ""This saying applies to friendships rather than marriage.""]",False,S2,Being married can either help or hinder you in your life.,Marriage always improves a person's character and success.,"A man is either made or ruined by the choice to get married, regardless of the circumstances.",This saying applies to friendships rather than marriage.,A,1,generated,0.5895
87,English,God tempers the wind to the shorn lamb.,Heaven is more kind to the weak.,Heaven is more kind to the weak.,"[""God controls nature to protect innocent animals."", ""Strength is rewarded with divine favor."", ""The strong must help the weak in times of crisis.""]",False,S2,God controls nature to protect innocent animals.,Strength is rewarded with divine favor.,Heaven is more kind to the weak.,The strong must help the weak in times of crisis.,C,1,generated,0.5941
224,English,"If you can't beat 'em, join 'em",It is sometimes necessary to surrender one’s pride and conform to another person’s or group’s way of doing things.,It is sometimes necessary to surrender one’s pride and conform to another person’s or group’s way of doing things.,"[""If you cannot defeat someone physically, you should become their friend."", ""It is best to avoid others who do not share your values or methods."", ""When you disagree with a group, you should try to change them instead of working with them.""]",False,S2,It is sometimes necessary to surrender one’s pride and conform to another person’s or group’s way of doing things.,"If you cannot defeat someone physically, you should become their friend.",It is best to avoid others who do not share your values or methods.,"When you disagree with a group, you should try to change them instead of working with them.",A,1,generated,0.4993
785,English,There's small choice in rotten apples,Having many bad options is just as useless as having none at all.,"If you have a lot of options, but they are all bad, it is the same as having few or no options at all.","[""A few good choices are better than many bad ones."", ""If you find one bad apple, you should look for more to compare."", ""It's better to waste bad options than to take none.""]",False,S2,A few good choices are better than many bad ones.,It's better to waste bad options than to take none.,Having many bad options is just as useless as having none at all.,"If you find one bad apple, you should look for more to compare.",C,1,generated,0.5885
1238,English,"He is unworthy to live, who lives only for himself","It is important to think of the needs of others, not only your own.","It is important to think of the needs of others, not only your own.","[""A person who lives only for themselves has no right to exist."", ""Selfishness is the highest form of living."", ""Only those who live for others should be allowed to live in society.""]",False,S2,Only those who live for others should be allowed to live in society.,"It is important to think of the needs of others, not only your own.",Selfishness is the highest form of living.,A person who lives only for themselves has no right to exist.,B,1,generated,0.4474
786,English,"Wise men learn by other men’s mistakes, fools by their own",Wise people learn from others' mistakes to avoid repeating them themselves.,Wise people are observant so that they can learn by example rather than t hrough the time and energy wasted in their own failed experiences.,"[""Fools are more likely to make mistakes than wise men."", ""Wise men make mistakes more often because they take more risks."", ""This proverb means that mistakes should be shared publicly for learning purposes.""]",False,S2,Fools are more likely to make mistakes than wise men.,Wise people learn from others' mistakes to avoid repeating them themselves.,This proverb means that mistakes should be shared publicly for learning purposes.,Wise men make mistakes more often because they take more risks.,B,1,generated,0.695
520,English,Love is without reason,Love is not based on logical reasons.,You can’t explain why people fall in love with each other.,"[""People fall in love because they are irrational."", ""Love grows stronger when you argue logically."", ""This proverb means you should fall in love with your family first.""]",False,S2,Love is not based on logical reasons.,Love grows stronger when you argue logically.,This proverb means you should fall in love with your family first.,People fall in love because they are irrational.,A,1,generated,0.5519
778,English,Every law has a loophole,"If one tries hard enough, they can find their way around any law or rule.","If one tries hard enough, they can find their way ar ound any law or rule.","[""Laws are written with flaws and weaknesses built into them."", ""It is best to obey every law without question or exception."", ""A loophole in a law proves that the law was never important to begin with.""]",False,S2,A loophole in a law proves that the law was never important to begin with.,Laws are written with flaws and weaknesses built into them.,"If one tries hard enough, they can find their way around any law or rule.",It is best to obey every law without question or exception.,C,1,generated,0.4948
ENG0867,English,People who live in glass houses should not throw stones.,"If you have flaws similar to others, you shouldn't point them out for fear of being judged yourself.",One should not criticize others for faults similar to one's own and risk retaliation.,"[""People who live in fragile homes are more likely to cause damage when they throw things."", ""You should throw stones at others to expose their weaknesses, especially if you are secure in your own strengths."", ""It's dangerous to build a house from glass because it can easily be broken by thrown objects.""]",False,S2,"You should throw stones at others to expose their weaknesses, especially if you are secure in your own strengths.",People who live in fragile homes are more likely to cause damage when they throw things.,"If you have flaws similar to others, you shouldn't point them out for fear of being judged yourself.",It's dangerous to build a house from glass because it can easily be broken by thrown objects.,C,1,generated,0.576
304,English,"While there is life, there is hope","As long as you're alive, there's always a chance for improvement, so keep striving for better things.","As long as you are alive, there is always hope of better times and better things to come, so don’t give up trying to improve your circumstances or make positive changes.","[""If you're still breathing, you should expect good things to happen immediately."", ""Giving up is acceptable because hope only exists after life ends."", ""This saying means that hope is only possible if you're surrounded by others who are also alive.""]",False,S2,"As long as you're alive, there's always a chance for improvement, so keep striving for better things.",This saying means that hope is only possible if you're surrounded by others who are also alive.,"If you're still breathing, you should expect good things to happen immediately.",Giving up is acceptable because hope only exists after life ends.,A,1,generated,0.5189
878,English,"A prophet is not without honor, save in his own country",People are more likely to believe in a foreign expert than one from their own country,People are more likely to believe in a foreign expert than one from their own kin.,"[""A prophet is always honored everywhere except in their hometown"", ""People give more honor to local experts than to outsiders"", ""This saying means that famous people are always respected in their home country""]",False,S2,A prophet is always honored everywhere except in their hometown,People are more likely to believe in a foreign expert than one from their own country,This saying means that famous people are always respected in their home country,People give more honor to local experts than to outsiders,B,1,generated,0.5891
1048,English,He who wills the end wills the means,"If one is determined enough to achieve a goal, they will take whatever actions are necessary to get there.","If one is determined enough to reach their goal, they will make any sacrifices and take the necessary risks to do so.","[""The end result is more important than how you achieve it, so any method is acceptable."", ""Only those who are willing to give up their goals should avoid taking difficult steps."", ""This saying means that planning ahead is unnecessary when you're certain of your destination.""]",False,S2,"If one is determined enough to achieve a goal, they will take whatever actions are necessary to get there.",Only those who are willing to give up their goals should avoid taking difficult steps.,This saying means that planning ahead is unnecessary when you're certain of your destination.,"The end result is more important than how you achieve it, so any method is acceptable.",A,1,generated,0.4663
847,English,Be just before you are generous,Pay off your own debts before helping others financially.,Make sure your own debts are paid before lending to others.,"[""Be generous with everyone, no matter your own situation."", ""Lend money to others before you pay your own debts."", ""Be generous in charity before you are fair in business.""]",False,S2,Pay off your own debts before helping others financially.,Lend money to others before you pay your own debts.,"Be generous with everyone, no matter your own situation.",Be generous in charity before you are fair in business.,A,1,generated,0.9015
32,English,Burning the midnight oil,Work late into the night,"work late into the night. Originally this was by the light of an oil lamp or candle. More recently, the phrase is used figuratively, alluding back its use before electric lighting.","[""Stay up all night for fun"", ""Rest early to be productive"", ""Avoid working at night""]",False,S2,Rest early to be productive,Avoid working at night,Stay up all night for fun,Work late into the night,D,1,generated,0.7777
ENG1507,English,When the cat's away the mice will play.,People tend to misbehave when there is no supervision.,"Without supervision, people misbehave.","[""Mice are more active when a cat is not around."", ""When people are watched closely, they behave better."", ""The absence of a cat causes the mice to leave the house.""]",False,S2,People tend to misbehave when there is no supervision.,The absence of a cat causes the mice to leave the house.,Mice are more active when a cat is not around.,"When people are watched closely, they behave better.",A,1,generated,0.3656
197,English,Fake it until you make it,Acting as if you already have a quality can help you develop it over time.,One who imitat es a desired quality with confidence will eventually realize that quality.,"[""Faking a trait will eventually fool everyone into believing it's real."", ""Only those who are naturally good at something should try to improve it."", ""This strategy works well in professional settings but not in personal relationships.""]",False,S2,Only those who are naturally good at something should try to improve it.,This strategy works well in professional settings but not in personal relationships.,Faking a trait will eventually fool everyone into believing it's real.,Acting as if you already have a quality can help you develop it over time.,D,2,generated,0.5441
69,English,Power corrupts,People tend to act in their own interests when they gain authority and are not held accountable.,"When people get authority and influence with less accountability, they tend to use that influence in their own interests.","[""Having power makes people physically weaker and less capable."", ""People without power often take advantage of others to gain influence."", ""Power is only useful in political situations and not in everyday life.""]",False,S2,People without power often take advantage of others to gain influence.,People tend to act in their own interests when they gain authority and are not held accountable.,Having power makes people physically weaker and less capable.,Power is only useful in political situations and not in everyday life.,B,1,generated,0.66
ENG0610,English,Don’t throw the baby out with the bathwater,Avoid discarding valuables.,Avoid discarding valuables.,"[""Don’t keep unneeded items."", ""Only throw away the baby, not the bathwater."", ""Don’t use too much water when bathing a baby.""]",False,S2,Avoid discarding valuables.,Don’t use too much water when bathing a baby.,"Only throw away the baby, not the bathwater.",Don’t keep unneeded items.,A,1,generated,0.7658
ENG0025,English,Fortune favors the brave.,"If you act courageously, you are more likely to succeed.","If you carry out your plans boldly, luck is more likely to favor you.","[""Brave people always receive good fortune no matter what they do."", ""Fortune only favors those who are lucky, not those who are brave."", ""Being brave guarantees financial wealth.""]",False,S2,"If you act courageously, you are more likely to succeed.",Brave people always receive good fortune no matter what they do.,"Fortune only favors those who are lucky, not those who are brave.",Being brave guarantees financial wealth.,A,1,generated,0.5451
ENG0794,English,Never go to bed on an argument,Resolve conflicts before going to sleep,Resolve disputes before sleeping.,"[""Avoid sleeping in if there was a disagreement"", ""It's better to argue after waking up than before bed"", ""Never go to sleep without making a final decision""]",False,S2,It's better to argue after waking up than before bed,Avoid sleeping in if there was a disagreement,Never go to sleep without making a final decision,Resolve conflicts before going to sleep,D,1,generated,0.6919
985,English,From the sublime to the ridiculous is but a step,A beautiful or impressive thing can quickly turn into something silly or trivial.,Something beautiful or amazing can easily be followed by something mundane or foolish.,"[""The difference between the highest and lowest things is very small."", ""Something foolish can easily lead to something amazing."", ""This phrase means that great achievements are always followed by great failures.""]",False,S2,A beautiful or impressive thing can quickly turn into something silly or trivial.,Something foolish can easily lead to something amazing.,This phrase means that great achievements are always followed by great failures.,The difference between the highest and lowest things is very small.,A,1,generated,0.8229
ENG0097,English,Saved by the bell.,Rescued at the last moment.,Rescued at the last moment.,"[""Saved by a ringing bell in a literal sense."", ""Destroyed just in time by an unexpected event."", ""Celebrated for acting early to prevent a problem.""]",False,S2,Saved by a ringing bell in a literal sense.,Destroyed just in time by an unexpected event.,Rescued at the last moment.,Celebrated for acting early to prevent a problem.,C,1,generated,0.466
358,English,One swallow does not make a summer,A single positive event doesn't guarantee lasting success.,A single sign does not mean that a major change has occurred.,"[""A swallow is too small to bring warm weather."", ""If you see a swallow, you can be sure summer has arrived."", ""This proverb means that summer is unpredictable and unreliable.""]",False,S2,This proverb means that summer is unpredictable and unreliable.,A single positive event doesn't guarantee lasting success.,"If you see a swallow, you can be sure summer has arrived.",A swallow is too small to bring warm weather.,B,1,generated,0.2063
ENG0527,English,Accidents will happen,Unforeseen problems are bound to occur in life.,Mistakes or mishaps are inevitable.,"[""Accidents are caused by carelessness and can be avoided."", ""Accidents only happen to people who are unlucky."", ""Accidents are a sign of good fortune and positive change.""]",False,S2,Accidents are caused by carelessness and can be avoided.,Unforeseen problems are bound to occur in life.,Accidents are a sign of good fortune and positive change.,Accidents only happen to people who are unlucky.,B,1,generated,0.5475
842,English,"If you're not paying, you're the product","If you're not paying for something, you're being used for profit.",Nothing is for free.,"[""If you're not being sold anything, you're being sold yourself."", ""If you're paying, you're the one being taken advantage of."", ""If you're not working, you're the one who benefits.""]",False,S2,"If you're not being sold anything, you're being sold yourself.","If you're paying, you're the one being taken advantage of.","If you're not paying for something, you're being used for profit.","If you're not working, you're the one who benefits.",C,1,generated,0.7332
ENG0372,English,Might is right.,Power determines what is considered just or acceptable.,Those with the most strength or power think they can do whatever they want.,"[""Strength is the most important quality in a person."", ""Those who are kind and gentle are respected the most."", ""Only the strongest people should be allowed to speak in public.""]",False,S2,Those who are kind and gentle are respected the most.,Only the strongest people should be allowed to speak in public.,Strength is the most important quality in a person.,Power determines what is considered just or acceptable.,D,1,generated,0.3742
ENG0342,English,Liars need good memories.,People who lie must remember their stories to avoid being caught.,People who do not tell the truth must be careful to remember what they say.,"[""Telling lies improves a person's memory over time."", ""Honest people need to remember things more carefully than others."", ""Liars are naturally gifted at remembering facts and details.""]",False,S2,People who lie must remember their stories to avoid being caught.,Honest people need to remember things more carefully than others.,Liars are naturally gifted at remembering facts and details.,Telling lies improves a person's memory over time.,A,1,generated,0.7271
1067,English,Love lives in cottages as well as in courts,"Love can happen to anyone, no matter their social or financial background.",All kinds of people fall in love regardless of their social or financial status.,"[""Love only exists in simple homes and not in wealthy places."", ""People in higher social classes are more capable of loving others."", ""This means that love is more powerful in rural areas than in cities.""]",False,S2,"Love can happen to anyone, no matter their social or financial background.",This means that love is more powerful in rural areas than in cities.,Love only exists in simple homes and not in wealthy places.,People in higher social classes are more capable of loving others.,A,1,generated,0.4734
1160,English,Rather death than shame,It is better to die than to lose one's honor.,Honor is more important than life itself.,"[""Death is preferable to any kind of fear."", ""Shame is more important than life in certain situations."", ""One should avoid death at all costs to maintain happiness.""]",False,S2,Shame is more important than life in certain situations.,Death is preferable to any kind of fear.,It is better to die than to lose one's honor.,One should avoid death at all costs to maintain happiness.,C,1,generated,0.4954
342,English,Everybody loves a winner,"Successful people tend to attract followers, while the less fortunate get left behind","Successful people tend to attract followers, while the less fortunate get left behind .","[""People only show affection to those who are physically strong or athletic"", ""Unsuccessful people are often the ones who receive the most support and admiration"", ""Winning a game is the only way to earn respect from others""]",False,S2,Unsuccessful people are often the ones who receive the most support and admiration,"Successful people tend to attract followers, while the less fortunate get left behind",Winning a game is the only way to earn respect from others,People only show affection to those who are physically strong or athletic,B,1,generated,0.6475
210,English,Speak softly and carry a big stick,It means to act non-aggressively while being prepared to use force if necessary.,"Speak softly and carry a big stick' is a proverbial saying advising the tactic of caution and non-aggression, backed up by the ability to carry out violent action if required.","[""It means to talk loudly and show weakness to avoid conflict."", ""It means to always use violence as the first approach and avoid diplomacy."", ""It means to whisper secrets and hide one's true intentions.""]",False,S2,It means to always use violence as the first approach and avoid diplomacy.,It means to whisper secrets and hide one's true intentions.,It means to act non-aggressively while being prepared to use force if necessary.,It means to talk loudly and show weakness to avoid conflict.,C,1,generated,0.5436
101,English,Forbidden fruit is the sweetest.,"When something is forbidden, it becomes more tempting.","When something is not allowed, we are more tempted to it.","[""Fruit that is not allowed to eat tastes better than other fruit."", ""When something is allowed, we lose interest in it."", ""The most delicious fruit is always the one that is allowed to eat.""]",False,S2,"When something is forbidden, it becomes more tempting.","When something is allowed, we lose interest in it.",Fruit that is not allowed to eat tastes better than other fruit.,The most delicious fruit is always the one that is allowed to eat.,A,1,generated,0.532
1182,English,The gods send nuts to those who have no teeth,Good things can come to people who are no longer able to benefit from them.,Good fortune sometimes comes to people who can no longer use it or enjoy it.,"[""People with strong teeth are favored by the gods."", ""The gods only help those who are physically capable of using their gifts."", ""This proverb is about the importance of dental health.""]",False,S2,This proverb is about the importance of dental health.,The gods only help those who are physically capable of using their gifts.,People with strong teeth are favored by the gods.,Good things can come to people who are no longer able to benefit from them.,D,1,generated,0.2782
168,English,You can have too much of a good thing,Even good things can be harmful if overdone.,Just because something is good and enjoyable doesn’t mean you should have it in unlimited quantities.,"[""Having a lot of something good is always better."", ""You should avoid good things to prevent excess."", ""This applies to bad habits, not enjoyable activities.""]",False,S2,You should avoid good things to prevent excess.,Having a lot of something good is always better.,Even good things can be harmful if overdone.,"This applies to bad habits, not enjoyable activities.",C,1,generated,0.6154
432,English,Pity is akin to love.,"If you start to feel sympathy for someone, you might come to love them.","If you begin to feel sorry for someone, you may start to love them.","[""Pity is the same thing as love and can replace it completely."", ""Loving someone means you should never feel pity for them."", ""Pity and love are only similar in the context of a battlefield.""]",False,S2,"If you start to feel sympathy for someone, you might come to love them.",Loving someone means you should never feel pity for them.,Pity is the same thing as love and can replace it completely.,Pity and love are only similar in the context of a battlefield.,A,1,generated,0.5806
ENG0453,English,Stolen fruit is sweet,What is forbidden is the most tempting.,What is forbidden is the most tempting.,"[""Taking something you don't own makes it taste better."", ""Forbidden things are usually not worth pursuing."", ""Stolen food is always of higher quality.""]",False,S2,What is forbidden is the most tempting.,Forbidden things are usually not worth pursuing.,Taking something you don't own makes it taste better.,Stolen food is always of higher quality.,A,1,generated,0.6452
237,English,The bane of my life,The source of my suffering or misfortune,The agent of ruin or woe.,"[""Someone who brings good fortune into my life"", ""The greatest joy I have ever experienced"", ""A tool used for medical procedures""]",False,S2,A tool used for medical procedures,The source of my suffering or misfortune,The greatest joy I have ever experienced,Someone who brings good fortune into my life,B,1,generated,0.3581
976,English,Prosperity makes friends; adversity tries them,"It is easy to make friends when life is comfortable, but when we face hard times, we find out who our true friends are.","It is easy to make friends when life is comfortable, but when we face hard times, we find out who our true friends are.","[""Friends are only valuable when you are wealthy and successful."", ""Difficult times help us make more friends than good times do."", ""This proverb means that friends should never be expected to help during adversity.""]",False,S2,Difficult times help us make more friends than good times do.,Friends are only valuable when you are wealthy and successful.,"It is easy to make friends when life is comfortable, but when we face hard times, we find out who our true friends are.",This proverb means that friends should never be expected to help during adversity.,C,1,generated,0.7095
ENG0417,English,ounce of discretion is worth a pound of wit.,It is better to be cautious and discreet than to try to be funny.,It is better to be cautious and discreet than to try to be funny.,"[""A small amount of humor is more valuable than a lot of caution."", ""It is better to use your intelligence than to be careful."", ""A little knowledge is more useful than a lot of cleverness in a scientific experiment.""]",False,S2,A little knowledge is more useful than a lot of cleverness in a scientific experiment.,It is better to use your intelligence than to be careful.,A small amount of humor is more valuable than a lot of caution.,It is better to be cautious and discreet than to try to be funny.,D,1,generated,0.7472
388,English,He that is not with me is against me,The idea that anyone who does not support your cause is seen as being against you.,Some people take the stand that if someone is not supportive of their cause then they automatic ally consider them to be against it.,"[""Someone who is neutral is the same as being an enemy."", ""If you don't oppose me, you are for me."", ""This rule applies to cooking disagreements in the kitchen.""]",False,S2,"If you don't oppose me, you are for me.",The idea that anyone who does not support your cause is seen as being against you.,Someone who is neutral is the same as being an enemy.,This rule applies to cooking disagreements in the kitchen.,B,1,generated,0.5096
123,English,Rome was not built in a day.,Achieving great things requires time and effort.,"Great tasks take time, hard work and perseverance.","[""Rome was destroyed quickly because it was poorly built."", ""Important tasks are always easy and quick to complete."", ""Only ancient cities required long periods to develop.""]",False,S2,Rome was destroyed quickly because it was poorly built.,Important tasks are always easy and quick to complete.,Achieving great things requires time and effort.,Only ancient cities required long periods to develop.,C,1,generated,0.324
424,English,Necessity knows no law,Desperation can drive people to break the law.,Being desperate may lead you to do illegal things.,"[""Necessity creates legal exceptions."", ""People who are not desperate always follow the law."", ""Laws are made to prevent unnecessary actions.""]",False,S2,Laws are made to prevent unnecessary actions.,Necessity creates legal exceptions.,Desperation can drive people to break the law.,People who are not desperate always follow the law.,C,1,generated,0.5044
242,English,Every horse thinks its own pack is heaviest,People believe their own workload is the hardest.,We think that we work the hardest. This is also called responsibility bias: People tend to overvalue their own contributions and undervalue contributions of others.,"[""Horses are naturally stronger than other animals."", ""Everyone agrees that others work harder than themselves."", ""The proverb is about how horses carry heavy loads.""]",False,S2,The proverb is about how horses carry heavy loads.,Horses are naturally stronger than other animals.,Everyone agrees that others work harder than themselves.,People believe their own workload is the hardest.,D,1,generated,0.4556
ENG0010,English,{Costs an arm and a leg},Extremely costly,Very expensive.,"[""Requires physical effort or injury"", ""Very cheap or affordable"", ""Something that is easily given or sacrificed""]",False,S2,Requires physical effort or injury,Something that is easily given or sacrificed,Very cheap or affordable,Extremely costly,D,1,generated,0.4945
1030,English,Call no man happy till he is dead,"True happiness can only be judged in hindsight, after a person's life has ended.",Happiness is fleeting.,"[""Everyone is happy until they die."", ""A person is only happy when they are not alive."", ""You should wait until someone is dead to congratulate them on their achievements.""]",False,S2,Everyone is happy until they die.,"True happiness can only be judged in hindsight, after a person's life has ended.",A person is only happy when they are not alive.,You should wait until someone is dead to congratulate them on their achievements.,B,1,generated,0.6168
MID0381,Arabic,اللي ما رضى خببزة يرضى بنصها ,الشخص الذي لا يرضى بما قسمه الله له يضطر في النهاية إلى قبول أقل,It is an example of a person who is not satisfied with what God has destinied for him and is forced to accept less in the end.,"[""الشخص الذي يرفض الخبز يجد نفسه يقبل نصفه"", ""الشخص الذي يرضى بما قسمه الله له يحصل على أكثر من نصف الخبز"", ""الخبز يُقسَّم بين الناس وفقًا لرضائهم عنه""]",False,S2,الخبز يُقسَّم بين الناس وفقًا لرضائهم عنه,الشخص الذي يرضى بما قسمه الله له يحصل على أكثر من نصف الخبز,الشخص الذي يرفض الخبز يجد نفسه يقبل نصفه,الشخص الذي لا يرضى بما قسمه الله له يضطر في النهاية إلى قبول أقل,D,1,generated,0.5097
MID0051,Arabic,إنك تضرب في حديد بارد,أنت تحاول تغيير شيء لا يمكنك تغييره,You’re trying to change something that you can’t.,"[""أنت تتعامل مع شخص قوي وصلب"", ""أنت تُظهر قوتك أمام من يُظهر ضعفه"", ""أنت تُحاول إصلاح ما لا يحتاج إلى إصلاح""]",False,S2,أنت تحاول تغيير شيء لا يمكنك تغييره,أنت تتعامل مع شخص قوي وصلب,أنت تُحاول إصلاح ما لا يحتاج إلى إصلاح,أنت تُظهر قوتك أمام من يُظهر ضعفه,A,1,generated,0.773
MID0356,Arabic,إصرف ما في الجيب يأتيك ما في الغيب.,إنفاق ما في جيبك يجلب لك ما لا تعرفه من الغيب,"A proverb encourages spending money, and Allah will grant you from where you do not expect. Pocket: a bag sewn into clothing to carry money and so on.","[""الإمساك بما في جيبك يحميك من الضرر"", ""من يحتفظ بماله يحصل على مال أكثر من غير المتوقع"", ""إنفاق المال في الأوقات السيئة يجلب الحظ السيء""]",False,S2,إنفاق المال في الأوقات السيئة يجلب الحظ السيء,من يحتفظ بماله يحصل على مال أكثر من غير المتوقع,الإمساك بما في جيبك يحميك من الضرر,إنفاق ما في جيبك يجلب لك ما لا تعرفه من الغيب,D,1,generated,0.6166
MID0358,Arabic,الصديق وقت الضيق.,الصديق الحقيقي هو من يدعمك وقت الشدة,The proverb means that a true friend is the one who supports you when you face difficulties and problems in life.,"[""الصديق وقت الضيق هو من يبتعد عنك عندما تواجه الصعوبات"", ""الصديق الحقيقي هو من يختبرك بالمشاكل ليرى مدى صبرك"", ""الصديق وقت الضيق هو من يطلب منك المساعدة عندما يواجه مشكلة""]",False,S2,الصديق الحقيقي هو من يدعمك وقت الشدة,الصديق وقت الضيق هو من يبتعد عنك عندما تواجه الصعوبات,الصديق وقت الضيق هو من يطلب منك المساعدة عندما يواجه مشكلة,الصديق الحقيقي هو من يختبرك بالمشاكل ليرى مدى صبرك,A,1,generated,0.8486
MID0363,Arabic,أنا باللقمة لفمو وهو بالمشهاب لعيني.,يُشير هذا المثل إلى الشخص الجاحد الذي ينتقم من الآخرين أو يخونهم بعدما يُحسن إليه.,This proverb is used to describe a person who is ungrateful and betrays others.,"[""يصف شخصًا يحب食物 كثيرًا ويُظهر اهتمامه بالطعام أكثر من الناس."", ""يُقصد به الشخص الذي يكافئ الآخرين ويُظهر امتنانه لهم."", ""يُستخدم لوصف العلاقة بين الأصدقاء الذين يتفاهمون ويتفاوضون بصدق.""]",False,S2,يصف شخصًا يحب食物 كثيرًا ويُظهر اهتمامه بالطعام أكثر من الناس.,يُستخدم لوصف العلاقة بين الأصدقاء الذين يتفاهمون ويتفاوضون بصدق.,يُقصد به الشخص الذي يكافئ الآخرين ويُظهر امتنانه لهم.,يُشير هذا المثل إلى الشخص الجاحد الذي ينتقم من الآخرين أو يخونهم بعدما يُحسن إليه.,D,1,generated,0.7078
MID0487,Arabic,وِجّو بيقطع الرزق,يُقال للأشخاص غير الحظوظ,This phrase is said to refer to the unlucky people.,"[""يُقال لمن يعاني من نقص في الطعام"", ""يُقال للأشخاص الذين يجلبون الحظ للآخرين"", ""يُقال لمن يهدرون المال بلا طائل""]",False,S2,يُقال للأشخاص غير الحظوظ,يُقال لمن يهدرون المال بلا طائل,يُقال للأشخاص الذين يجلبون الحظ للآخرين,يُقال لمن يعاني من نقص في الطعام,A,1,generated,0.6674
MID0705,Arabic,إطعم الفم تستحى العين.,إذا أردت أن يبقى شخص بجانبك أو ينفعك، فعليك أن تكون سخياً عليه مالياً,"If you want someone to be by your side or to benefit from fhim, you have to be generous with them financially.","[""إذا أطعمت شخصاً فسيكون منحشك بالعين"", ""إذا كنت لا تريده أن ينفعك، فعليك أن تُحسن إليه مالياً"", ""إذا أطعمت شخصاً فسيكون سعيداً ويتفرج دون تدخل""]",False,S2,إذا أطعمت شخصاً فسيكون سعيداً ويتفرج دون تدخل,إذا أردت أن يبقى شخص بجانبك أو ينفعك، فعليك أن تكون سخياً عليه مالياً,إذا كنت لا تريده أن ينفعك، فعليك أن تُحسن إليه مالياً,إذا أطعمت شخصاً فسيكون منحشك بالعين,B,1,generated,0.7535
MID0596,Arabic,إن ضاق بيك الأمر، اشرب زجاجة خمر,إذا واجهت صعوبة، فاحلِلها بحكمة وعقل,"This proverb is widely used by the Ja'aliyin, Kawahla, Khawalda, and Arkaiyin in the Wad Madani region (according to the author), and the proverb is religiously, medically, scientifically, and logically rejected as well.","[""إذا شعرت بالضيق، فاسترح بالخمر"", ""كلما سهُل الأمر عليك، اشرب الخمر"", ""عندما تجد الأمور سهلة، فضّها بشرب الخمر""]",False,S2,إذا شعرت بالضيق، فاسترح بالخمر,كلما سهُل الأمر عليك، اشرب الخمر,إذا واجهت صعوبة، فاحلِلها بحكمة وعقل,عندما تجد الأمور سهلة، فضّها بشرب الخمر,C,1,generated,0.5218
MID0552,Arabic,جمل يعصر وجمل ياكل العصارة:,يُشير إلى الأشخاص الذين يستفيدون من جهود الآخرين لتحقيق النجاح,The proverb refers to people who succeed through the efforts of others.,"[""يُشير إلى شخص يتعب ويقوم بجهد بينما يأكله الآخرون حرفيًا"", ""يُشير إلى الأشخاص الذين يكافحون ويحققون النجاح بينما الآخرون يستغلونهم"", ""يُشير إلى التنافس الشريف بين الأصدقاء في تحقيق الأهداف""]",False,S2,يُشير إلى الأشخاص الذين يكافحون ويحققون النجاح بينما الآخرون يستغلونهم,يُشير إلى شخص يتعب ويقوم بجهد بينما يأكله الآخرون حرفيًا,يُشير إلى الأشخاص الذين يستفيدون من جهود الآخرين لتحقيق النجاح,يُشير إلى التنافس الشريف بين الأصدقاء في تحقيق الأهداف,C,1,generated,0.8426
MID0031,Arabic,احفظ قرشك الأبيض ليومك الأسود.,احفظ المال في الأوقات الجيدة لاستخدامه في الأوقات الصعبة.,It is a popular proverb used to emphasize the need to save and avoid extravagance.,"[""استهلك قرشك الأبيض عندما ترى يومًا أسود."", ""الاستهلاك المفرط يجلب الحظ السعيد."", ""يُستخدم هذا المثل لوصف الفرح في الأوقات الصعبة.""]",False,S2,الاستهلاك المفرط يجلب الحظ السعيد.,استهلك قرشك الأبيض عندما ترى يومًا أسود.,يُستخدم هذا المثل لوصف الفرح في الأوقات الصعبة.,احفظ المال في الأوقات الجيدة لاستخدامه في الأوقات الصعبة.,D,1,generated,0.5343
MID0591,Arabic,رمية من غير رامي,أن يُنسب قول حكيم أو جيد إلى شخص غير مؤهل قاله دون أن يُعرف هويته الحقيقية,It is a proverb when an unqualified person says something or makes a good statement and it is credited to him.,"[""أن يرمي شخص غير متعمد ويفوت هدفه عمدًا"", ""أن يُنسب الفضل في قول ما إلى الشخص الأهل فقط"", ""أن يُستخدم هذا القول في سياق الشخص الذي يخطئ ويكشف عن جهله""]",False,S2,أن يُستخدم هذا القول في سياق الشخص الذي يخطئ ويكشف عن جهله,أن يُنسب الفضل في قول ما إلى الشخص الأهل فقط,أن يرمي شخص غير متعمد ويفوت هدفه عمدًا,أن يُنسب قول حكيم أو جيد إلى شخص غير مؤهل قاله دون أن يُعرف هويته الحقيقية,D,1,generated,0.7332
MID0522,Arabic,فود عوجان.,يُستخدم هذا المثل لوصف الشخص الذي يعود إلى عائلته بعد غياب طويل يبحث عن منفعة، لكنه يجلب ضررًا بدلًا من منفعة.,"This proverb is used to describe a person who returns to their family after a long absence in search of benefit, but instead of bringing something positive, they bring something harmful or detrimental.","[""يُشير إلى الشخص الذي يعود إلى عائلته بعد غياب ليمتص الدعم المادي دون إعطاء شيء في المقابل."", ""يُستخدم هذا المثل لوصف الشخص الذي يعود إلى عائلته بعد غياب ويبعث بالخير والمنفعة لهم."", ""يُستخدم هذا المثل للدلالة على الشخص الذي يترك عائلته طمعًا في الربح.""]",False,S2,يُستخدم هذا المثل للدلالة على الشخص الذي يترك عائلته طمعًا في الربح.,يُستخدم هذا المثل لوصف الشخص الذي يعود إلى عائلته بعد غياب طويل يبحث عن منفعة، لكنه يجلب ضررًا بدلًا من منفعة.,يُشير إلى الشخص الذي يعود إلى عائلته بعد غياب ليمتص الدعم المادي دون إعطاء شيء في المقابل.,يُستخدم هذا المثل لوصف الشخص الذي يعود إلى عائلته بعد غياب ويبعث بالخير والمنفعة لهم.,B,1,generated,0.8431
MID0216,Arabic,اصبوعي في حلوجهم وصبوعهم في عيوني.,يعني أن هناك من يفعل الخير الكثير في حين يقابل بعدم الوفاء,One of the popular proverbs that expresses the rejection of ingratitude. It means that there are those who do a lot of good and in return they only receive ingratitude.,"[""يعني أن يأخذ الآخرون مني ويعطون لي"", ""يعني أن يكافئ المرء من يسيئ إليه"", ""يُستخدم للتعبير عن الفرح والامتنان""]",False,S2,يعني أن هناك من يفعل الخير الكثير في حين يقابل بعدم الوفاء,يُستخدم للتعبير عن الفرح والامتنان,يعني أن يكافئ المرء من يسيئ إليه,يعني أن يأخذ الآخرون مني ويعطون لي,A,1,generated,0.6907
MID0064,Arabic,المَمنُوع مَرْغُوب.,المنع قد يزيد من رغبة الناس في الحصول على الشيء الممنوع أو التجربة,Prohibition may increase people's desire to obtain or experience the forbidden thing.,"[""الشيء الممنوع دائمًا هو الأفضل"", ""كلما زاد الرغب في الشيء، زاد احتمال منعه"", ""يُستخدم هذا المثل لوصف تأثير الحوافز على السلوك""]",False,S2,يُستخدم هذا المثل لوصف تأثير الحوافز على السلوك,كلما زاد الرغب في الشيء، زاد احتمال منعه,المنع قد يزيد من رغبة الناس في الحصول على الشيء الممنوع أو التجربة,الشيء الممنوع دائمًا هو الأفضل,C,1,generated,0.6551
MID0317,Arabic,اللي فات مات (ماتلا عليه التلفات),لا تندم على الماضي ولا تهتم بما فقدته,The proverb urges not to look back and regret what has passed.,"[""من يموت يظل مرتبطًا بالماضي"", ""من الأفضل التعلق بالماضي والاستمرار في متابعته"", ""الشخص الذي ينظر إلى الوراء يجد مشاكل جديدة""]",False,S2,الشخص الذي ينظر إلى الوراء يجد مشاكل جديدة,من يموت يظل مرتبطًا بالماضي,من الأفضل التعلق بالماضي والاستمرار في متابعته,لا تندم على الماضي ولا تهتم بما فقدته,D,1,generated,0.5931
MID0040,Arabic,الإفراط في التّواضع يجلب المذلّة,الإفراط في التواضع يجعل الإنسان ضعيفًا وعرضة للإهانة,It means that appearing too humble can demean a person and make him vulnerable to humiliation.,"[""التواضع يجلب على الإنسان المجد والكثير من الاحترام"", ""من يُظهر فخره يجد نفسه في المذلة"", ""الإفراط في التواضع يُظهر قوة الشخصية وسمو الأخلاق""]",False,S2,من يُظهر فخره يجد نفسه في المذلة,الإفراط في التواضع يجعل الإنسان ضعيفًا وعرضة للإهانة,الإفراط في التواضع يُظهر قوة الشخصية وسمو الأخلاق,التواضع يجلب على الإنسان المجد والكثير من الاحترام,B,1,generated,0.8013
MID0236,Arabic,اللي فات مات.,يعني أنه يجب ألا نتعلق بالماضي ونبكي على الماضي، بل نتعلم منه ونستقبل المستقبل بتفاؤل,"This proverb is effective psychological advice for those whose thinking is mortgaged to the past, which is a serious psychological illness because it harms sound thinking and paralyzes a person’s movement towards the future. Thinking makes a person become a prisoner of the past and its bitter memories, and makes him cry over the ruins of those who have passed away, but the tear that falls will not return, and this proverb spreads a spirit of optimism and a new start.","[""يعني أن الماضي يعود مرة أخرى ويُعاقبنا على أفعالنا السابقة"", ""يُوصي الشخص بالبقاء مُتعلقًا بالماضي لأنه يحتوي على ذكريات جيدة لا يجب تجاهلها"", ""يُشير إلى أن الماضي يمكن إعادته من خلال الأحلام والطموحات المستقبلية""]",False,S2,يعني أنه يجب ألا نتعلق بالماضي ونبكي على الماضي، بل نتعلم منه ونستقبل المستقبل بتفاؤل,يُوصي الشخص بالبقاء مُتعلقًا بالماضي لأنه يحتوي على ذكريات جيدة لا يجب تجاهلها,يُشير إلى أن الماضي يمكن إعادته من خلال الأحلام والطموحات المستقبلية,يعني أن الماضي يعود مرة أخرى ويُعاقبنا على أفعالنا السابقة,A,1,generated,0.6753
MID0059,Arabic,سماعك بالْمُعَيَدِيِّ خير من أن تراه سمك في ماء,الاستماع إلى شخص ما من بعيد أفضل من رؤيته في بيئة غير مناسبة، أي أنه يبدو أفضل من بعيد,Someone is a natural.,"[""الاستماع إلى شخص ما يُظهر قدراته أكثر من رؤيته في الماء"", ""من الأفضل رؤية الشخص في محيطه الطبيعي بدلاً من سماعه من بعيد"", ""الشخص الذي يظهر جيدًا في البداية قد يخيب ظنك لاحقًا""]",False,S2,من الأفضل رؤية الشخص في محيطه الطبيعي بدلاً من سماعه من بعيد,الاستماع إلى شخص ما من بعيد أفضل من رؤيته في بيئة غير مناسبة، أي أنه يبدو أفضل من بعيد,الاستماع إلى شخص ما يُظهر قدراته أكثر من رؤيته في الماء,الشخص الذي يظهر جيدًا في البداية قد يخيب ظنك لاحقًا,B,3,generated,0.8458
MID0425,Arabic,ابن الحرام بيساويها وابن الحلال بيوقع فيها,يعني أن الشخص البريء هو الذي يتحمل عواقب أفعال الشخص الذنب,The proverb means that the innocent person always bears the mistakes and consequences of what the guilty person does.,"[""يعني أن الشخص الذي يرتكب الحرام يتعامل مع الأمور بمساواة"", ""يعني أن الشخص الحلال يتحمل أخطاء الشخص الحرام"", ""يعني أن هذا القول ينطبق على من يأكلون الحلال والحرام بالتساوي""]",False,S2,يعني أن الشخص الحلال يتحمل أخطاء الشخص الحرام,يعني أن الشخص البريء هو الذي يتحمل عواقب أفعال الشخص الذنب,يعني أن الشخص الذي يرتكب الحرام يتعامل مع الأمور بمساواة,يعني أن هذا القول ينطبق على من يأكلون الحلال والحرام بالتساوي,B,1,generated,0.8414
MID0073,Arabic,خاطبوا الناس على قدر عقولهم.,التواصل مع الناس يجب أن يكون وفقاً لمستوى فهمهم وذكائهم,It means that communication with people should be done according to their level of understanding and intellect.,"[""يجب على الناس التحدث معك بحسب مستوى ذكائهم الخاص بهم"", ""التواصل مع الناس يجب أن يكون بمستوى أعلى من فهمهم ليتعلموا منه"", ""يجب على المرء أن يعامل الناس بشكل متساوٍ بغض النظر عن فهمهم""]",False,S2,يجب على المرء أن يعامل الناس بشكل متساوٍ بغض النظر عن فهمهم,التواصل مع الناس يجب أن يكون بمستوى أعلى من فهمهم ليتعلموا منه,يجب على الناس التحدث معك بحسب مستوى ذكائهم الخاص بهم,التواصل مع الناس يجب أن يكون وفقاً لمستوى فهمهم وذكائهم,D,1,generated,0.832
MID0155,Arabic,الدنيا زي الغازية، ترقص لكل واحد شوية,كل كلب ليومه,Every dog has its day.,"[""الدنيا ترقص للجميع بنفس القدر"", ""من لا يعمل لا يفرح"", ""الفرح يعتمد على المكانة الاجتماعية""]",False,S2,كل كلب ليومه,الدنيا ترقص للجميع بنفس القدر,الفرح يعتمد على المكانة الاجتماعية,من لا يعمل لا يفرح,A,1,generated,0.3494
MID0169,Arabic,ايش ياخد الريح من البلاط؟,يُقال عن الشخص الذي لا يُشتهيه أحد لأنه لا يملك شيئًا أو ليس له قيمة,"It is said about a person who no one covets because he does not own anything or has no value. This proverb is used in response to someone who says, “Beware, there are those who covet him.”","[""يُقال عن الشخص الذي يأخذ الرياح ما يملكه من بلاط"", ""يُقال عن الشخص الذي يُقدّر عليه الناس ويُحترمونه لعدم امتلاكه شيئًا"", ""يُقال لمن يشك في نوايا الآخرين ويُتهمونهم بالحسد دون سبب""]",False,S2,يُقال عن الشخص الذي لا يُشتهيه أحد لأنه لا يملك شيئًا أو ليس له قيمة,يُقال لمن يشك في نوايا الآخرين ويُتهمونهم بالحسد دون سبب,يُقال عن الشخص الذي يأخذ الرياح ما يملكه من بلاط,يُقال عن الشخص الذي يُقدّر عليه الناس ويُحترمونه لعدم امتلاكه شيئًا,A,1,generated,0.7356
MID0767,Arabic,تجيك التهايم وإنت نايم,يصف شخصًا بريئًا يتعرض للاتهام بالخطأ,This proverb is used to describe an innocent person who is accused of committing something wrong.,"[""يُستخدم لوصف شخص يرتكب فعلًا خاطئًا أثناء نومه"", ""يُستخدم ليدل على أن الشيطان يُلهِّي الشخص عن ذنبه"", ""يُستخدم لوصف شخص يحلم بأفعال سيئة""]",False,S2,يصف شخصًا بريئًا يتعرض للاتهام بالخطأ,يُستخدم ليدل على أن الشيطان يُلهِّي الشخص عن ذنبه,يُستخدم لوصف شخص يحلم بأفعال سيئة,يُستخدم لوصف شخص يرتكب فعلًا خاطئًا أثناء نومه,A,1,generated,0.5002
MID0622,Arabic,بليلة المباشر ولا ضبيحة (طبيخة) المكاشر,من يُعطِيّ القليل بحبٍّ وابتسامةٍ خيرٌ من من يُعطِيني الكثير بلا لطف,"Someone who gives you a little with love and a smile is better than someone who gives you a lot but without kindness. It is like the Egyptian proverb ""Meet me, but don't feed me.""","[""من يقدّم لك طعامًا دافئًا خيرٌ من من يقدّم لك طعامًا باردًا"", ""الشخص الذي يعطيك الكثير بلا لطف هو الأفضل على الإطلاق"", ""ال proverb يُشير إلى تفضيل الزواج السريع على طهي وجبة كثيرة""]",False,S2,الشخص الذي يعطيك الكثير بلا لطف هو الأفضل على الإطلاق,من يقدّم لك طعامًا دافئًا خيرٌ من من يقدّم لك طعامًا باردًا,ال proverb يُشير إلى تفضيل الزواج السريع على طهي وجبة كثيرة,من يُعطِيّ القليل بحبٍّ وابتسامةٍ خيرٌ من من يُعطِيني الكثير بلا لطف,D,1,generated,0.7626
MID0071,Arabic,بین المطرقة والسندان.,إنه يصف حالة شخص أو موقف يواجهان صعوبتين من جانبيه ولا يوجد له خيار سهل,"It means that a person or situation is in difficult circumstances and is confused about two difficult choices, where there is no easy way out. It refers to having to deal with pressure or challenges from two different or opposing sides.","[""إنه يشير إلى أن الشخص يتخذ قرارًا حكيمًا بعد التفكير الجيد"", ""إنه يُظهر أن الشخص يستطيع التغلب على كل الصعاب بذكاء وقوة"", ""إنه يُستخدم لوصف شخص يأخذ قراراته بسرعة دون التفكير""]",False,S2,إنه يصف حالة شخص أو موقف يواجهان صعوبتين من جانبيه ولا يوجد له خيار سهل,إنه يشير إلى أن الشخص يتخذ قرارًا حكيمًا بعد التفكير الجيد,إنه يُستخدم لوصف شخص يأخذ قراراته بسرعة دون التفكير,إنه يُظهر أن الشخص يستطيع التغلب على كل الصعاب بذكاء وقوة,A,1,generated,0.5322
MID0068,Arabic,الوقاية خير من العلاج/ درهم وقاية خير من قنطار علاج ,من الأفضل اتخاذ إجراءات وقائية لتجنب المشاكل أو الأمراض بدلاً من انتظار حدوثها ثم معالجتها,Taking preventive measures and procedures to avoid problems or diseases is much better than waiting until the problem occurs and then trying to treat it.,"[""الوقاية هي أفضل طريقة للعلاج الفوري"", ""من الأفضل معالجة المشكلة بعد حدوثها بدلاً من الوقاية منها"", ""يجب دائمًا اختيار العلاج الفوري بدلًا من الانتباه إلى الوقاية""]",False,S2,يجب دائمًا اختيار العلاج الفوري بدلًا من الانتباه إلى الوقاية,الوقاية هي أفضل طريقة للعلاج الفوري,من الأفضل اتخاذ إجراءات وقائية لتجنب المشاكل أو الأمراض بدلاً من انتظار حدوثها ثم معالجتها,من الأفضل معالجة المشكلة بعد حدوثها بدلاً من الوقاية منها,C,2,generated,0.8136
MID0307,Arabic, انكشحت بين امعاه لحشيشَ.,يعني اختفاء الحواجز والخلافات بين الناس,It is used to describe the disappearance of reservations and the absence of barriers between people.,"[""يعني وجود خلافات كبيرة بين الأشخاص"", ""يعني الحفاظ على المسافات والحدود بين الناس"", ""يُستخدم للإشارة إلى الفرح والاحتفال بين المعارف القديمة""]",False,S2,يعني وجود خلافات كبيرة بين الأشخاص,يُستخدم للإشارة إلى الفرح والاحتفال بين المعارف القديمة,يعني اختفاء الحواجز والخلافات بين الناس,يعني الحفاظ على المسافات والحدود بين الناس,C,1,generated,0.7113
MID0017,Arabic,اللي ما يعرف الغلط ما يتعلم,من يرتكب الأخطاء يتعلم أفضل,Mistakes are the best teachers — learn from errors.,"[""من لا يرتكب أخطاء لا يرتكب أخطاء"", ""من يرتكب الأخطاء يظل مُخطئًا للأبد"", ""من لا يرتكب الأخطاء لا يحتاج إلى التعلم""]",False,S2,من يرتكب الأخطاء يظل مُخطئًا للأبد,من يرتكب الأخطاء يتعلم أفضل,من لا يرتكب أخطاء لا يرتكب أخطاء,من لا يرتكب الأخطاء لا يحتاج إلى التعلم,B,1,generated,0.7829
MID0719,Arabic,اللي يخالط المسعدين يسعد.,السعادة معديّة، فلو عشيت مع شخص سعيد ستصبح سعيدًا,"The proverb means that happiness is contagious. If you live with a happy person, you will be happy. A happy person may not give you any of his money, but he may show you the path to happiness.","[""الشخص السعيد يعطيك ماله ويساعدك مادّيًا"", ""من يعيش مع الأشخاص المكتئبين سيصبح سعيدًا"", ""الكلاب المسعِدة تجلب الحظ السعيد للعائلة""]",False,S2,الشخص السعيد يعطيك ماله ويساعدك مادّيًا,الكلاب المسعِدة تجلب الحظ السعيد للعائلة,السعادة معديّة، فلو عشيت مع شخص سعيد ستصبح سعيدًا,من يعيش مع الأشخاص المكتئبين سيصبح سعيدًا,C,1,generated,0.7287
MID0639,Arabic,يجي الخريف.. واللواري بتقيف,يُستخدم هذا المثل عندما يطلب شخص حاجة من آخر يمتلكها، فيرفض الآخر، فيذكّره الأول بأنه سيحتاج يومًا ما إلى شيء منه.,"A proverb used when a person needs something and this thing is with someone else he knows, so the other person refuses to give it to him. Therefore, the person in need reminds the other person that one day he will need something as well.","[""يُستخدم هذا المثل ليُذكر الناس أن الفصول تتغير وأن الخريف يأتي بعد الصيف."", ""يُستخدم هذا المثل ليُذكّر الناس أن من يساعد الآخرين سيُنسى مساعدته."", ""يُستخدم هذا المثل عندما يتفق شخصان على تبادل المنفعة في المستقبل.""]",False,S2,يُستخدم هذا المثل ليُذكر الناس أن الفصول تتغير وأن الخريف يأتي بعد الصيف.,يُستخدم هذا المثل عندما يطلب شخص حاجة من آخر يمتلكها، فيرفض الآخر، فيذكّره الأول بأنه سيحتاج يومًا ما إلى شيء منه.,يُستخدم هذا المثل عندما يتفق شخصان على تبادل المنفعة في المستقبل.,يُستخدم هذا المثل ليُذكّر الناس أن من يساعد الآخرين سيُنسى مساعدته.,B,1,generated,0.6812
MID0322,Arabic,كل بخنوس افعين امو اغزال,المعنى: تعبير عن حب الأم لילדتها، حيث لا ترى أي عيب فيهم حتى لو رآه الآخرون.,"It is said to express a mother's love for her children, who sees no fault in them, even if people see the opposite.","[""المعنى: كل شخص يرى العيب كما هو عليه بالفعل."", ""المعنى: الأم ترى أخطاء أطفالها أكثر من غيرها."", ""المعنى: يُستخدم لوصف الصداقة الصادقة بين الأصدقاء.""]",False,S2,المعنى: كل شخص يرى العيب كما هو عليه بالفعل.,المعنى: يُستخدم لوصف الصداقة الصادقة بين الأصدقاء.,المعنى: الأم ترى أخطاء أطفالها أكثر من غيرها.,المعنى: تعبير عن حب الأم لילדتها، حيث لا ترى أي عيب فيهم حتى لو رآه الآخرون.,D,1,generated,0.5481
MID0785,Arabic,الباب اللى إِيجيك منه الريح، سده واستريح ,لا تسمح بدخول المشاكل إلى حياتك لتفادي الخلافات والانقسامات,"This proverb is used to urge people not to get into problems, quarrels, and matters that lead to disagreements and division, and to prevent the causes that raise conflicts and quarrels between people.","[""الريح دايرة من الباب فاغلقه حتى لا تدخل"", ""إذا وجدت مشكلة فابقَ فيها واستمتع بها"", ""يُستخدم للتشجيع على الانخراط في المناقشات الجدلية لتوسيع الأفق""]",False,S2,يُستخدم للتشجيع على الانخراط في المناقشات الجدلية لتوسيع الأفق,لا تسمح بدخول المشاكل إلى حياتك لتفادي الخلافات والانقسامات,الريح دايرة من الباب فاغلقه حتى لا تدخل,إذا وجدت مشكلة فابقَ فيها واستمتع بها,B,1,generated,0.622
MID0549,Arabic,بتقول للقمر غيبي وأنا مكانش.,تعني أن المرأة جمالها يشبه نور القمر,It is a popular proverb describes a woman who is as beautiful as the moonlight.,"[""تعني أن القمر يختفي عندما تقول لك شيئاً"", ""تعني أن المرأة تطلب من القمر أن يختفي بدلاً من أن تُمدح"", ""تعني أن الشخص يهتم فقط بالظواهر الطبيعية""]",False,S2,تعني أن القمر يختفي عندما تقول لك شيئاً,تعني أن المرأة جمالها يشبه نور القمر,تعني أن الشخص يهتم فقط بالظواهر الطبيعية,تعني أن المرأة تطلب من القمر أن يختفي بدلاً من أن تُمدح,B,1,generated,0.5802
MID0343,Arabic, بِيشتَري سَمَك في بَحَر ,يشتري سمك في البحر يعني يشتري شيء لم يره أو يتفق على شراء شيء بدون رؤيته أو تقييمه,"This proverb is said when someone sells to another a product that he has not seen, or the seller does not want to show it to him, or he may promise to show it to him later, and asks him to set a specific price for it. Just as you cannot sell or buy fish while it is in the sea, you cannot buy something without seeing it and evaluating it. This proverb is used when you are wanted to express your opinion on something that you have not tried or seen.","[""يشتري السمك من البحر عندما يكون ضيفًا على صديق"", ""يُستخدم عندما يرى المرء الشيء ويتفق على السعر قبل الشراء"", ""يُستخدم عندما يشتري شخص سمكًا من السوق ويبيعه لآخر""]",False,S2,يُستخدم عندما يشتري شخص سمكًا من السوق ويبيعه لآخر,يُستخدم عندما يرى المرء الشيء ويتفق على السعر قبل الشراء,يشتري السمك من البحر عندما يكون ضيفًا على صديق,يشتري سمك في البحر يعني يشتري شيء لم يره أو يتفق على شراء شيء بدون رؤيته أو تقييمه,D,1,generated,0.7536
MID0276,Arabic,أتبدلت غزلانها بقرودها.,أصبحت الظروف أسوأ وتغيّر الحال من الأفضل إلى الأسوأ.,The proverb refers to the change of conditions and bad replaces good.,"[""استبدل الشخص الأشياء الجميلة بالشيء المُماثل."", ""أصبح الشخص أكثر حكمة واعية بمرور الوقت."", ""يُشير إلى تحسن الظروف بدلاً من تدهورها.""]",False,S2,استبدل الشخص الأشياء الجميلة بالشيء المُماثل.,أصبح الشخص أكثر حكمة واعية بمرور الوقت.,أصبحت الظروف أسوأ وتغيّر الحال من الأفضل إلى الأسوأ.,يُشير إلى تحسن الظروف بدلاً من تدهورها.,C,1,generated,0.4918
MID0502,Arabic,اللسان مافيه عظم.,الكلمة تُقال بوعي ولا تُلقى عشوائيًا,This proverb urges being caution and think wisely before talking.,"[""الكلام لا يؤثر لأنه لا يحتوي على عظمة"", ""يُفضل التحدث كثيرًا دون تفكير"", ""يُستخدم هذا القول للدلالة على قوة الكتابة""]",False,S2,الكلمة تُقال بوعي ولا تُلقى عشوائيًا,يُستخدم هذا القول للدلالة على قوة الكتابة,يُفضل التحدث كثيرًا دون تفكير,الكلام لا يؤثر لأنه لا يحتوي على عظمة,A,1,generated,0.5076
MID0295,Arabic,شو جاب الزرقا للبلقا.,يُستخدم للدلالة على مقارنة مكانين مختلفين أو شيئين متعارضين.,It is used to compare two different places or two opposite things (Zarqa and Balqa are Jordanian cities),"[""يشير إلى أن أحدهما قد سبب الضرر للآخر بشكل مباشر."", ""يُفهم منه أن الهدف من القول هو التوصيل إلى تقارب وجهات النظر."", ""يُستخدم للإشارة إلى أن الزرقا والبلقاء يمثلان حالة تعاون وتفاهم.""]",False,S2,يُستخدم للإشارة إلى أن الزرقا والبلقاء يمثلان حالة تعاون وتفاهم.,يشير إلى أن أحدهما قد سبب الضرر للآخر بشكل مباشر.,يُستخدم للدلالة على مقارنة مكانين مختلفين أو شيئين متعارضين.,يُفهم منه أن الهدف من القول هو التوصيل إلى تقارب وجهات النظر.,C,1,generated,0.4452
MID0500,Arabic,الفقيه اللي عملناه إقابل الجامع عاد فالحصاير طامع.,يقال هذا المثل عن الشخص الذي كنت تراه بعين التقدير، لكنه يستحق أن تراه بعين الاستخفاف,"This proverb is said about a person you thought well of, but he deserves you to think badly of him.","[""هذا المثل يشير إلى الشخص الذي يظهر أمام الناس كعالم ثم يعود إلى أفعاله السيئة"", ""هذا المثل يدل على أن الشخص يستحق الاحترام أكثر مما ظننت"", ""هذا المثل يُستخدم لوصف الشخص الذي يتفاخر بعلمه في المكان الخطأ""]",False,S2,يقال هذا المثل عن الشخص الذي كنت تراه بعين التقدير، لكنه يستحق أن تراه بعين الاستخفاف,هذا المثل يدل على أن الشخص يستحق الاحترام أكثر مما ظننت,هذا المثل يشير إلى الشخص الذي يظهر أمام الناس كعالم ثم يعود إلى أفعاله السيئة,هذا المثل يُستخدم لوصف الشخص الذي يتفاخر بعلمه في المكان الخطأ,A,1,generated,0.6984
MID0631,Arabic,مد رجليك قدر لحافك,لا تطمح إلى أكثر مما تستطيع تحمله مالياً أو اجتماعياً,"Always keep your ambitions within the limits of your financial and social status, and so on. For example, if a poor man wants to propose to a beautiful and wealthy girl, he is told, “Stretch your legs to the length of your blanket.”","[""قم بتوسيع إمكانياتك حتى تتجاوز حدودك"", ""كلما زادت ثروتك، زادت قدرتك على تجاهل العواقب"", ""يُستخدم في سياق تجاهل المخاطر في الاستثمار""]",False,S2,كلما زادت ثروتك، زادت قدرتك على تجاهل العواقب,يُستخدم في سياق تجاهل المخاطر في الاستثمار,قم بتوسيع إمكانياتك حتى تتجاوز حدودك,لا تطمح إلى أكثر مما تستطيع تحمله مالياً أو اجتماعياً,D,1,generated,0.5734
MID0024,Arabic,إنّ الطيور على أشكالها تقع,تستخدم المثل لوصف تشابه الناس في الأفكار أو السلوكيات أو التوافق بينهم,"It is a popular and common proverb, used to express the extent to which two people are similar or close in their actions or way of thinking and their compatibility with each other. The phrase has been used in some form since the mid-16th century, and a version of this phrase appeared in 1545 in a satire by the writer William Turner, who used a sentence from this proverb in his satirical comedy, On the Gentle Catholic, and the Rescue of the Romish Fox, in which he said: ""Birds of one kind and colour always fly in one flock"", the phrase was slightly different than it is today, but the main meaning is the same.","[""تستخدم المثل لتوضيح أن الطيور تقع وفقًا لشكلها فقط"", ""يُقصد بالمثل أن الاختلاف بين الأشخاص يُعزز العلاقات الاجتماعية"", ""يُستخدم المثل لوصف ارتفاع الطيور في الجو بشكل متشابه""]",False,S2,يُقصد بالمثل أن الاختلاف بين الأشخاص يُعزز العلاقات الاجتماعية,يُستخدم المثل لوصف ارتفاع الطيور في الجو بشكل متشابه,تستخدم المثل لوصف تشابه الناس في الأفكار أو السلوكيات أو التوافق بينهم,تستخدم المثل لتوضيح أن الطيور تقع وفقًا لشكلها فقط,C,1,generated,0.5802
MID0441,Arabic,شو بتعمل الماشطه بهالوش العكر.,المرأة التي تبدو قبيحة، ولا تُحسّن مظهرها لا يُعِدّها شيء.,This proverb is used to describe an ugly woman who is not helped by beautification.,"[""المرأة التي تستخدم أدوات تجميل خاطئة تصبح أقبح."", ""المرأة الجميلة تتأثر سلبًا بمن حولها."", ""المرأة التي تهتم بمظهرها تُهمل مهاراتها الأخرى.""]",False,S2,المرأة التي تهتم بمظهرها تُهمل مهاراتها الأخرى.,المرأة التي تستخدم أدوات تجميل خاطئة تصبح أقبح.,المرأة التي تبدو قبيحة، ولا تُحسّن مظهرها لا يُعِدّها شيء.,المرأة الجميلة تتأثر سلبًا بمن حولها.,C,1,generated,0.5036
MID0412,Arabic,لي خاف سلم. ,لا تتورط في المواقف الخطرة لتبقي آمنًا,That means don't involved in dangerous situations to stay safe.,"[""الخوف يجلب السلم والسلام"", ""يجب أن تخوض المخاطر للوصول إلى النجاح"", ""لا تتجنب الخطر لأنه يضمن الأمان""]",False,S2,يجب أن تخوض المخاطر للوصول إلى النجاح,لا تتجنب الخطر لأنه يضمن الأمان,الخوف يجلب السلم والسلام,لا تتورط في المواقف الخطرة لتبقي آمنًا,D,1,generated,0.814
MID0219,Arabic,البحر فيه لاغش,يعني أن هناك حركة غير عادية في البحر تشير إلى وقوع كارثة مدمرة قريبًا,(لاغش: an unusual movement of the wave). It indicates the existence of an action that will lead to a devastating disaster.,"[""يعني أن البحر دائمًا هادئ ولن يسبب أي ضرر"", ""يعني أن الحركة غير العادية في البحر تدل على الأمان والهدوء"", ""يُستخدم للإشارة إلى صفاء المياه وعدم وجود موجات""]",False,S2,يعني أن هناك حركة غير عادية في البحر تشير إلى وقوع كارثة مدمرة قريبًا,يعني أن الحركة غير العادية في البحر تدل على الأمان والهدوء,يعني أن البحر دائمًا هادئ ولن يسبب أي ضرر,يُستخدم للإشارة إلى صفاء المياه وعدم وجود موجات,A,1,generated,0.6267
MID0523,Arabic,قرصه في ناره وعينه على جاره.,يصف الشخص الجشع الذي لا يرضى بحاله ويغ慕 ما عند الجار,"This proverb refers to the greed that may affect a person, which makes him greed to have what others have, without being content with his own livelihood.","[""يدل على الشخص الذي يتحمل الآلام من أجل مصلحة الآخرين"", ""هو تعبير عن الشخص الذي يهتم بجاره أكثر من نفسه"", ""يُشير إلى الشخص الذي يتعامل مع مشاكله بحكمة وصبر""]",False,S2,يصف الشخص الجشع الذي لا يرضى بحاله ويغ慕 ما عند الجار,يدل على الشخص الذي يتحمل الآلام من أجل مصلحة الآخرين,هو تعبير عن الشخص الذي يهتم بجاره أكثر من نفسه,يُشير إلى الشخص الذي يتعامل مع مشاكله بحكمة وصبر,A,1,generated,0.6084
MID0614,Arabic,القُفه ام اضنين بشيلوها نفرين.,يُشير إلى التعاون والتكافل والرحمة بين الناس,"It indicates cooperation, solidarity and compassion among people. There is a similar proverb: “One hand can’t clap”, which conveys the same meaning, although it is in the context of urging cooperation.","[""يدل على أن حمل القفَّة مسؤولية شخص واحد"", ""يُعنى بضرورة المنافسة بين الأفراد لتحقيق الأهداف"", ""يُشير إلى أن العمل الجماعي يُبطئ إنجاز المهام""]",False,S2,يدل على أن حمل القفَّة مسؤولية شخص واحد,يُشير إلى أن العمل الجماعي يُبطئ إنجاز المهام,يُعنى بضرورة المنافسة بين الأفراد لتحقيق الأهداف,يُشير إلى التعاون والتكافل والرحمة بين الناس,D,1,generated,0.4253
MID0159,Arabic,كلّه عند العرب صابون,الذين لا يملكون الذوق لا يستطيعون تمييز جودة الأشياء المختلفة,People without taste can’t discern the quality of different things.,"[""كل شيء عند العرب يُنظَر إليه على أنه متشابه"", ""الذين يمتلكون الذوق يستطيعون فقط تمييز الأشياء الرديئة"", ""يُستخدم هذا المثل للإشارة إلى أن العرب لا يقدرون الأشياء الجميلة""]",False,S2,الذين يمتلكون الذوق يستطيعون فقط تمييز الأشياء الرديئة,كل شيء عند العرب يُنظَر إليه على أنه متشابه,الذين لا يملكون الذوق لا يستطيعون تمييز جودة الأشياء المختلفة,يُستخدم هذا المثل للإشارة إلى أن العرب لا يقدرون الأشياء الجميلة,C,2,generated,0.6669
MID0755,Arabic,إنفخ يا شريم قال ماكو برطم ,يُستخدم هذا المثل لوصف الشخص الذي لا يفهم ما تقوله له بغض النظر عن مدى توضيحك أو شرحك له,"This proverb is used to describe someone who does not understand what you are saying or explaining to them. It means that no matter how much you try to clarify or explain, this person is unable to grasp your meaning.","[""يُستخدم هذا المثل لوصف الشخص الذي يرفض الاستماع لك لأنه يرى نفسه أعلى منك"", ""يُستخدم هذا المثل لوصف الشخص الذي يفهم الأمور بسرعة ويحتاج إلى شرح قليل"", ""يُستخدم هذا المثل لوصف المواقف التي تتحول فيها الأمور إلى فوضى بسبب سوء الفهم بين الأطراف""]",False,S2,يُستخدم هذا المثل لوصف المواقف التي تتحول فيها الأمور إلى فوضى بسبب سوء الفهم بين الأطراف,يُستخدم هذا المثل لوصف الشخص الذي لا يفهم ما تقوله له بغض النظر عن مدى توضيحك أو شرحك له,يُستخدم هذا المثل لوصف الشخص الذي يفهم الأمور بسرعة ويحتاج إلى شرح قليل,يُستخدم هذا المثل لوصف الشخص الذي يرفض الاستماع لك لأنه يرى نفسه أعلى منك,B,1,generated,0.7039
MID0605,Arabic,التسوي كريت تلقى في جلدها.,يُشير المثل إلى الشخص الذي يفعل شيئًا معينًا فتُصيبه العواقب السلبية لذلك الفعل، حتى لو مرَّ وقت على فعله.,"This is a Sudanese proverb that is often used to describe someone who does something and it backfires on them, even after a while. There was a man who owned a goat. He had a (Qard) tree, which is a jujube tree that grows naturally and is widely spread in different regions of Sudan. This Qard tree was planted in the courtyard of the house. The goat ate a large amount of the saffron from the Qard tree and got tired from eating so much saffron, and its belly swelled until it was close to death. Before it died, its owner slaughtered it, skinned it, and tanned its hide with Qard so that it would become (fur). The proverb means that the goat brought evil upon itself. Therefore, it became a custom and people began to use this proverb and use it on different occasions to describe people who bring trouble upon themselves.","[""يُشير المثل إلى أن الجلد الذي يُصنع من الضحية يحمي صاحبه من المشاكل."", ""يُشير المثل إلى أن فعل الخير يؤدي دائمًا إلى الخير، حتى لو بدا الأمر صعبًا في البداية."", ""يُشير المثل إلى أن الحيوانات يمكن أن تحمي الإنسان من المخاطر إذا عُاملها بحكمة.""]",False,S2,يُشير المثل إلى الشخص الذي يفعل شيئًا معينًا فتُصيبه العواقب السلبية لذلك الفعل، حتى لو مرَّ وقت على فعله.,يُشير المثل إلى أن الجلد الذي يُصنع من الضحية يحمي صاحبه من المشاكل.,يُشير المثل إلى أن فعل الخير يؤدي دائمًا إلى الخير، حتى لو بدا الأمر صعبًا في البداية.,يُشير المثل إلى أن الحيوانات يمكن أن تحمي الإنسان من المخاطر إذا عُاملها بحكمة.,A,1,generated,0.5395
MID0023,Arabic,أحضر الناس جوابا من لم يغضب,الجواب الأفضل يأتي من الشخص الهادئ,The best answer will come from the person who is not angry.,"[""من لا يغضب لن يجد جواباً"", ""الشخص الغاضب يعطي أفضل إجابة"", ""الصمت أفضل من الغضب في النقاش""]",False,S2,من لا يغضب لن يجد جواباً,الشخص الغاضب يعطي أفضل إجابة,الجواب الأفضل يأتي من الشخص الهادئ,الصمت أفضل من الغضب في النقاش,C,1,generated,0.5226
MID0744,Arabic,كل من كان عالي وطى كل من كان سارح بالشياه هطى,كل من كان فخوراً أصبح قاسياً، وكل من كان مترفاً هاجر إلى المدينة,"Everyone who was arrogant became mean, and everyone who was carefree migrated to the city.","[""كل من كان عالياً في المنزل هبط، وكل من كان يرعى الغنم هاجر"", ""الذوو الأرستقراطيون يبقون أثرياء، والرعاة يصبحون فلاحيين"", ""كل من كان غنياً تصدق، وكل من كان فقيراً هاجر إلى الريف""]",True,S2,الذوو الأرستقراطيون يبقون أثرياء، والرعاة يصبحون فلاحيين,كل من كان عالياً في المنزل هبط، وكل من كان يرعى الغنم هاجر,كل من كان غنياً تصدق، وكل من كان فقيراً هاجر إلى الريف,كل من كان فخوراً أصبح قاسياً، وكل من كان مترفاً هاجر إلى المدينة,D,5,hard-fallback,0.6038
YOR1674,Yoruba,"Ó ńṣe apá kúlú-kúlú bí ẹni ká gbé e jó, ó sì ńṣẹnu hàmù-hàmù bí èyí tí yó gbèéni mì.",Kòsí àwọn arákùnrin tí wó sì ní ẹ̀rò ìtàn ò sì ní ẹ̀rò ìwàlẹ̀wọ̀n,Said of a person who mixes friendly gestures with threatening ones.,"[""Àwọn tí wón ní ẹ̀rò ìtàn ní gbàdúró wàlẹ̀wọ̀n"", ""Àwọn tí wón sì ní ẹ̀rò ìwàlẹ̀wọ̀n àmọ̀ rẹ̀ ò sì ní ẹ̀rò ìtàn"", ""Àwọn tí wón ń wíwélódé ìwàlẹ̀wọ̀n nípò ìtàn rẹ̀""]",False,S2,Àwọn tí wón ní ẹ̀rò ìtàn ní gbàdúró wàlẹ̀wọ̀n,Àwọn tí wón sì ní ẹ̀rò ìwàlẹ̀wọ̀n àmọ̀ rẹ̀ ò sì ní ẹ̀rò ìtàn,Kòsí àwọn arákùnrin tí wó sì ní ẹ̀rò ìtàn ò sì ní ẹ̀rò ìwàlẹ̀wọ̀n,Àwọn tí wón ń wíwélódé ìwàlẹ̀wọ̀n nípò ìtàn rẹ̀,C,3,generated,0.8802
YOR0494,Yoruba,Pẹ̀lẹ́-pẹ̀lẹ́ nijó àgbà; ara gbogbo ló di àkísà tán.,Ẹ̀wọ́ ọlọ́ṣọ̀ Ọlọ́ṣọ̀ kò sòrìnú sí ìṣàríwọ̀n,Elderly people should not overexert themselves.,"[""Ẹ̀wọ́ ọlọ́ṣọ̀ Ọlọ́ṣọ̀ kò sì ńlẹ̀wọ̀n sí ìwò"", ""Ẹ̀wọ́ ọlọ́ṣọ̀ Ọlọ́ṣọ̀ ní kàwọn ẹlẹ́sìn ńlẹ̀wọ̀n sí ìṣàríwọ̀n"", ""Ẹ̀wọ́ ọlọ́ṣọ̀ Ọlọ́ṣọ̀ kò sòrìnú sí ìṣẹ̀ ẹ̀tọ́nì""]",False,S2,Ẹ̀wọ́ ọlọ́ṣọ̀ Ọlọ́ṣọ̀ kò sòrìnú sí ìṣẹ̀ ẹ̀tọ́nì,Ẹ̀wọ́ ọlọ́ṣọ̀ Ọlọ́ṣọ̀ kò sòrìnú sí ìṣàríwọ̀n,Ẹ̀wọ́ ọlọ́ṣọ̀ Ọlọ́ṣọ̀ ní kàwọn ẹlẹ́sìn ńlẹ̀wọ̀n sí ìṣàríwọ̀n,Ẹ̀wọ́ ọlọ́ṣọ̀ Ọlọ́ṣọ̀ kò sì ńlẹ̀wọ̀n sí ìwò,B,2,generated,0.9718
YOR1696,Yoruba,Olóòótọ́ ìlú nìkà ìlú.,Ẹ̀ṣẹ̀rẹ̀ sí ìṣòòrò ní gbogbo ìṣòòrò,Honesty seldom makes one popular.,"[""Ẹ̀ṣẹ̀rẹ̀ sí àwọn ìlú ní ìlú"", ""Ọ̀rẹ̀ ìṣòòrò kọ̀ọ̀kọ̀ rí ní ìṣòòrò"", ""Ẹ̀ṣẹ̀rẹ̀ sí ìwà àwọn ọlọ́ta ní ìwà àwọn ọlọ́ta""]",False,S2,Ẹ̀ṣẹ̀rẹ̀ sí ìṣòòrò ní gbogbo ìṣòòrò,Ọ̀rẹ̀ ìṣòòrò kọ̀ọ̀kọ̀ rí ní ìṣòòrò,Ẹ̀ṣẹ̀rẹ̀ sí àwọn ìlú ní ìlú,Ẹ̀ṣẹ̀rẹ̀ sí ìwà àwọn ọlọ́ta ní ìwà àwọn ọlọ́ta,A,1,generated,0.9056
YOR0519,Yoruba,A kì í duni lóyè ká fọ̀nà ilé-e Baálẹ̀ hanni.,"Ẹ̀wọ́ ní láti rí ìwà rẹ̀ nípa ìyàgbé àti àkínfúnyìn, kò kún nípa ọ̀kan","A person should be treated either as an adversary or as an ally, not as both.","[""Ẹ̀wọ́ ní láti rí ìwà rẹ̀ nípa ìlẹ̀ àti àwáranti, kò kún nípa ọ̀kan"", ""Ẹ̀wọ́ ní láti kíkọ̀rọ̀ ìwà rẹ̀ nípa ìlẹ̀ àti àwáranti, kí ìlẹ̀ kíkàn"", ""Ẹ̀wọ́ ní láti kíkọ̀rọ̀ ìwà rẹ̀ nípa ìlẹ̀ kíkàn, kò kún nípa ọ̀kan""]",False,S2,"Ẹ̀wọ́ ní láti rí ìwà rẹ̀ nípa ìlẹ̀ àti àwáranti, kò kún nípa ọ̀kan","Ẹ̀wọ́ ní láti rí ìwà rẹ̀ nípa ìyàgbé àti àkínfúnyìn, kò kún nípa ọ̀kan","Ẹ̀wọ́ ní láti kíkọ̀rọ̀ ìwà rẹ̀ nípa ìlẹ̀ àti àwáranti, kí ìlẹ̀ kíkàn","Ẹ̀wọ́ ní láti kíkọ̀rọ̀ ìwà rẹ̀ nípa ìlẹ̀ kíkàn, kò kún nípa ọ̀kan",B,3,generated,0.9807
YOR2026,Yoruba,Ọbẹ̀ lọmú àgbà.,"Ẹni ile ya lè ní iranlọwe, ẹyẹ agbọn kíkún kílẹ̀wá","Adults have their own nourishment, even if it differs from children’s.","[""Ọbẹ̀ lè kún ìdànkùnrin sí ẹyẹ"", ""Ẹyẹ kílẹ̀wá lè ní iranlọwe sí ọbẹ̀"", ""Ọbẹ̀ lè ní iranlọwe sí ẹyẹ kílẹ̀wá ní gbogbo nípa ẹwọn ìpàdé""]",False,S2,Ọbẹ̀ lè kún ìdànkùnrin sí ẹyẹ,"Ẹni ile ya lè ní iranlọwe, ẹyẹ agbọn kíkún kílẹ̀wá",Ẹyẹ kílẹ̀wá lè ní iranlọwe sí ọbẹ̀,Ọbẹ̀ lè ní iranlọwe sí ẹyẹ kílẹ̀wá ní gbogbo nípa ẹwọn ìpàdé,B,2,generated,0.9197
YOR0382,Yoruba,Kó-tán-kó-tán lajá ńlá omi.,Wàpada sí léé ní ìyàṣẹ́ látinú àwọn ìyìnṣìn,Said of people who attack good things with excessive greed.,"[""Wàpada sí léé ní ìyàṣẹ́ látinú àwọn ẹ̀ṣìn"", ""Wàpada sí léé ní ìyàṣẹ́ látinú àwọn ìṣẹ́ tí wọn bẹ̀rẹ̀ lẹ́wọ̀n"", ""Wàpada sí léé ní ìyàṣẹ́ látinú àwọn ìṣẹ́ tí wọ́n lè ní ẹ̀kọ́n""]",False,S2,Wàpada sí léé ní ìyàṣẹ́ látinú àwọn ìyìnṣìn,Wàpada sí léé ní ìyàṣẹ́ látinú àwọn ẹ̀ṣìn,Wàpada sí léé ní ìyàṣẹ́ látinú àwọn ìṣẹ́ tí wọn bẹ̀rẹ̀ lẹ́wọ̀n,Wàpada sí léé ní ìyàṣẹ́ látinú àwọn ìṣẹ́ tí wọ́n lè ní ẹ̀kọ́n,A,1,generated,0.9846
YOR0951,Yoruba,"Oore tí Agbé ṣe lọ́fà, ó dagbe",Ẹ̀wẹ̀ ní láti rí ẹ̀yà Agbé àti pèsè tó yí ẹ̀wẹ̀ lẹ́wọ̀n,One should learn from Agbe’s example and be prudent in doing favors.,"[""Agbé ní ẹ̀wẹ̀ lẹ́wọ̀n, kí ó tó ní ẹ̀wẹ̀ kíkún"", ""Ẹ̀wẹ̀ ní láti bẹ̀rẹ̀ ẹ̀wẹ̀ lẹ́wọ̀n, kí ó tó lè bẹ̀rẹ̀ ẹ̀wẹ̀ kíkún"", ""Ẹ̀wẹ̀ ní láti ń ẹ̀wẹ̀ sí ìwà Agbé, kí ó tó lè ń ẹ̀wẹ̀ sí ìwà arákùnrin""]",False,S2,"Ẹ̀wẹ̀ ní láti ń ẹ̀wẹ̀ sí ìwà Agbé, kí ó tó lè ń ẹ̀wẹ̀ sí ìwà arákùnrin","Agbé ní ẹ̀wẹ̀ lẹ́wọ̀n, kí ó tó ní ẹ̀wẹ̀ kíkún",Ẹ̀wẹ̀ ní láti rí ẹ̀yà Agbé àti pèsè tó yí ẹ̀wẹ̀ lẹ́wọ̀n,"Ẹ̀wẹ̀ ní láti bẹ̀rẹ̀ ẹ̀wẹ̀ lẹ́wọ̀n, kí ó tó lè bẹ̀rẹ̀ ẹ̀wẹ̀ kíkún",C,4,generated,0.7999
YOR3639,Yoruba,"Àkẹ̀hìnsí onígbé, bí ẹni tí ńkébòsí.",Kìí sì yìí ṣe kírí lágbáran sí wọn tí kírí sí wọn wípé ìyípo,Seeing something from a disadvantageous perspective is likely to mislead.,"[""Ìyìn àwọn arákùnrà sí wọn tí wọ́n kírí sí wọn wípé ìyípo"", ""Kírí lágbáran sí wọn tí wọ́n kírí lágbáràn sí wọn wípé ìyípo"", ""Kìí sì yìí ṣe kírí lágbáràn sí arákùnrà lóko ní ìyípo""]",False,S2,Kìí sì yìí ṣe kírí lágbáran sí wọn tí kírí sí wọn wípé ìyípo,Kírí lágbáran sí wọn tí wọ́n kírí lágbáràn sí wọn wípé ìyípo,Kìí sì yìí ṣe kírí lágbáràn sí arákùnrà lóko ní ìyípo,Ìyìn àwọn arákùnrà sí wọn tí wọ́n kírí sí wọn wípé ìyípo,A,2,generated,0.9529
YOR2260,Yoruba,"Igbó etílé òun ẹ̀gbin, àdàpọ̀ òwò òun ìyà; yàrá à-jùmọ̀ -gbé ìtalẹ̀ ni nínú.",Ìwòpọ̀ ní ní ìṣẹ̀sẹ̀ nípa àwọn ìlàná wàlẹ̀ àti àkàkàkò,All relationships entail irri tants and require some capacity for accom modation.,"[""Ìgbéwò ní ìwòpọ̀ nípa àwọn ìlàná wàlẹ̀ rí ìgbéwò rẹ̀ lọ"", ""Ìwòpọ̀ ní ní ìṣẹ̀sẹ̀ láti wà ní ìlàná wàlẹ̀ àti ìlàná tó ń gbé"", ""Ìwòpọ̀ ní ní ìṣẹ̀sẹ̀ nípa ìlàná wàlẹ̀ ní ìtàn ìṣòò""]",False,S2,Ìwòpọ̀ ní ní ìṣẹ̀sẹ̀ láti wà ní ìlàná wàlẹ̀ àti ìlàná tó ń gbé,Ìwòpọ̀ ní ní ìṣẹ̀sẹ̀ nípa àwọn ìlàná wàlẹ̀ àti àkàkàkò,Ìwòpọ̀ ní ní ìṣẹ̀sẹ̀ nípa ìlàná wàlẹ̀ ní ìtàn ìṣòò,Ìgbéwò ní ìwòpọ̀ nípa àwọn ìlàná wàlẹ̀ rí ìgbéwò rẹ̀ lọ,B,1,generated,0.9393
YOR1287,Yoruba,Ìpẹ̀ta lọṣẹ àpọ́n.,"Ẹni o kere lẹhin ti o kere si ìwò nípa ìyìn ìyẹn, o ní láti rí ẹ̀kọ̀ tó yìí látinú sílẹ̀",A person who lacks the means to provide properly for himself or herself must be resourceful at making do.,"[""Ẹni ìpẹ̀ta lọṣẹ àpọ́n jẹ́ ìyẹn tí o wà ní àwọn ìṣẹ̀ tó kere si lókàn"", ""Ẹni ìpẹ̀ta lọṣẹ àpọ́n jẹ́ ìyẹn tí o kere si ìyìn ìyẹn, kí o kere si ẹ̀kọ̀ tó yìí látinú sílẹ̀"", ""Ẹni ìpẹ̀ta lọṣẹ àpọ́n jẹ́ ìyẹn tí o ní ìyìn ìyẹn, kí o lè fún sí ẹ̀kọ̀ tó yìí látinú sílẹ̀""]",False,S2,"Ẹni o kere lẹhin ti o kere si ìwò nípa ìyìn ìyẹn, o ní láti rí ẹ̀kọ̀ tó yìí látinú sílẹ̀",Ẹni ìpẹ̀ta lọṣẹ àpọ́n jẹ́ ìyẹn tí o wà ní àwọn ìṣẹ̀ tó kere si lókàn,"Ẹni ìpẹ̀ta lọṣẹ àpọ́n jẹ́ ìyẹn tí o ní ìyìn ìyẹn, kí o lè fún sí ẹ̀kọ̀ tó yìí látinú sílẹ̀","Ẹni ìpẹ̀ta lọṣẹ àpọ́n jẹ́ ìyẹn tí o kere si ìyìn ìyẹn, kí o kere si ẹ̀kọ̀ tó yìí látinú sílẹ̀",A,3,generated,0.8993
YOR2985,Yoruba,"Wón ní, ""Amúkùnún, ru mà wọ́ọ̀.’’ Ó ní ‘‘Ìsàlẹ̀ ló ti w wá.’’","Ẹ̀wẹ̀ kíkọ̀wọ̀n ní ìwòsòlì, kíkò sí àwọn ìsàlẹ̀ rẹ̀","In considering a prob lem, one must look at the root causes, not only the manifestations.","[""Kò ní ìṣòro kíkò sí ìsàlẹ̀"", ""Ẹ̀wẹ̀ kíkọ̀wọ̀n ní ìsàlẹ̀, kíkò sí ìwòsòlì rẹ̀"", ""Ẹ̀wẹ̀ kíkọ̀wọ̀n ní ìwòsòlì, kíkò sí àwọn ẹ̀ṣẹ̀ rẹ̀""]",False,S2,"Ẹ̀wẹ̀ kíkọ̀wọ̀n ní ìwòsòlì, kíkò sí àwọn ẹ̀ṣẹ̀ rẹ̀","Ẹ̀wẹ̀ kíkọ̀wọ̀n ní ìsàlẹ̀, kíkò sí ìwòsòlì rẹ̀",Kò ní ìṣòro kíkò sí ìsàlẹ̀,"Ẹ̀wẹ̀ kíkọ̀wọ̀n ní ìwòsòlì, kíkò sí àwọn ìsàlẹ̀ rẹ̀",D,2,generated,0.9963
YOR3714,Yoruba,Ataepo àti araepo ló mọ ohun tí wọ́n fi ńnuwọ́,Ẹni tí wọ́n ń ṣe ẹbí àti ẹni tí wọ́n ń ṣe ìwà láti mọ̀ ẹká wọn,People who share the same trade or secrets understand one another.,"[""Ẹni tí wọ́n ń ṣe ẹbí láti mọ̀ ẹká wọn nípàwílẹ̀"", ""Ẹni tí wọ́n kò ń ṣe ẹbí àti ẹni tí wọ́n kò ń ṣe ìwà láti mọ̀ ẹká wọn"", ""Ẹni tí wọ́n ń ṣe ẹbí láti kọ̀wà àwọn ìlẹ̀ ìṣòrò wọn""]",True,S2,Ẹni tí wọ́n kò ń ṣe ẹbí àti ẹni tí wọ́n kò ń ṣe ìwà láti mọ̀ ẹká wọn,Ẹni tí wọ́n ń ṣe ẹbí láti kọ̀wà àwọn ìlẹ̀ ìṣòrò wọn,Ẹni tí wọ́n ń ṣe ẹbí àti ẹni tí wọ́n ń ṣe ìwà láti mọ̀ ẹká wọn,Ẹni tí wọ́n ń ṣe ẹbí láti mọ̀ ẹká wọn nípàwílẹ̀,C,5,hard-fallback,0.9783
YOR1539,Yoruba,"A kì í ṣe ẹlẹ́jọ́ ní ""Ngbọ́""?",Kò kúrò sí àwọn ìwàlẹ̀lẹ̀ ní ìṣẹ̀ àwọn ò kílèlè àṣẹ,Do not expect impartial witnessing from an interested party.,"[""Kò kúrò láti rí àwọn ìwàlẹ̀lẹ̀ ní ìṣẹ̀ àwọn ò kílèlè àṣẹ"", ""Ì bára wá ní ìṣẹ̀ àwọn ò kílèlè àṣẹ"", ""Kò kúrò láti jẹ́ ìwàlẹ̀lẹ̀ ní ìṣẹ̀ àwọn kílèlè àṣẹ""]",False,S2,Kò kúrò láti rí àwọn ìwàlẹ̀lẹ̀ ní ìṣẹ̀ àwọn ò kílèlè àṣẹ,Kò kúrò láti jẹ́ ìwàlẹ̀lẹ̀ ní ìṣẹ̀ àwọn kílèlè àṣẹ,Ì bára wá ní ìṣẹ̀ àwọn ò kílèlè àṣẹ,Kò kúrò sí àwọn ìwàlẹ̀lẹ̀ ní ìṣẹ̀ àwọn ò kílèlè àṣẹ,D,3,generated,0.8979
YOR1170,Yoruba,‘‘Bí mo lè kú ma kú’’ lọmọkùrín fi ńlágbára; ‘‘Ng ò lè wáá kú’’ lọmọkùnrín fi ńlẹ.‘‘,"Ẹ̀rí ìyààtí ní ìyàgbára, ẹ̀rí ìyààtí ní ìyàgbára; Ẹ̀rí ìyààtí ní ìyàgbára, ẹ̀rí ìyààtí ní ìyàgbára.",Daring makes the man; caution unmakes the man.,"[""Kì í kú kí ní ìwára, kí ìwára kí ní ìwára."", ""Ìyàgbára lè kú kí ní ìwára, ìyàgbára kí ní ìwára."", ""Ìyàgbára lè kú kí ní ìwára, ìyàgbára kí ní ìwára ní àwọn ìlú rẹ.""]",False,S2,"Ìyàgbára lè kú kí ní ìwára, ìyàgbára kí ní ìwára.","Kì í kú kí ní ìwára, kí ìwára kí ní ìwára.","Ìyàgbára lè kú kí ní ìwára, ìyàgbára kí ní ìwára ní àwọn ìlú rẹ.","Ẹ̀rí ìyààtí ní ìyàgbára, ẹ̀rí ìyààtí ní ìyàgbára; Ẹ̀rí ìyààtí ní ìyàgbára, ẹ̀rí ìyààtí ní ìyàgbára.",D,2,generated,0.856
YOR3947,Yoruba,"Ìgbẹ́kẹ̀lé èèyàn, asán ni.",Àwọn ìyààn lóko jẹ́ kí ìtọ́nú rẹ̀,One should be wary about trusting people.,"[""Ìgbẹ́kẹ̀lé èèyàn ló sì méjì àwọn ìlú"", ""Àwọn ìyààn lóko jẹ́ kí wọ́n lèsìn"", ""Ìgbẹ́kẹ̀lé èèyàn ló sì wà ní ìlú rẹ̀""]",False,S2,Ìgbẹ́kẹ̀lé èèyàn ló sì wà ní ìlú rẹ̀,Àwọn ìyààn lóko jẹ́ kí wọ́n lèsìn,Àwọn ìyààn lóko jẹ́ kí ìtọ́nú rẹ̀,Ìgbẹ́kẹ̀lé èèyàn ló sì méjì àwọn ìlú,C,1,generated,0.8859
YOR2230,Yoruba,Aṣiwèrè èèyàn ní ńkọṣẹ́ àbọ̀ ọjà.,Ẹ̀mí kò láì ní kí ńkọ̀wò ìfẹ̀ní tó kò ní ìròlùwọ̀n,One should not refuse to do a favor that entails no hardship or inconvenience.,"[""Ẹ̀mí kò láì ní kí ńkọ̀wò ìfẹ̀ní tó ní ìròlùwọ̀n"", ""Ẹ̀mí kò láì ní kí ńkọ̀wò ìfẹ̀ní tó kò ní ìfésìn"", ""Ẹ̀mí kò láì ní kí ńkọ̀wò ìfẹ̀ní tó ní ìfésìn""]",True,S2,Ẹ̀mí kò láì ní kí ńkọ̀wò ìfẹ̀ní tó ní ìròlùwọ̀n,Ẹ̀mí kò láì ní kí ńkọ̀wò ìfẹ̀ní tó ní ìfésìn,Ẹ̀mí kò láì ní kí ńkọ̀wò ìfẹ̀ní tó kò ní ìfésìn,Ẹ̀mí kò láì ní kí ńkọ̀wò ìfẹ̀ní tó kò ní ìròlùwọ̀n,D,5,hard-fallback,0.9974
YOR2290,Yoruba,Ọ̀ràn tó bá ṣe ojú ìlú ò fara sin.,"Ẹ̀wà tó wà ní ìle ló bá kó kírè, ẹ̀wà tó wà ní ìlẹ̀ kó ló kírè.",It is pointless to be secretive about something everybody already knows about.,"[""Ọ̀ràn tó bá ṣe ojú ìlú ò fara sin kí ẹ̀wà tó kó kírè ní ìlẹ̀ kó ló kírè."", ""Ọ̀ràn tó bá ṣe ojú ìlú ò fara sin kí ẹ̀wà tó kó kírè ló bá wà ní ìle kírẹ̀."", ""Ọ̀ràn tó bá ṣe ojú ìlú ò fara sin kí ẹ̀wà tó kó kírè ló bá wà ní ìlẹ̀ kírẹ̀.""]",True,S2,Ọ̀ràn tó bá ṣe ojú ìlú ò fara sin kí ẹ̀wà tó kó kírè ló bá wà ní ìle kírẹ̀.,Ọ̀ràn tó bá ṣe ojú ìlú ò fara sin kí ẹ̀wà tó kó kírè ló bá wà ní ìlẹ̀ kírẹ̀.,"Ẹ̀wà tó wà ní ìle ló bá kó kírè, ẹ̀wà tó wà ní ìlẹ̀ kó ló kírè.",Ọ̀ràn tó bá ṣe ojú ìlú ò fara sin kí ẹ̀wà tó kó kírè ní ìlẹ̀ kó ló kírè.,C,5,hard-fallback,0.9391
YOR0743,Yoruba,"""Gbà sókè"" ni ""Gbà sọ́kọ̀""; ohun tó a bá sọ síwájú là ń bá.",Àwọn tó ń sọ̀kọ̀ sí ìwà tó ní ìbíàro yóò ní ìròwà wọn,One reaps the rewards of the good one sows.,"[""Gbà sókè ní ìbààbí, gbà sọ́kọ̀ ní ìbààbí láti sọ̀kọ̀ sí wọn"", ""Àwọn tó ní ìbààbí láti sọ̀kọ̀ yóò ní ìròwà wọn"", ""Gbà sókè sí ẹ̀wà, gbà sọ́kọ̀ ní ìbààbí láti rí ìlànà wọn""]",False,S2,"Gbà sókè sí ẹ̀wà, gbà sọ́kọ̀ ní ìbààbí láti rí ìlànà wọn",Àwọn tó ń sọ̀kọ̀ sí ìwà tó ní ìbíàro yóò ní ìròwà wọn,Àwọn tó ní ìbààbí láti sọ̀kọ̀ yóò ní ìròwà wọn,"Gbà sókè ní ìbààbí, gbà sọ́kọ̀ ní ìbààbí láti sọ̀kọ̀ sí wọn",B,4,generated,0.9295
YOR0015,Yoruba,A kì í fi gbèsè sọ́rùn ṣọ̀ṣọ́.,A lè ṣe iṣẹ́ rẹ̀ nígbà tó bá rí ìfẹ̀sàn,One should discharge one’s obligations before indulging in extravagance.,"[""Gbèsè sọ́rùn ṣọ̀ṣọ́ jẹ́ kòyìí kí àwọn arákùnrin ṣèlẹ̀ sí iṣẹ́ wọn"", ""ÌṣỌ̀ṣỌ́ gbèsè sọ́rùn kí àwọn arákùnrin kò ṣèlẹ̀ sí iṣẹ́ wọn"", ""Gbèsè sọ́rùn ṣọ̀ṣọ́ lè ṣe ìṣòkè rẹ̀ nígbà tó bá rí ìfẹ̀sàn""]",False,S2,Gbèsè sọ́rùn ṣọ̀ṣọ́ jẹ́ kòyìí kí àwọn arákùnrin ṣèlẹ̀ sí iṣẹ́ wọn,Gbèsè sọ́rùn ṣọ̀ṣọ́ lè ṣe ìṣòkè rẹ̀ nígbà tó bá rí ìfẹ̀sàn,A lè ṣe iṣẹ́ rẹ̀ nígbà tó bá rí ìfẹ̀sàn,ÌṣỌ̀ṣỌ́ gbèsè sọ́rùn kí àwọn arákùnrin kò ṣèlẹ̀ sí iṣẹ́ wọn,C,2,generated,0.9717
YOR1074,Yoruba,A kì í fi ojoojúmọ́ rí olè jà kó dà bí-i tọwọ́ ẹni.,Ọ̀wọ́ àwọn ìṣẹ̀ ìṣàrẹ̀ èyìn sí ìwọ̀n ìdá ẹ̀wà.,Self-sufficiency is far better than fortunate opportunism.,"[""Ọ̀wọ́ àwọn ìṣàrẹ̀ ìdá ẹ̀wà sí ìwọ̀n ìṣẹ̀ èyìn."", ""Ọ̀wọ́ ìṣàrẹ̀ ìdá ẹ̀wà ní ìṣẹ̀ èyìn."", ""Ọ̀wọ́ ìṣàrẹ̀ èyìn ní ìwọ̀n ìdá ẹ̀wà lábẹ̀ ìṣẹ̀ èyìn.""]",False,S2,Ọ̀wọ́ àwọn ìṣàrẹ̀ ìdá ẹ̀wà sí ìwọ̀n ìṣẹ̀ èyìn.,Ọ̀wọ́ ìṣàrẹ̀ èyìn ní ìwọ̀n ìdá ẹ̀wà lábẹ̀ ìṣẹ̀ èyìn.,Ọ̀wọ́ àwọn ìṣẹ̀ ìṣàrẹ̀ èyìn sí ìwọ̀n ìdá ẹ̀wà.,Ọ̀wọ́ ìṣàrẹ̀ ìdá ẹ̀wà ní ìṣẹ̀ èyìn.,C,1,generated,0.9061
YOR0996,Yoruba,"Ọkọ̀ ńjò, ọkọ̀ ńjò! Ìgbà tó bá rì, kò parí ná?",Ẹ̀mí kò láti ní ìyàni tí ó wàlè ní ìlẹ̀sìn,There is little one can do about a problem whose outcome is inevitable.,"[""Ọ̀nà tí wọn ńjò ní ìlẹ̀sìn kò díẹ̀ kí wọn ńjò ní ìlẹ̀sìn"", ""Ẹ̀mí ní ìyànì lẹ́sìn pẹ̀lu ìlẹ̀sìn tí ó kùmí sí"", ""Ẹ̀mí ní ìyàni tí wọn kò lè wàlè ní ìlẹ̀sìn rẹ̀""]",False,S2,Ọ̀nà tí wọn ńjò ní ìlẹ̀sìn kò díẹ̀ kí wọn ńjò ní ìlẹ̀sìn,Ẹ̀mí ní ìyànì lẹ́sìn pẹ̀lu ìlẹ̀sìn tí ó kùmí sí,Ẹ̀mí ní ìyàni tí wọn kò lè wàlè ní ìlẹ̀sìn rẹ̀,Ẹ̀mí kò láti ní ìyàni tí ó wàlè ní ìlẹ̀sìn,D,2,generated,0.9124
YOR2981,Yoruba,Ta ní tó Ọlọ́run? Ẹdá tó mọ̀la ò sí.,Ẹni odun lẹ́yìn kí Ọlọ́run,No one is as great or knowledgeable as God.,"[""Ẹni odun lẹ́yìn kí ẹdá"", ""Ẹni odun lẹ́yìn kí ọmọ"", ""Ẹni odun lẹ́yìn kí arákùnrin""]",False,S2,Ẹni odun lẹ́yìn kí arákùnrin,Ẹni odun lẹ́yìn kí ẹdá,Ẹni odun lẹ́yìn kí Ọlọ́run,Ẹni odun lẹ́yìn kí ọmọ,C,1,generated,0.9797
YOR0333,Yoruba,Ilé kì í jó kí baálé tàkakà.,Àìní lóko ní kíkọ̀nì láìlání àwọn ìṣòro tí wọn kò sí ìṣẹ́,One must not ignore matters of grave concern to oneself.,"[""Ìyìnú láìlání àwọn ìṣòro tí wọ́n kò sí ìṣẹ́"", ""Àìní lóko ní kíkọ̀nì lèṣe ìṣòro tí wọn kò sí ìṣẹ́"", ""Àìní lóko ní kíkọ̀nì lèṣe ìṣòro tí wọn sì sí ìṣẹ́""]",False,S2,Àìní lóko ní kíkọ̀nì lèṣe ìṣòro tí wọn kò sí ìṣẹ́,Ìyìnú láìlání àwọn ìṣòro tí wọ́n kò sí ìṣẹ́,Àìní lóko ní kíkọ̀nì lèṣe ìṣòro tí wọn sì sí ìṣẹ́,Àìní lóko ní kíkọ̀nì láìlání àwọn ìṣòro tí wọn kò sí ìṣẹ́,D,1,generated,0.9595
YOR3729,Yoruba,"Àtidé onígbàjámọ̀ là ḿmọ̀, a kì í mọ àtilọ.","Ìwà tí ó wà ní láti kí ìyẹn tí ó lè kírẹ̀, ó lè máa rò.","Once one has served one’s purpose, one is soon forgotten.","[""Ìwà tí ó sì kí ìyẹn tí ó lè kírẹ̀, ó lè máa rò."", ""Ìwà tí ó wà ní láti kí ìyẹn tí ó lè kírẹ̀, ó lè máa rò ranti."", ""Ìwà tí ó sì kí ìyẹn tí ó lè kírẹ̀, ó lè máa rò ní gbogbo ẹ̀sìn.""]",False,S2,"Ìwà tí ó wà ní láti kí ìyẹn tí ó lè kírẹ̀, ó lè máa rò ranti.","Ìwà tí ó sì kí ìyẹn tí ó lè kírẹ̀, ó lè máa rò.","Ìwà tí ó sì kí ìyẹn tí ó lè kírẹ̀, ó lè máa rò ní gbogbo ẹ̀sìn.","Ìwà tí ó wà ní láti kí ìyẹn tí ó lè kírẹ̀, ó lè máa rò.",D,2,generated,0.9934
YOR2860,Yoruba,‘‘Lọ fún mi nílé yìí’’ kọ́ ni ‘‘Lọ fún mi níbòmíràn.’’,Ọ̀rọ̀ pẹ̀lu ẹ̀yẹ́ kí sí ẹ̀yẹ́ mìí wò sílẹ̀.,"If one is shut out of one opportunity, one can usually f ind another elsewhere.40 The following entry is a variant.","[""Ẹ̀wọ́n tó wà nílé yìí kò lè fún ẹ̀wọ́n ìbòmíràn."", ""Ọ̀rọ̀ kí ẹ̀wọ́n tó lè fún ẹ̀yẹ́ sí nílé yìí kò lè fún ìbòmíràn."", ""Ọ̀rọ̀ pẹ̀lu ẹ̀wọ́n tó lè fún ìbòmíràn kí kò lè fún nílé yìí.""]",False,S2,Ẹ̀wọ́n tó wà nílé yìí kò lè fún ẹ̀wọ́n ìbòmíràn.,Ọ̀rọ̀ pẹ̀lu ẹ̀wọ́n tó lè fún ìbòmíràn kí kò lè fún nílé yìí.,Ọ̀rọ̀ kí ẹ̀wọ́n tó lè fún ẹ̀yẹ́ sí nílé yìí kò lè fún ìbòmíràn.,Ọ̀rọ̀ pẹ̀lu ẹ̀yẹ́ kí sí ẹ̀yẹ́ mìí wò sílẹ̀.,D,2,generated,0.4513
YOR2804,Yoruba,"Gagalo-ó ṣubú, ọwọ́ tẹ apákó.","Ní gbà tí à wáyé kírí, ìyàní wáyé gbé àtúkòpé.","When a person loses control, his or her belongings become fair game.","[""Ní gbà tí à lè kírí, ìyàní wáyé ní ìbàwó."", ""Ní gbà tí à lè kírí, ìyàní wáyé kírí àwọn ìyàní wón."", ""Ní gbà tí à wáyé kírí, ìyàní wáyé lèyìn àwọn ìyàní wón.""]",False,S2,"Ní gbà tí à wáyé kírí, ìyàní wáyé gbé àtúkòpé.","Ní gbà tí à lè kírí, ìyàní wáyé kírí àwọn ìyàní wón.","Ní gbà tí à lè kírí, ìyàní wáyé ní ìbàwó.","Ní gbà tí à wáyé kírí, ìyàní wáyé lèyìn àwọn ìyàní wón.",A,5,generated,0.9569
YOR2336,Yoruba,A kì í dúpẹ́ ara ènì.,Grati tude jẹ ẹni oṣòpọ̀ àwọn arákùnrin tabi àwọn arákùnrin,Grati tude is superfluous among close friends or relatives.,"[""Grati tude ní kàn ló bẹ̀rẹ̀ àwọn arákùnrin tabi àwọn arákùnrin"", ""Grati tude ní kàn ló wà ní àwọn arákùnrin tabi àwọn arákùnrin"", ""Grati tude ní kàn ló wà ní àwọn arákùnrin tabi àwọn arákùnrin ní ìfẹ̀ àtúnwá""]",False,S2,Grati tude ní kàn ló wà ní àwọn arákùnrin tabi àwọn arákùnrin,Grati tude ní kàn ló wà ní àwọn arákùnrin tabi àwọn arákùnrin ní ìfẹ̀ àtúnwá,Grati tude ní kàn ló bẹ̀rẹ̀ àwọn arákùnrin tabi àwọn arákùnrin,Grati tude jẹ ẹni oṣòpọ̀ àwọn arákùnrin tabi àwọn arákùnrin,D,1,generated,0.8507
YOR1756,Yoruba,"Bí ó ti ńdun ọmọ ẹyẹ, bẹ́ẹ̀ ló ńdun ọmọ èèyàn.","Ẹni má ńlọ́wọ́lẹ̀ dịẹ̀, kíìmí ńlọ́wọ́lẹ̀ dịẹ̀","Others feel hurt, just as we do.","[""Bẹ́ẹ̀ ló ńdun ọmọ ẹyẹ, bí ó ti ńdun ọmọ èèyàn"", ""Ẹni má ńlọ́wọ́lẹ̀, kíìmí ńlẹ́wọ̀wọ̀"", ""Ẹyẹ̀ má ńdun ọmọ èèyàn, bẹ́ẹ̀ ló ńdun ọmọ ẹyẹ""]",True,S2,"Ẹyẹ̀ má ńdun ọmọ èèyàn, bẹ́ẹ̀ ló ńdun ọmọ ẹyẹ","Bẹ́ẹ̀ ló ńdun ọmọ ẹyẹ, bí ó ti ńdun ọmọ èèyàn","Ẹni má ńlọ́wọ́lẹ̀, kíìmí ńlẹ́wọ̀wọ̀","Ẹni má ńlọ́wọ́lẹ̀ dịẹ̀, kíìmí ńlọ́wọ́lẹ̀ dịẹ̀",D,5,hard-fallback,0.9594
YOR3667,Yoruba,Amúniṣẹ̀sín ẹ̀tẹ̀ tí ńmúni lọ́gangan imú,Ẹ̀yí tí ẹ kò ní ẹsí ní ìyàá lógun ní ẹ̀rí kí ìyìn wọn sílẹ̀ sí ẹ̀wọ̀n,A disfigurement that afflicts one in the most conspicuous place will surely be laughed at.,"[""Ẹ̀yí tí ẹ ní ẹsí ní ìyàá lógun kí ìyìn wọn níkẹ́kẹ̀ sí ẹ̀wọ̀n"", ""Ẹ̀wọ̀n tí ẹ ní ẹsí ní ìyàá lógun kí ẹ ní ìfẹ̀sẹ́n rẹ̀ sí ìyìn wọn"", ""Ẹ̀yí tí ẹ kò ní ẹsí ní ìyàá lógun kí ẹ ní iríwọn sí ìyìn wọn""]",False,S2,Ẹ̀yí tí ẹ ní ẹsí ní ìyàá lógun kí ìyìn wọn níkẹ́kẹ̀ sí ẹ̀wọ̀n,Ẹ̀yí tí ẹ kò ní ẹsí ní ìyàá lógun ní ẹ̀rí kí ìyìn wọn sílẹ̀ sí ẹ̀wọ̀n,Ẹ̀wọ̀n tí ẹ ní ẹsí ní ìyàá lógun kí ẹ ní ìfẹ̀sẹ́n rẹ̀ sí ìyìn wọn,Ẹ̀yí tí ẹ kò ní ẹsí ní ìyàá lógun kí ẹ ní iríwọn sí ìyìn wọn,B,4,generated,0.9462
YOR3612,Yoruba,Adùn-únṣe bí àlejò omi.,Ẹ̀wọ́ ńlẹ̀yìn tí ń ṣe nípa àṣẹ sí wá,A good deed that en tails hardly any cost is easily and cheerfully performed.,"[""Ẹ̀wọ́ tí ó sì ṣe nípa ìfẹ̀wá sí wá"", ""Ẹ̀wọ́ tí ó sì ṣe nípa àṣẹ sí wá"", ""Ẹ̀wọ́ tí ó sì ṣe nípa ọ̀wọ̀ sí wá""]",False,S2,Ẹ̀wọ́ tí ó sì ṣe nípa ọ̀wọ̀ sí wá,Ẹ̀wọ́ tí ó sì ṣe nípa àṣẹ sí wá,Ẹ̀wọ́ tí ó sì ṣe nípa ìfẹ̀wá sí wá,Ẹ̀wọ́ ńlẹ̀yìn tí ń ṣe nípa àṣẹ sí wá,D,1,generated,0.9701
YOR2716,Yoruba,"Bí a kò bá forí sọ, a kì í mọ ìrẹ̀-ẹ́ bẹ̀.",Ìyànlá kò sí ló máa sọrònà nípa ìṣòrò,Nothing teaches caution like a mishap.,"[""Ìyànlá kò sí ló máa rí nípa ìṣòrò"", ""Ìyànlá kò sí ló máa yìí nípa ìṣòrò"", ""Ìyànlá kò sí ló máa tún nípa ìṣòrò""]",False,S2,Ìyànlá kò sí ló máa rí nípa ìṣòrò,Ìyànlá kò sí ló máa sọrònà nípa ìṣòrò,Ìyànlá kò sí ló máa yìí nípa ìṣòrò,Ìyànlá kò sí ló máa tún nípa ìṣòrò,B,3,generated,0.9818
YOR2864,Yoruba,Mò ḿbọ̀! Máa bọ̀! Àwọn méjèèjì lẹ̀rù bá.,Ìwà pẹ̀lẹ̀ní ní lábí ń sọ̀nì nípa ìfẹ̀sàn,Both the person bluffing and the person calling the bluff are secretly apprehensive.,"[""Àwọn ẹ̀kùn ní lábí ń jẹ́ ìdájú"", ""Àwọn méjì lẹ̀rù bá ìlò sí ìwà ìfẹ̀sàn nípa àwọn ìlú"", ""Ìwà pẹ̀lẹ̀ní ní lábí ń sọ̀nì nípa ìṣẹ́ ìlẹ̀kọ̀""]",False,S2,Ìwà pẹ̀lẹ̀ní ní lábí ń sọ̀nì nípa ìfẹ̀sàn,Àwọn ẹ̀kùn ní lábí ń jẹ́ ìdájú,Àwọn méjì lẹ̀rù bá ìlò sí ìwà ìfẹ̀sàn nípa àwọn ìlú,Ìwà pẹ̀lẹ̀ní ní lábí ń sọ̀nì nípa ìṣẹ́ ìlẹ̀kọ̀,A,2,generated,0.9896
YOR1468,Yoruba,"Ọjà tí a fowó rà, owó la fi ńpa.",Mà láti kọ̀ọ̀kan sí irinṣẹ̀ẹ́ rẹ̀ lẹ́yìn àwọn ẹ̀ṣìnṣẹ̀ẹ́ tí ọ̀wọ́n lèṣìnṣẹ̀ẹ́,Do not make gifts of commodities purchased for trade.,"[""Ẹ̀kọ́rọ̀ ọ̀wọ́n lèṣìnṣẹ̀ẹ́ kíì ní ìwòṣìnṣẹ̀ẹ́"", ""Ọ̀wọ́n lèṣìnṣẹ̀ẹ́ kí ní ìwòṣìnṣẹ̀ẹ́ sí àwọn kẹ́kẹ̀ ọ̀wọ́"", ""Ọ̀wọ́n lèṣìnṣẹ̀ẹ́ kíì bẹ̀rẹ̀ ẹ̀ṣìnṣẹ̀ẹ́ rẹ̀ sí ìlẹ̀ ọ̀wọ́""]",False,S2,Ọ̀wọ́n lèṣìnṣẹ̀ẹ́ kí ní ìwòṣìnṣẹ̀ẹ́ sí àwọn kẹ́kẹ̀ ọ̀wọ́,Ẹ̀kọ́rọ̀ ọ̀wọ́n lèṣìnṣẹ̀ẹ́ kíì ní ìwòṣìnṣẹ̀ẹ́,Ọ̀wọ́n lèṣìnṣẹ̀ẹ́ kíì bẹ̀rẹ̀ ẹ̀ṣìnṣẹ̀ẹ́ rẹ̀ sí ìlẹ̀ ọ̀wọ́,Mà láti kọ̀ọ̀kan sí irinṣẹ̀ẹ́ rẹ̀ lẹ́yìn àwọn ẹ̀ṣìnṣẹ̀ẹ́ tí ọ̀wọ́n lèṣìnṣẹ̀ẹ́,D,1,generated,0.9034
YOR0173,Yoruba,"Ara-àìbalẹ̀, olórí àrùn.",Ẹni o le ṣe kí ẹyẹ kí wọn lè ṣàìpó,No disease is greater than hyperactivity.,"[""Ọmọ kí wọ kó le ní ìwà pẹ̀lẹ̀ kí wọ yí kó lè ṣàìpó"", ""Ọmọ kí wọ yí kó lè ṣàìpó, kí wọn lè ṣe pẹ̀lẹ̀"", ""Ẹni o le ṣe kí wọ ní ẹ̀ṣẹ́ àwọn kí wọ lè ṣàìpó""]",False,S2,Ẹni o le ṣe kí wọ ní ẹ̀ṣẹ́ àwọn kí wọ lè ṣàìpó,"Ọmọ kí wọ yí kó lè ṣàìpó, kí wọn lè ṣe pẹ̀lẹ̀",Ẹni o le ṣe kí ẹyẹ kí wọn lè ṣàìpó,Ọmọ kí wọ kó le ní ìwà pẹ̀lẹ̀ kí wọ yí kó lè ṣàìpó,C,3,generated,0.9507
YOR0423,Yoruba,"Ohun tó ṣeé faga là ńfaga sí; èwo ni, ‘‘Ìwòyí àná mo ti na ànaà mi fága-fàga’’? ",Àmọ̀ ní láti rí ọlọ́pà lẹ́wọ̀n pé ìjòju ní ìdàgbà,One should not cheerfully and boastfully embrace disgrace.,"[""Àmọ̀ ní láti rí pé ọlọ́pà yóò ní ìjòju sí wá ní ìdàgbà"", ""Àmọ̀ ní láti rí pé ọlọ́pà ní ìjòju ní ìdàgbà nípa ìṣẹ́ ìwà"", ""Àmọ̀ ní láti rí pé ọlọ́pà yóò ní ìjòju sí wá ní ìdàgbà nípa ìṣẹ́ ìwà rẹ̀""]",False,S2,Àmọ̀ ní láti rí ọlọ́pà lẹ́wọ̀n pé ìjòju ní ìdàgbà,Àmọ̀ ní láti rí pé ọlọ́pà yóò ní ìjòju sí wá ní ìdàgbà,Àmọ̀ ní láti rí pé ọlọ́pà yóò ní ìjòju sí wá ní ìdàgbà nípa ìṣẹ́ ìwà rẹ̀,Àmọ̀ ní láti rí pé ọlọ́pà ní ìjòju ní ìdàgbà nípa ìṣẹ́ ìwà,A,1,generated,0.9272
YOR3900,Yoruba,Ẹṣin kì í kọ eré àsárelé,Ẹni o le ṣe ẹ̀ṣin tí wọ́n máa rí wí wà lẹ́yìn,Nobody refuses an exertion that has a great reward at its conclusion.,"[""Ẹni o le máa wà lẹ́yìn nípa ẹ̀ṣin tí wọ́n máa rí"", ""Ẹ̀ṣin kí kẹ́kẹ̀ lè rí wí wà lẹ́yìn"", ""Ẹni o le ṣe ẹ̀ṣin ní oun tó wà lẹ́yìn kí kẹ́kẹ̀""]",False,S2,Ẹni o le ṣe ẹ̀ṣin tí wọ́n máa rí wí wà lẹ́yìn,Ẹni o le máa wà lẹ́yìn nípa ẹ̀ṣin tí wọ́n máa rí,Ẹ̀ṣin kí kẹ́kẹ̀ lè rí wí wà lẹ́yìn,Ẹni o le ṣe ẹ̀ṣin ní oun tó wà lẹ́yìn kí kẹ́kẹ̀,A,1,generated,0.9403
YOR3498,Yoruba,Ẹni tó mọ iyì-i wúrà là ńtà á fún.,"Ẹmí rí, dá úlọpẹ̀ lẹ́yìn ò kò ní ẹbí ò bẹ̀rẹ̀ ẹ̀wọ́nì",Do not squander treasure on those incapable of appreciating it.,"[""Ẹni tó kò lè rí ẹ̀wọ́nì kò lè rí ìyìn ìtàn"", ""Ẹmí rí, ńtà úlọpẹ̀ fún ẹ̀wọ́nì nípa ìyìn ìtàn"", ""Ẹmí rí, ńtà ìyìn ìtàn fún ẹ̀wọ́nì nípa úlọpẹ̀""]",True,S2,"Ẹmí rí, dá úlọpẹ̀ lẹ́yìn ò kò ní ẹbí ò bẹ̀rẹ̀ ẹ̀wọ́nì",Ẹni tó kò lè rí ẹ̀wọ́nì kò lè rí ìyìn ìtàn,"Ẹmí rí, ńtà úlọpẹ̀ fún ẹ̀wọ́nì nípa ìyìn ìtàn","Ẹmí rí, ńtà ìyìn ìtàn fún ẹ̀wọ́nì nípa úlọpẹ̀",A,5,hard-fallback,0.8127
YOR2511,Yoruba,"Ẹni tí ó ńríni là ńrín; èèyàn tí kò rín èèyàn,aògbọd rín in; ẹ̀rín di méjì a dìjà.","Ẹni tí ó ńríni là ńrín; èèyàn tí kò rín èèyàn, aògbọd rín in; ẹ̀rín di méjì a dìjà kò sí ìwà tí ẹ̀rí kò lè rí ìlúrúnláwó rí ìpàdì tí ẹ̀kẹ́sí ní ní lẹ́wọ̀n",One seeks a quarrel when one laughs at others with whom one does not share a joking relationship.,"[""Ẹni tí ó ńríni là ńrín; èèyàn tí kò rín èèyàn, aògbọd rín in; ẹ̀rín di méjì a dìjà kò sí ìwà tí ẹ̀rí kò lè rí ìlúrúnláwó rí ìpàdì tí ẹ̀kẹ́sí ní ní lẹ́wọ̀n"", ""Ẹni tí ó ńríni là ńrín; èèyàn tí kò rín èèyàn, aògbọd rín in; ẹ̀rín di méjì a dìjà kò sí ìwà tí ẹ̀rí kò lè rí ìlúrúnláwó rí ìpàdì tí ẹ̀kẹ́sí ní ní lẹ́wọ̀n"", ""Ẹni tí ó ńríni là ńrín; èèyàn tí kò rín èèyàn, aògbọd rín in; ẹ̀rín di méjì a dìjà kò sí ìwà tí ẹ̀rí kò lè rí ìlúrúnláwó rí ìpàdì tí ẹ̀kẹ́sí ní ní lẹ́wọ̀n""]",True,S2,"Ẹni tí ó ńríni là ńrín; èèyàn tí kò rín èèyàn, aògbọd rín in; ẹ̀rín di méjì a dìjà kò sí ìwà tí ẹ̀rí kò lè rí ìlúrúnláwó rí ìpàdì tí ẹ̀kẹ́sí ní ní lẹ́wọ̀n","Ẹni tí ó ńríni là ńrín; èèyàn tí kò rín èèyàn, aògbọd rín in; ẹ̀rín di méjì a dìjà kò sí ìwà tí ẹ̀rí kò lè rí ìlúrúnláwó rí ìpàdì tí ẹ̀kẹ́sí ní ní lẹ́wọ̀n","Ẹni tí ó ńríni là ńrín; èèyàn tí kò rín èèyàn, aògbọd rín in; ẹ̀rín di méjì a dìjà kò sí ìwà tí ẹ̀rí kò lè rí ìlúrúnláwó rí ìpàdì tí ẹ̀kẹ́sí ní ní lẹ́wọ̀n","Ẹni tí ó ńríni là ńrín; èèyàn tí kò rín èèyàn, aògbọd rín in; ẹ̀rín di méjì a dìjà kò sí ìwà tí ẹ̀rí kò lè rí ìlúrúnláwó rí ìpàdì tí ẹ̀kẹ́sí ní ní lẹ́wọ̀n",A,5,hard-fallback,1.0
YOR1777,Yoruba,"Kí á ṣá a ṣá a, kí á gbọ̀n ọ́n gbọ̀n ọ́n; ká fi oko eéran sílẹ̀ ló dá eéran lára.",Ẹni tí ń kọ́kọ́ ka ẹni tí ń sọ̀rọ̀ wíwí sí wọ́n láti kọ́ sí wọ́n.,The best treatment for a recalcitrant person is to shun him or her.,"[""Ẹni tí ń kọ́kọ́ ka wọ́n lè bẹ̀rẹ̀ wọ́n láti kọ́ sí wọ́n."", ""Ẹni tí ń kọ́kọ́ ka wọ́n lè kọ́ sí wọ́n láti ní ọlọ́pààwọn."", ""Ẹni tí ń kọ́kọ́ ka wọ́n lè ń sọ̀rọ̀ wíwí sí wọ́n láti bẹ̀rẹ̀ wọ́n.""]",False,S2,Ẹni tí ń kọ́kọ́ ka ẹni tí ń sọ̀rọ̀ wíwí sí wọ́n láti kọ́ sí wọ́n.,Ẹni tí ń kọ́kọ́ ka wọ́n lè kọ́ sí wọ́n láti ní ọlọ́pààwọn.,Ẹni tí ń kọ́kọ́ ka wọ́n lè ń sọ̀rọ̀ wíwí sí wọ́n láti bẹ̀rẹ̀ wọ́n.,Ẹni tí ń kọ́kọ́ ka wọ́n lè bẹ̀rẹ̀ wọ́n láti kọ́ sí wọ́n.,A,3,generated,0.9573
YOR0203,Yoruba,"Bí a kò bá dáṣọ lé aṣọ, a kì í pe ọ̀kan lákìísà.",Kò kere sí iranti iṣẹ̀ ọ̀kan kíkún kí o kere sí iranti òwà rẹ̀,One may not disdain an old tool until one is able to replace it.,"[""Kí a dára ní iranti iṣẹ̀ kíkún kí o bá iṣẹ̀ lẹ́wọ̀"", ""A máa kere sí iranti iṣẹ̀ kíkún kí o kere sí iranti òwà rẹ̀"", ""Kò kere sí iranti iṣẹ̀ kíkún nípa aṣẹ̀ lára kí o kere sí iranti òwà rẹ̀""]",False,S2,Kò kere sí iranti iṣẹ̀ ọ̀kan kíkún kí o kere sí iranti òwà rẹ̀,A máa kere sí iranti iṣẹ̀ kíkún kí o kere sí iranti òwà rẹ̀,Kò kere sí iranti iṣẹ̀ kíkún nípa aṣẹ̀ lára kí o kere sí iranti òwà rẹ̀,Kí a dára ní iranti iṣẹ̀ kíkún kí o bá iṣẹ̀ lẹ́wọ̀,A,3,generated,0.912
YOR1723,Yoruba,Ṣìgìdì ò l nu fọhùn; ir ńpur fúnr.,Ẹ̀wọ̀n ẹ̀sìn kò sí wà ní ẹsẹ̀ ńkàrì; ọ̀pọ̀ ńfàwé ọ̀pọ̀.,The earthen idol has no mouth to speak; lies are lying to lies.,"[""Ẹ̀wọ̀n ẹ̀sìn kò sí wà ní ìwà sílòwá; ọ̀pọ̀ kò sí wà ní ìwà sílòwá."", ""Ẹ̀wọ̀n ẹ̀sìn kò ní ẹsẹ̀ ńkàrì; ọ̀pọ̀ kò kàwé ọ̀pọ̀."", ""Ẹ̀wọ̀n ẹ̀sìn kò ní ẹsẹ̀ ńkàrì; ọ̀pọ̀ kò sí wà ní ìwà rírí""]",False,S2,Ẹ̀wọ̀n ẹ̀sìn kò sí wà ní ẹsẹ̀ ńkàrì; ọ̀pọ̀ ńfàwé ọ̀pọ̀.,Ẹ̀wọ̀n ẹ̀sìn kò ní ẹsẹ̀ ńkàrì; ọ̀pọ̀ kò kàwé ọ̀pọ̀.,Ẹ̀wọ̀n ẹ̀sìn kò sí wà ní ìwà sílòwá; ọ̀pọ̀ kò sí wà ní ìwà sílòwá.,Ẹ̀wọ̀n ẹ̀sìn kò ní ẹsẹ̀ ńkàrì; ọ̀pọ̀ kò sí wà ní ìwà rírí,A,3,generated,0.9244
YOR1566,Yoruba,Àjànàkú kúro ni ‘‘A rí ǹkan fìrí’’; bí a bá rérin ká wí.,Maa loju lati fi ìwépàṣẹ nípa ìṣòro rìn,Don’t hedge when discussing the obvious.,"[""Mo ní ìwépàṣẹ nípa ìṣòro rìn"", ""Jòwò ìwépàṣẹ nípa ìṣòro rìn"", ""Maa loju lati fi ìwépàṣẹ nípa ìṣòro rìn ní ọ̀rẹ́lù""]",False,S2,Maa loju lati fi ìwépàṣẹ nípa ìṣòro rìn ní ọ̀rẹ́lù,Jòwò ìwépàṣẹ nípa ìṣòro rìn,Mo ní ìwépàṣẹ nípa ìṣòro rìn,Maa loju lati fi ìwépàṣẹ nípa ìṣòro rìn,D,1,generated,0.9797
YOR0581,Yoruba,A kì í sọ pé abẹ Ọ̀yọ́ mú; nígbà náà ni yó sọ pé bẹ́ẹ̀ ni òun ò n ò tíì pọn.,Ẹ̀mí ò kò láìyé ìfẹ̀ràn ẹ̀ṣẹ̀ àwọn ọlọ́rẹ̀ àárèsé,Offer no braggart any opportunity to resume his bragging.,"[""Ẹ̀mí ní ìfẹ̀ràn ẹ̀ṣẹ̀ àwọn ọlọ́rẹ̀ àárèsé ní ìkẹ́ké ìwàwà"", ""Ẹ̀mí kò láìyé ìfẹ̀ràn ẹ̀ṣẹ̀ àwọn ọlọ́rẹ̀ àárèsé ní ìkẹ́ké ìfẹ̀ràn"", ""Ẹ̀mí ní ìfẹ̀ràn ẹ̀ṣẹ̀ àwọn ọlọ́rẹ̀ àárèsé ní ìkẹ́ké ìṣẹ̀""]",False,S2,Ẹ̀mí ò kò láìyé ìfẹ̀ràn ẹ̀ṣẹ̀ àwọn ọlọ́rẹ̀ àárèsé,Ẹ̀mí ní ìfẹ̀ràn ẹ̀ṣẹ̀ àwọn ọlọ́rẹ̀ àárèsé ní ìkẹ́ké ìwàwà,Ẹ̀mí ní ìfẹ̀ràn ẹ̀ṣẹ̀ àwọn ọlọ́rẹ̀ àárèsé ní ìkẹ́ké ìṣẹ̀,Ẹ̀mí kò láìyé ìfẹ̀ràn ẹ̀ṣẹ̀ àwọn ọlọ́rẹ̀ àárèsé ní ìkẹ́ké ìfẹ̀ràn,A,2,generated,0.9255
YOR1821,Yoruba,"Tìkà toore, ọ̀kan kì í gbé.",Ọ̀fìì yàtò sílẹ̀ kí ọ̀kan kò sílẹ̀ gbé,Wickedness and kindness will be rewarded unfailingly.,"[""Ọ̀kan ní kí ẹ̀yí kò sílẹ̀ gbé"", ""Ọ̀fìì yàtò ní kí ọ̀kan sílẹ̀ gbé"", ""Ọ̀kan ní kí ẹ̀yí sílẹ̀ gbé""]",True,S2,Ọ̀kan ní kí ẹ̀yí sílẹ̀ gbé,Ọ̀kan ní kí ẹ̀yí kò sílẹ̀ gbé,Ọ̀fìì yàtò sílẹ̀ kí ọ̀kan kò sílẹ̀ gbé,Ọ̀fìì yàtò ní kí ọ̀kan sílẹ̀ gbé,C,5,hard-fallback,0.9669
YOR2193,Yoruba,Ọkọ ẹni lodì ẹni.,Ẹni ati ẹni kíkún kò le máa sì ẹlò sílẹ̀ kípa nípa ìpínlẹ̀,There should be no relationship more intimate than that between spouses.,"[""Ọkọ̀ kíkún kò le máa sì ẹlò sílẹ̀ kípa nípa ìpínlẹ̀"", ""Ẹni ati ẹni kíkún le máa sì ẹlò sílẹ̀ kípa nípa ọkọ̀"", ""Ọkọ̀ kíkún kò le máa sì ẹlò sílẹ̀ kípa nípa ìwé àwọn arákùnrin""]",False,S2,Ọkọ̀ kíkún kò le máa sì ẹlò sílẹ̀ kípa nípa ìpínlẹ̀,Ẹni ati ẹni kíkún le máa sì ẹlò sílẹ̀ kípa nípa ọkọ̀,Ọkọ̀ kíkún kò le máa sì ẹlò sílẹ̀ kípa nípa ìwé àwọn arákùnrin,Ẹni ati ẹni kíkún kò le máa sì ẹlò sílẹ̀ kípa nípa ìpínlẹ̀,D,3,generated,0.9729
YOR3385,Yoruba,"Ìlú là ḿbá ọba gbé, kí ìjòyè má t wá mọ́lẹ̀ pa.",Ẹ̀mí rẹ̀ ló sì dẹ̀rẹ̀ kí ẹ̀mí tó wí sì dẹ̀rẹ̀ kí wọ́n máa rí ẹ̀mí tó lèyìn.,The minor official should not impose on people more than the important officials do.,"[""Ẹ̀mí tó lèyìn ní ń dẹ̀rẹ̀ wọ̀n ẹ̀mí tó wí sí wọ́n kí wọ́n máa rí ẹ̀mí tó lèyìn."", ""Ẹ̀mí tó wí sì dẹ̀rẹ̀ kí ẹ̀mí tó lèyìn máa rí wọn sí wọn máa rí wọn."", ""Ẹ̀mí tó wí ní ń dẹ̀rẹ̀ kí wọn máa rí ẹ̀mí tó lèyìn, ń kí wọ́n máa rí wọn ní gbogbo nípa ọ̀rọ̀ rẹ̀.""]",False,S2,Ẹ̀mí tó wí sì dẹ̀rẹ̀ kí ẹ̀mí tó lèyìn máa rí wọn sí wọn máa rí wọn.,"Ẹ̀mí tó wí ní ń dẹ̀rẹ̀ kí wọn máa rí ẹ̀mí tó lèyìn, ń kí wọ́n máa rí wọn ní gbogbo nípa ọ̀rọ̀ rẹ̀.",Ẹ̀mí tó lèyìn ní ń dẹ̀rẹ̀ wọ̀n ẹ̀mí tó wí sí wọ́n kí wọ́n máa rí ẹ̀mí tó lèyìn.,Ẹ̀mí rẹ̀ ló sì dẹ̀rẹ̀ kí ẹ̀mí tó wí sì dẹ̀rẹ̀ kí wọ́n máa rí ẹ̀mí tó lèyìn.,D,2,generated,0.8899
YOR1906,Yoruba,Àìkọ́wọ́rìn ejò l m aráyé fi ńfàdá pa wọ́n.,Ẹni tí ó ń so ńkan ni o kọ́ lára lẹ́niní,Those who hang together will not hang separately.,"[""Ẹni tí ó ń so ńkan kò ní ńkan"", ""Ẹni tí ó ń so ńkan ni o lè ní ńkan"", ""Ẹni tí ó ń so ńkan ni o kọ́ lára lẹ́niní láti dára wọn""]",False,S2,Ẹni tí ó ń so ńkan kò ní ńkan,Ẹni tí ó ń so ńkan ni o kọ́ lára lẹ́niní láti dára wọn,Ẹni tí ó ń so ńkan ni o kọ́ lára lẹ́niní,Ẹni tí ó ń so ńkan ni o lè ní ńkan,C,5,generated,0.9683
YOR0033,Yoruba,A kì í mọ́ egbò fúnra ẹni ká sunkún.,Ọ̀rọ̀ ní ẹ̀ṣẹ̀ ẹ̀yẹ́ kí i mọ̀ ìtọ̀n ẹ̀ṣẹ̀ rẹ̀,One should know one’s own pain threshold.,"[""Ọ̀rọ̀ ní ẹ̀ṣẹ̀ ẹ̀yẹ́ kí ó bẹ̀rẹ̀ ìtọ̀n ẹ̀ṣẹ̀ wọn"", ""Ọ̀rọ̀ ní ẹ̀ṣẹ̀ ẹ̀yẹ́ kí ó kò sì mọ̀ ìtọ̀n ẹ̀ṣẹ̀ rẹ̀"", ""Ọ̀rọ̀ ní ẹ̀ṣẹ̀ ẹ̀yẹ́ kí ó kò ní ìtọ̀n ẹ̀ṣẹ̀ rẹ̀""]",False,S2,Ọ̀rọ̀ ní ẹ̀ṣẹ̀ ẹ̀yẹ́ kí ó bẹ̀rẹ̀ ìtọ̀n ẹ̀ṣẹ̀ wọn,Ọ̀rọ̀ ní ẹ̀ṣẹ̀ ẹ̀yẹ́ kí i mọ̀ ìtọ̀n ẹ̀ṣẹ̀ rẹ̀,Ọ̀rọ̀ ní ẹ̀ṣẹ̀ ẹ̀yẹ́ kí ó kò ní ìtọ̀n ẹ̀ṣẹ̀ rẹ̀,Ọ̀rọ̀ ní ẹ̀ṣẹ̀ ẹ̀yẹ́ kí ó kò sì mọ̀ ìtọ̀n ẹ̀ṣẹ̀ rẹ̀,B,1,generated,0.9488
YOR0071,Yoruba,Abùléra ọ̀fọ́n-ọ̀n: ó ní ọjọ́ tí ológbò-ó ti bí òun ò ìtí-ì dá a ní báríkà.,Ẹ̀wọ̀n kò sí ìfẹ̀sìn rìn àti àkàntà rìn.,Never forget your vulnerabilities and limitations.,"[""Ẹ̀wọ̀n kò sí ẹ̀ṣẹ̀ rìn àti ìṣẹ̀ rìn."", ""Ẹ̀wọ̀n kò sì ní ẹ̀yìn rìn kí ìṣẹ̀ rìn kò sì ń ṣe."", ""Ẹ̀wọ̀n kò sí ìwà rìn kí àwọn ìyìn kò sì ní ìṣẹ̀ rìn.""]",False,S2,Ẹ̀wọ̀n kò sí ìfẹ̀sìn rìn àti àkàntà rìn.,Ẹ̀wọ̀n kò sì ní ẹ̀yìn rìn kí ìṣẹ̀ rìn kò sì ń ṣe.,Ẹ̀wọ̀n kò sí ẹ̀ṣẹ̀ rìn àti ìṣẹ̀ rìn.,Ẹ̀wọ̀n kò sí ìwà rìn kí àwọn ìyìn kò sì ní ìṣẹ̀ rìn.,A,1,generated,0.9282
YOR0639,Yoruba,"Ahún wọnú orù, ó ku àtiyọ.",Àwọn ìṣòro ní láti rí ìwà ìlátàbíbì ní gbogbo àwòrìn àgbà lókàn sí.,One should consider the possible consequences of one’s actions before acting.,"[""Àwọn ìṣòro ní láti wàlè àgbára ní gbogbo àwòrìn láti sì ń kó."", ""Àwọn ìṣòro ní láti wàlè ìlátàbíbì láti sì ń kó àgbára kíkún."", ""Àwọn ìṣòro ní láti rí ìwà ìlátàbíbì ní gbogbo àwòrì láti sì ń kó ìjìpèlẹ̀.""]",False,S2,Àwọn ìṣòro ní láti rí ìwà ìlátàbíbì ní gbogbo àwòrì láti sì ń kó ìjìpèlẹ̀.,Àwọn ìṣòro ní láti wàlè ìlátàbíbì láti sì ń kó àgbára kíkún.,Àwọn ìṣòro ní láti wàlè àgbára ní gbogbo àwòrìn láti sì ń kó.,Àwọn ìṣòro ní láti rí ìwà ìlátàbíbì ní gbogbo àwòrìn àgbà lókàn sí.,D,2,generated,0.9512
