sample_id,language,source_proverb,gold,original_gold,distractors,fallback,strategy,Choice_A,Choice_B,Choice_C,Choice_D,Answer,gen_attempts,gen_info
283,English,No man can serve two masters,A person cannot divide their loyalties or pursue two contradictory goals.,A person cannot divide their loyalties or pursue two contradictory goals.,"[""It is impossible for two people to have the same goals."", ""Having more than one job leads to failure."", ""You must obey only one boss in life.""]",False,S2,You must obey only one boss in life.,A person cannot divide their loyalties or pursue two contradictory goals.,Having more than one job leads to failure.,It is impossible for two people to have the same goals.,B,1,generated
292,English,Never test the depth of water with both feet,Always assess risk carefully before committing fully to something unknown.,"If you’re testing the depth of water with both feet down, you risk being drowned if the water turns out to be deep. But if you test with one foot, you can pull away. The proverb means that before going whole hog into something unknown, assess the risk well.","[""It is safer to take big risks without hesitation."", ""You should always commit fully to every opportunity without checking the risks."", ""Testing with both feet is the best way to ensure safety.""]",False,S2,It is safer to take big risks without hesitation.,Testing with both feet is the best way to ensure safety.,Always assess risk carefully before committing fully to something unknown.,You should always commit fully to every opportunity without checking the risks.,C,1,generated
62,English,Count your chickens before they are hatched,Don't be hasty in evaluating one's assets.,Don't be hasty in evaluating one's assets.,"[""Always trust what you see with your own eyes."", ""It is wise to rely on predictions for future success."", ""You should prepare for failure before taking action.""]",False,S2,It is wise to rely on predictions for future success.,Always trust what you see with your own eyes.,You should prepare for failure before taking action.,Don't be hasty in evaluating one's assets.,D,1,generated
1099,English,"Translators, traitors",Translating a sentence perfectly from one language to another is technically impossible.,Translating a sentence perfectly from one language to another is technically impossible.,"[""Translators are often spies working for foreign governments."", ""Translation software will eventually replace all human translators."", ""Translating poetry is easier than translating legal documents.""]",False,S2,Translating poetry is easier than translating legal documents.,Translating a sentence perfectly from one language to another is technically impossible.,Translators are often spies working for foreign governments.,Translation software will eventually replace all human translators.,B,1,generated
ENG0096,English,Rain on someone's parade.,Spoil someone's plans,Spoil someone's plans.,"[""Make someone feel better"", ""Give someone a surprise gift"", ""Praise someone publicly""]",False,S2,Spoil someone's plans,Make someone feel better,Give someone a surprise gift,Praise someone publicly,A,1,generated
1223,English,Marriage makes or mars a man,Being married can either help or hinder you in your life.,Being married can either help or hinder you in your life.,"[""Marriage always improves a man's character."", ""Only married men can achieve success."", ""Marriage has no effect on a person's life.""]",False,S2,Being married can either help or hinder you in your life.,Only married men can achieve success.,Marriage always improves a man's character.,Marriage has no effect on a person's life.,A,1,generated
87,English,God tempers the wind to the shorn lamb.,Heaven is more kind to the weak,Heaven is more kind to the weak.,"[""God punishes the strong for their arrogance"", ""The wind always protects newborn animals"", ""Lambs are naturally protected by the weather""]",False,S2,God punishes the strong for their arrogance,The wind always protects newborn animals,Heaven is more kind to the weak,Lambs are naturally protected by the weather,C,1,generated
224,English,"If you can't beat 'em, join 'em",It is sometimes necessary to surrender one’s pride and conform to another person’s or group’s way of doing things.,It is sometimes necessary to surrender one’s pride and conform to another person’s or group’s way of doing things.,"[""It means you should always try to fight back against challenges."", ""It suggests that giving up is the best solution when faced with competition."", ""It implies that you should avoid teamwork and work alone instead.""]",False,S2,It is sometimes necessary to surrender one’s pride and conform to another person’s or group’s way of doing things.,It means you should always try to fight back against challenges.,It suggests that giving up is the best solution when faced with competition.,It implies that you should avoid teamwork and work alone instead.,A,1,generated
785,English,There's small choice in rotten apples,"If you have a lot of options, but they are all bad, it is the same as having few or no options at all.","If you have a lot of options, but they are all bad, it is the same as having few or no options at all.","[""A small number of good choices is better than many bad ones."", ""Bad choices can improve if given the right conditions."", ""You should always choose the smallest option available.""]",False,S2,A small number of good choices is better than many bad ones.,You should always choose the smallest option available.,"If you have a lot of options, but they are all bad, it is the same as having few or no options at all.",Bad choices can improve if given the right conditions.,C,1,generated
1238,English,"He is unworthy to live, who lives only for himself","It is important to think of the needs of others, not only your own.","It is important to think of the needs of others, not only your own.","[""Living only for yourself makes you the most successful."", ""Loving yourself is the worst thing you can do."", ""Helping others is only necessary when they ask for it.""]",False,S2,Helping others is only necessary when they ask for it.,"It is important to think of the needs of others, not only your own.",Loving yourself is the worst thing you can do.,Living only for yourself makes you the most successful.,B,1,generated
786,English,"Wise men learn by other men’s mistakes, fools by their own",Wise people are observant so that they can learn by example rather than through the time and energy wasted in their own failed experiences.,Wise people are observant so that they can learn by example rather than t hrough the time and energy wasted in their own failed experiences.,"[""Wise people do not make mistakes, while fools make many."", ""Learning from others is only for wise people, and fools cannot learn from anyone."", ""Everyone must make their own mistakes to truly understand anything.""]",False,S2,"Wise people do not make mistakes, while fools make many.",Wise people are observant so that they can learn by example rather than through the time and energy wasted in their own failed experiences.,Everyone must make their own mistakes to truly understand anything.,"Learning from others is only for wise people, and fools cannot learn from anyone.",B,1,generated
520,English,Love is without reason,You can’t explain why people fall in love with each other.,You can’t explain why people fall in love with each other.,"[""Love only happens when there is no logical reason to dislike someone."", ""People should avoid using logic when choosing a partner."", ""Love is stronger than any argument or explanation.""]",False,S2,You can’t explain why people fall in love with each other.,People should avoid using logic when choosing a partner.,Love is stronger than any argument or explanation.,Love only happens when there is no logical reason to dislike someone.,A,1,generated
778,English,Every law has a loophole,"If one tries hard enough, they can find their way around any law or rule.","If one tries hard enough, they can find their way ar ound any law or rule.","[""Laws are unnecessary and should be ignored."", ""All laws are created with fairness and no exceptions."", ""Only important laws have exceptions""]",False,S2,Only important laws have exceptions,Laws are unnecessary and should be ignored.,"If one tries hard enough, they can find their way around any law or rule.",All laws are created with fairness and no exceptions.,C,1,generated
ENG0867,English,People who live in glass houses should not throw stones.,One should not criticize others for faults similar to one's own and risk retaliation.,One should not criticize others for faults similar to one's own and risk retaliation.,"[""People who are poor at building things should avoid teaching others."", ""It is wise to hide one's weaknesses from others carefully."", ""Those who make mistakes should always be honest about them.""]",False,S2,It is wise to hide one's weaknesses from others carefully.,People who are poor at building things should avoid teaching others.,One should not criticize others for faults similar to one's own and risk retaliation.,Those who make mistakes should always be honest about them.,C,1,generated
304,English,"While there is life, there is hope","As long as you are alive, there is always hope of better times and better things to come, so don’t give up trying to improve your circumstances or make positive changes.","As long as you are alive, there is always hope of better times and better things to come, so don’t give up trying to improve your circumstances or make positive changes.","[""Once you lose hope, life is no longer worth living."", ""Only those who have already achieved success can expect better things in the future."", ""Hope is only possible if you have a long life ahead of you.""]",False,S2,"As long as you are alive, there is always hope of better times and better things to come, so don’t give up trying to improve your circumstances or make positive changes.",Hope is only possible if you have a long life ahead of you.,"Once you lose hope, life is no longer worth living.",Only those who have already achieved success can expect better things in the future.,A,1,generated
878,English,"A prophet is not without honor, save in his own country",People are more likely to believe in a foreign expert than one from their own kin.,People are more likely to believe in a foreign expert than one from their own kin.,"[""Experts are always respected in their home country."", ""Prophets are only honored when they travel abroad."", ""People trust local leaders more than outsiders.""]",False,S2,Experts are always respected in their home country.,People are more likely to believe in a foreign expert than one from their own kin.,People trust local leaders more than outsiders.,Prophets are only honored when they travel abroad.,B,2,generated
1048,English,He who wills the end wills the means,"If one is determined enough to reach their goal, they will make any sacrifices and take the necessary risks to do so.","If one is determined enough to reach their goal, they will make any sacrifices and take the necessary risks to do so.","[""Only the outcome matters, not how it is achieved."", ""People who want an end result usually don't care about the process."", ""Goals are more important than the actions taken to achieve them.""]",False,S2,"If one is determined enough to reach their goal, they will make any sacrifices and take the necessary risks to do so.",People who want an end result usually don't care about the process.,Goals are more important than the actions taken to achieve them.,"Only the outcome matters, not how it is achieved.",A,1,generated
847,English,Be just before you are generous,Make sure your own debts are paid before lending to others.,Make sure your own debts are paid before lending to others.,"[""Give generously without expecting anything in return."", ""Help others before taking care of yourself."", ""Be kind to everyone, regardless of their actions.""]",False,S2,Make sure your own debts are paid before lending to others.,Help others before taking care of yourself.,Give generously without expecting anything in return.,"Be kind to everyone, regardless of their actions.",A,1,generated
32,English,Burning the midnight oil,To 'burn the midnight oil' is to work late into the night.,"To 'burn the midnight oil' is to work late into the night. Originally this was by the light of an oil lamp or candle. More recently, the phrase is used figuratively, alluding back its use before electric lighting.","[""To 'burn the midnight oil' means to waste time on unnecessary tasks."", ""To 'burn the midnight oil' means to celebrate an important event with a party."", ""To 'burn the midnight oil' means to sleep for extended hours during the night.""]",False,S2,To 'burn the midnight oil' means to celebrate an important event with a party.,To 'burn the midnight oil' means to sleep for extended hours during the night.,To 'burn the midnight oil' means to waste time on unnecessary tasks.,To 'burn the midnight oil' is to work late into the night.,D,1,generated
ENG1507,English,When the cat's away the mice will play.,"Without supervision, people misbehave","Without supervision, people misbehave.","[""People become more productive when leaders are absent"", ""Animals take over when humans are not watching"", ""Children behave better when parents are away""]",False,S2,"Without supervision, people misbehave",Children behave better when parents are away,People become more productive when leaders are absent,Animals take over when humans are not watching,A,1,generated
197,English,Fake it until you make it,One who imitates a desired quality with confidence will eventually realize that quality.,One who imitat es a desired quality with confidence will eventually realize that quality.,"[""Faking a quality will always lead to being discovered and losing trust."", ""Only pretending to have qualities is enough to achieve success without effort."", ""Imitating others will make you more authentic over time.""]",False,S2,Only pretending to have qualities is enough to achieve success without effort.,Imitating others will make you more authentic over time.,Faking a quality will always lead to being discovered and losing trust.,One who imitates a desired quality with confidence will eventually realize that quality.,D,1,generated
69,English,Power corrupts,"When people get authority and influence with less accountability, they tend to use that influence in their own interests.","When people get authority and influence with less accountability, they tend to use that influence in their own interests.","[""Having too much power makes people physically stronger and more dominant."", ""Power is only given to people who are already corrupt."", ""People who are corrupt naturally seek positions of power.""]",False,S2,Power is only given to people who are already corrupt.,"When people get authority and influence with less accountability, they tend to use that influence in their own interests.",Having too much power makes people physically stronger and more dominant.,People who are corrupt naturally seek positions of power.,B,1,generated
ENG0610,English,Don’t throw the baby out with the bathwater,Avoid discarding valuables,Avoid discarding valuables.,"[""Don't waste time on unimportant tasks"", ""Avoid making hasty decisions"", ""Don't trust people who have made mistakes""]",False,S2,Avoid discarding valuables,Don't trust people who have made mistakes,Avoid making hasty decisions,Don't waste time on unimportant tasks,A,1,generated
ENG0025,English,Fortune favors the brave.,"If you carry out your plans boldly, luck is more likely to favor you.","If you carry out your plans boldly, luck is more likely to favor you.","[""Only people who take risks will ever become rich."", ""Bravery guarantees success in all situations."", ""Fortune only rewards those who follow tradition.""]",False,S2,"If you carry out your plans boldly, luck is more likely to favor you.",Only people who take risks will ever become rich.,Bravery guarantees success in all situations.,Fortune only rewards those who follow tradition.,A,1,generated
ENG0794,English,Never go to bed on an argument,Resolve disputes before sleeping.,Resolve disputes before sleeping.,"[""Ignore conflicts to avoid stress."", ""Arguments are more important than sleep."", ""Sleeping through arguments is beneficial.""]",False,S2,Arguments are more important than sleep.,Ignore conflicts to avoid stress.,Sleeping through arguments is beneficial.,Resolve disputes before sleeping.,D,1,generated
985,English,From the sublime to the ridiculous is but a step,Something beautiful or amazing can easily be followed by something mundane or foolish.,Something beautiful or amazing can easily be followed by something mundane or foolish.,"[""A great idea will always lead to an even greater result."", ""Only foolish people can appreciate beautiful things."", ""Sublime and ridiculous are the same thing.""]",False,S2,Something beautiful or amazing can easily be followed by something mundane or foolish.,Only foolish people can appreciate beautiful things.,Sublime and ridiculous are the same thing.,A great idea will always lead to an even greater result.,A,1,generated
ENG0097,English,Saved by the bell.,Rescued at the last moment.,Rescued at the last moment.,"[""Taught a valuable lesson."", ""Caught in a mistake."", ""Warned in advance.""]",False,S2,Taught a valuable lesson.,Caught in a mistake.,Rescued at the last moment.,Warned in advance.,C,1,generated
358,English,One swallow does not make a summer,A single sign does not mean that a major change has occurred.,A single sign does not mean that a major change has occurred.,"[""Having one success guarantees overall victory."", ""A single event is enough proof for a pattern."", ""One experience can define an entire season.""]",False,S2,One experience can define an entire season.,A single sign does not mean that a major change has occurred.,A single event is enough proof for a pattern.,Having one success guarantees overall victory.,B,1,generated
ENG0527,English,Accidents will happen,Mistakes or mishaps are inevitable.,Mistakes or mishaps are inevitable.,"[""Accidents are caused by carelessness."", ""Only serious injuries are considered accidents."", ""Accidents only happen to certain people.""]",False,S2,Accidents are caused by carelessness.,Mistakes or mishaps are inevitable.,Accidents only happen to certain people.,Only serious injuries are considered accidents.,B,1,generated
842,English,"If you're not paying, you're the product","If you're not paying, you're the product",Nothing is for free.,"[""Money can't buy happiness"", ""You get what you pay for"", ""The customer is always right""]",False,S2,Money can't buy happiness,You get what you pay for,"If you're not paying, you're the product",The customer is always right,C,1,generated
ENG0372,English,Might is right.,Those with the most strength or power think they can do whatever they want.,Those with the most strength or power think they can do whatever they want.,"[""People who are physically strong are always morally correct."", ""Right actions are determined by how many people support them."", ""Only those who are the most intelligent can make the right decisions.""]",False,S2,Right actions are determined by how many people support them.,Only those who are the most intelligent can make the right decisions.,People who are physically strong are always morally correct.,Those with the most strength or power think they can do whatever they want.,D,1,generated
ENG0342,English,Liars need good memories.,People who do not tell the truth must be careful to remember what they say.,People who do not tell the truth must be careful to remember what they say.,"[""Lying helps improve memory skills over time."", ""Telling the truth requires remembering many details."", ""Only people with bad memories tell lies.""]",False,S2,People who do not tell the truth must be careful to remember what they say.,Telling the truth requires remembering many details.,Only people with bad memories tell lies.,Lying helps improve memory skills over time.,A,1,generated
1067,English,Love lives in cottages as well as in courts,All kinds of people fall in love regardless of their social or financial status.,All kinds of people fall in love regardless of their social or financial status.,"[""Love is only found in simple homes and not in fancy places."", ""People who live in cities cannot experience true love."", ""Love only exists in wealthy and powerful families.""]",False,S2,All kinds of people fall in love regardless of their social or financial status.,Love only exists in wealthy and powerful families.,Love is only found in simple homes and not in fancy places.,People who live in cities cannot experience true love.,A,1,generated
1160,English,Rather death than shame,Honor is more important than life itself.,Honor is more important than life itself.,"[""It is better to live in shame than to die."", ""Shame is preferable to death in certain situations."", ""Death is the greatest fear one can have.""]",False,S2,Shame is preferable to death in certain situations.,It is better to live in shame than to die.,Honor is more important than life itself.,Death is the greatest fear one can have.,C,1,generated
342,English,Everybody loves a winner,"Successful people tend to attract followers, while the less fortunate get left behind","Successful people tend to attract followers, while the less fortunate get left behind .","[""People only care about winning in sports"", ""Everyone is naturally talented at something"", ""Winners are always happier than others""]",False,S2,Everyone is naturally talented at something,"Successful people tend to attract followers, while the less fortunate get left behind",Winners are always happier than others,People only care about winning in sports,B,1,generated
210,English,Speak softly and carry a big stick,"Speak softly and carry a big stick' is a proverbial saying advising the tactic of caution and non-aggression, backed up by the ability to carry out violent action if required.","Speak softly and carry a big stick' is a proverbial saying advising the tactic of caution and non-aggression, backed up by the ability to carry out violent action if required.","[""It means that one should always be loud and aggressive to avoid being taken advantage of."", ""It means that it's best to hide one's strength and never show any signs of power."", ""It means that words are more powerful than physical force and should always be used instead.""]",False,S2,It means that it's best to hide one's strength and never show any signs of power.,It means that words are more powerful than physical force and should always be used instead.,"Speak softly and carry a big stick' is a proverbial saying advising the tactic of caution and non-aggression, backed up by the ability to carry out violent action if required.",It means that one should always be loud and aggressive to avoid being taken advantage of.,C,1,generated
101,English,Forbidden fruit is the sweetest.,"When something is not allowed, we are more tempted to it.","When something is not allowed, we are more tempted to it.","[""People enjoy eating fruit that is illegal to grow."", ""Banned foods taste better than allowed ones."", ""Fruit that is hidden is usually of higher quality.""]",False,S2,"When something is not allowed, we are more tempted to it.",Banned foods taste better than allowed ones.,People enjoy eating fruit that is illegal to grow.,Fruit that is hidden is usually of higher quality.,A,1,generated
1182,English,The gods send nuts to those who have no teeth,Good fortune sometimes comes to people who can no longer use it or enjoy it.,Good fortune sometimes comes to people who can no longer use it or enjoy it.,"[""People who work hard will always be rewarded by fate."", ""Those who are unprepared will still receive blessings from above."", ""Good things happen to those who are the most deserving.""]",False,S2,Good things happen to those who are the most deserving.,Those who are unprepared will still receive blessings from above.,People who work hard will always be rewarded by fate.,Good fortune sometimes comes to people who can no longer use it or enjoy it.,D,1,generated
168,English,You can have too much of a good thing,Just because something is good and enjoyable doesn’t mean you should have it in unlimited quantities.,Just because something is good and enjoyable doesn’t mean you should have it in unlimited quantities.,"[""Having a good thing means you will always have bad luck afterward."", ""Only bad things can be overused, good things can never be too much."", ""You should always avoid good things to prevent problems.""]",False,S2,"Only bad things can be overused, good things can never be too much.",Having a good thing means you will always have bad luck afterward.,Just because something is good and enjoyable doesn’t mean you should have it in unlimited quantities.,You should always avoid good things to prevent problems.,C,1,generated
432,English,Pity is akin to love.,"If you begin to feel sorry for someone, you may start to love them.","If you begin to feel sorry for someone, you may start to love them.","[""Feeling pity for someone will make them hate you."", ""Love cannot exist without pity."", ""Pity is stronger than love in all situations.""]",False,S2,"If you begin to feel sorry for someone, you may start to love them.",Love cannot exist without pity.,Feeling pity for someone will make them hate you.,Pity is stronger than love in all situations.,A,1,generated
ENG0453,English,Stolen fruit is sweet,What is forbidden is the most tempting.,What is forbidden is the most tempting.,"[""Taking what is not yours always brings joy."", ""Things obtained quickly are the most satisfying."", ""Eating fruit you haven't paid for feels better.""]",False,S2,What is forbidden is the most tempting.,Things obtained quickly are the most satisfying.,Taking what is not yours always brings joy.,Eating fruit you haven't paid for feels better.,A,1,generated
237,English,The bane of my life,The agent of ruin or woe,The agent of ruin or woe.,"[""The source of my greatest joy"", ""A temporary annoyance in my day"", ""A symbol of my past achievements""]",False,S2,A symbol of my past achievements,The agent of ruin or woe,A temporary annoyance in my day,The source of my greatest joy,B,1,generated
976,English,Prosperity makes friends; adversity tries them,"It is easy to make friends when life is comfortable, but when we face hard times, we find out who our true friends are.","It is easy to make friends when life is comfortable, but when we face hard times, we find out who our true friends are.","[""Friends are only useful during good times and should be ignored during hard times."", ""Adversity is better than prosperity because it brings more genuine relationships."", ""Prosperity is the best way to test the strength of a friendship.""]",False,S2,Adversity is better than prosperity because it brings more genuine relationships.,Friends are only useful during good times and should be ignored during hard times.,"It is easy to make friends when life is comfortable, but when we face hard times, we find out who our true friends are.",Prosperity is the best way to test the strength of a friendship.,C,1,generated
ENG0417,English,ounce of discretion is worth a pound of wit.,It is better to be cautious and discreet than to try to be funny.,It is better to be cautious and discreet than to try to be funny.,"[""Humor is more valuable than careful thinking in difficult situations."", ""A small amount of intelligence is as good as a lot of carefulness."", ""Wit is more important than being careful in most situations.""]",False,S2,Wit is more important than being careful in most situations.,A small amount of intelligence is as good as a lot of carefulness.,Humor is more valuable than careful thinking in difficult situations.,It is better to be cautious and discreet than to try to be funny.,D,1,generated
388,English,He that is not with me is against me,Some people take the stand that if someone is not supportive of their cause then they automatically consider them to be against it.,Some people take the stand that if someone is not supportive of their cause then they automatic ally consider them to be against it.,"[""It means that everyone must actively support you or they are considered neutral."", ""This saying suggests that only those who are vocal about their support are truly allies."", ""The phrase implies that silence from others is a sign of agreement with your views.""]",False,S2,This saying suggests that only those who are vocal about their support are truly allies.,Some people take the stand that if someone is not supportive of their cause then they automatically consider them to be against it.,It means that everyone must actively support you or they are considered neutral.,The phrase implies that silence from others is a sign of agreement with your views.,B,1,generated
123,English,Rome was not built in a day.,"Great tasks take time, hard work and perseverance.","Great tasks take time, hard work and perseverance.","[""Rome is a very old city that should be preserved."", ""The people of Rome worked very quickly to build their city."", ""Only the strongest materials can build something lasting.""]",False,S2,Rome is a very old city that should be preserved.,The people of Rome worked very quickly to build their city.,"Great tasks take time, hard work and perseverance.",Only the strongest materials can build something lasting.,C,1,generated
424,English,Necessity knows no law,Being desperate may lead you to do illegal things.,Being desperate may lead you to do illegal things.,"[""Laws are unnecessary in times of need."", ""Necessity always follows the law closely."", ""Only the wealthy can ignore the law.""]",False,S2,Only the wealthy can ignore the law.,Laws are unnecessary in times of need.,Being desperate may lead you to do illegal things.,Necessity always follows the law closely.,C,1,generated
242,English,Every horse thinks its own pack is heaviest,We think that we work the hardest. This is also called responsibility bias: People tend to overvalue their own contributions and undervalue contributions of others.,We think that we work the hardest. This is also called responsibility bias: People tend to overvalue their own contributions and undervalue contributions of others.,"[""People are always trying to outdo each other in terms of physical strength."", ""It is better to compare ourselves to others to determine who is working harder."", ""Horses are naturally competitive and do not trust each other's workloads.""]",False,S2,Horses are naturally competitive and do not trust each other's workloads.,People are always trying to outdo each other in terms of physical strength.,It is better to compare ourselves to others to determine who is working harder.,We think that we work the hardest. This is also called responsibility bias: People tend to overvalue their own contributions and undervalue contributions of others.,D,1,generated
ENG0010,English,{Costs an arm and a leg},Very expensive,Very expensive.,"[""Very time-consuming"", ""Causes physical harm"", ""Requires great effort""]",False,S2,Very time-consuming,Requires great effort,Causes physical harm,Very expensive,D,1,generated
1030,English,Call no man happy till he is dead,Happiness is fleeting.,Happiness is fleeting.,"[""Only the dead can be truly happy."", ""People pretend to be happy when they're alive."", ""It's best to avoid celebrating others' happiness.""]",False,S2,Only the dead can be truly happy.,Happiness is fleeting.,People pretend to be happy when they're alive.,It's best to avoid celebrating others' happiness.,B,1,generated
MID0381,Arabic,اللي ما رضى خببزة يرضى بنصها,إنه مثال على الشخص الذي لا يرضى بما قسمه الله له ويضطر في النهاية لقبول أقل,It is an example of a person who is not satisfied with what God has destinied for him and is forced to accept less in the end.,"[""هو تذكير بأن الممتلئ يبحث دائمًا عن مزيد من المكاسب"", ""يُشير إلى أن التواضع يجلب الحظ السعيد في الحياة"", ""يتحدث عن ضرورة تجنب النزاعات لضمان الاستقرار""]",False,S2,يتحدث عن ضرورة تجنب النزاعات لضمان الاستقرار,يُشير إلى أن التواضع يجلب الحظ السعيد في الحياة,هو تذكير بأن الممتلئ يبحث دائمًا عن مزيد من المكاسب,إنه مثال على الشخص الذي لا يرضى بما قسمه الله له ويضطر في النهاية لقبول أقل,D,1,generated
MID0051,Arabic,إنك تضرب في حديد بارد,إنك تضرب في حديد بارد يعني: أنت تحاول تغيير شيء لا يمكنك تغييره.,You’re trying to change something that you can’t.,"[""هذا المثل يُستخدم عندما ينجح الشخص في إقناع شخص صعب."", ""يعني أن الشخص يعمل بجد دون أي مقاومة."", ""هذا يدل على أنك تبدأ مشروعًا جديدًا بحماس كبير.""]",False,S2,إنك تضرب في حديد بارد يعني: أنت تحاول تغيير شيء لا يمكنك تغييره.,هذا المثل يُستخدم عندما ينجح الشخص في إقناع شخص صعب.,هذا يدل على أنك تبدأ مشروعًا جديدًا بحماس كبير.,يعني أن الشخص يعمل بجد دون أي مقاومة.,A,1,generated
MID0356,Arabic,إصرف ما في الجيب يأتيك ما في الغيب.,إصرف ما في الجيب يأتيك ما في الغيب يعني أن إنفاقك حالياً سيعود عليك بالنفع من مصدر غير متوقع، ويعكس ثقة بالله.,"A proverb encourages spending money, and Allah will grant you from where you do not expect. Pocket: a bag sewn into clothing to carry money and so on.","[""إصرف ما في الجيب يأتيك ما في الغيب يعني أن عليك الانتظار حتى يعطيك الله المال من مكان مجهول."", ""إصرف ما في الجيب يأتيك ما في الغيب يعني أن إنفاقك يجلب لك الحظ العشوائي دون تدخلك."", ""إصرف ما في الجيب يأتيك ما في الغيب يعني أن المال الذي تصرفه يعود إليك بشكل سري.""]",False,S2,إصرف ما في الجيب يأتيك ما في الغيب يعني أن المال الذي تصرفه يعود إليك بشكل سري.,إصرف ما في الجيب يأتيك ما في الغيب يعني أن إنفاقك يجلب لك الحظ العشوائي دون تدخلك.,إصرف ما في الجيب يأتيك ما في الغيب يعني أن عليك الانتظار حتى يعطيك الله المال من مكان مجهول.,إصرف ما في الجيب يأتيك ما في الغيب يعني أن إنفاقك حالياً سيعود عليك بالنفع من مصدر غير متوقع، ويعكس ثقة بالله.,D,1,generated
MID0358,Arabic,الصديق وقت الضيق.,الصديق وقت الضيق يعني أن الصديق الحقيقي هو الذي يدعمك عندما تواجه الصعوبات والمشاكل في الحياة.,The proverb means that a true friend is the one who supports you when you face difficulties and problems in life.,"[""الصديق وقت الضيق يعني أن الصديق يكون صديقًا فقط عندما تكون بحاجة إليه وليس في الأوقات العادية."", ""الصديق وقت الضيق يعني أن الصديق الحقيقي هو الذي ينصحك بالوقت المناسب فقط."", ""الصديق وقت الضيق يعني أن الصداقة تُقيَّم بناءً على مدى معرفتك بالصديق وليس على الدعم في الأوقات الصعبة.""]",False,S2,الصديق وقت الضيق يعني أن الصديق الحقيقي هو الذي يدعمك عندما تواجه الصعوبات والمشاكل في الحياة.,الصديق وقت الضيق يعني أن الصديق يكون صديقًا فقط عندما تكون بحاجة إليه وليس في الأوقات العادية.,الصديق وقت الضيق يعني أن الصداقة تُقيَّم بناءً على مدى معرفتك بالصديق وليس على الدعم في الأوقات الصعبة.,الصديق وقت الضيق يعني أن الصديق الحقيقي هو الذي ينصحك بالوقت المناسب فقط.,A,1,generated
MID0363,Arabic,أنا باللقمة لفمو وهو بالمشهاب لعيني.,يُستخدم هذا المثل لوصف الشخص الذي لا يشكر ويخون الآخرين.,This proverb is used to describe a person who is ungrateful and betrays others.,"[""يُستخدم هذا المثل لوصف الشخص الذي دائم التردد وعدم اتخاذ قرارات."", ""يُستخدم هذا المثل لوصف الشخص الذي يحب التدخل في شؤون الآخرين."", ""يُستخدم هذا المثل لوصف الشخص الذي ينسى أصدقائه عندما ينجح.""]",False,S2,يُستخدم هذا المثل لوصف الشخص الذي دائم التردد وعدم اتخاذ قرارات.,يُستخدم هذا المثل لوصف الشخص الذي ينسى أصدقائه عندما ينجح.,يُستخدم هذا المثل لوصف الشخص الذي يحب التدخل في شؤون الآخرين.,يُستخدم هذا المثل لوصف الشخص الذي لا يشكر ويخون الآخرين.,D,1,generated
MID0487,Arabic,وِجّو بيقطع الرزق,هذا المثل يشير إلى الأشخاص غير المحظوظين.,This phrase is said to refer to the unlucky people.,"[""هذا المثل يُستخدم للتعبير عن الأشخاص الذين يبذرون مالهم بلا طائل."", ""هذا المثل يُقصد به الأشخاص الذين يعانون من نقص في الوقت."", ""هذا المثل يُشير إلى الأشخاص الذين يهتمون بسمعة الآخرين.""]",False,S2,هذا المثل يشير إلى الأشخاص غير المحظوظين.,هذا المثل يُشير إلى الأشخاص الذين يهتمون بسمعة الآخرين.,هذا المثل يُقصد به الأشخاص الذين يعانون من نقص في الوقت.,هذا المثل يُستخدم للتعبير عن الأشخاص الذين يبذرون مالهم بلا طائل.,A,1,generated
MID0705,Arabic,إطعم الفم تستحى العين.,إطعم الفم تستحى العين,"If you want someone to be by your side or to benefit from fhim, you have to be generous with them financially.","[""إذا أعطيت للشخص ما، فإنه سيحترمك أكثر."", ""كلما أطعمت فمك بالطعام، تزداد نظرة عينك جمالًا."", ""إذا أعطيت شخصًا طعامًا، فإنه يشكرك بعينه.""]",False,S2,إذا أعطيت شخصًا طعامًا، فإنه يشكرك بعينه.,إطعم الفم تستحى العين,كلما أطعمت فمك بالطعام، تزداد نظرة عينك جمالًا.,إذا أعطيت للشخص ما، فإنه سيحترمك أكثر.,B,1,generated
MID0596,Arabic,إن ضاق بيك الأمر، اشرب زجاجة خمر,يُستخدم هذا المثل بشكل واسع من قِبل الجعليين والكواهلة والخوالدة والعرايّن في منطقة ود مدني (بحسب الكاتب)، وهو مرفوض دينيًا وطبيًا وعلميًا و논جيًا أيضًا.,"This proverb is widely used by the Ja'aliyin, Kawahla, Khawalda, and Arkaiyin in the Wad Madani region (according to the author), and the proverb is religiously, medically, scientifically, and logically rejected as well.","[""هذا المثل يشجع على شرب الخمر كحل لتوسيع الأفق في المواقف الصعبة."", ""المثل يُشير إلى أن الزجاجة ترمز إلى الوضوح، ويُستخدم لوصف كيفية حل المشكلات بطريقة منهجية."", ""يُفهم المثل على أنه تشجيع على التمتع باللحظة من خلال الاستمتاع بالحياة.""]",False,S2,هذا المثل يشجع على شرب الخمر كحل لتوسيع الأفق في المواقف الصعبة.,المثل يُشير إلى أن الزجاجة ترمز إلى الوضوح، ويُستخدم لوصف كيفية حل المشكلات بطريقة منهجية.,يُستخدم هذا المثل بشكل واسع من قِبل الجعليين والكواهلة والخوالدة والعرايّن في منطقة ود مدني (بحسب الكاتب)، وهو مرفوض دينيًا وطبيًا وعلميًا و논جيًا أيضًا.,يُفهم المثل على أنه تشجيع على التمتع باللحظة من خلال الاستمتاع بالحياة.,C,1,generated
MID0552,Arabic,جمل يعصر وجمل ياكل العصارة:,يُشير المثل إلى الأشخاص الذين يحققون النجاح من خلال جهود الآخرين.,The proverb refers to people who succeed through the efforts of others.,"[""يُشير المثل إلى الأشخاص الذين يفضلون العمل بشكل فردي دون مساعدة الآخرين."", ""يُشير المثل إلى الأشخاص الذين يعانون من نقص التفاهم في العلاقات الاجتماعية."", ""يُشير المثل إلى الأشخاص الذين يبذلون جهداً لكنهم لا يحققون أي نتائج.""]",False,S2,يُشير المثل إلى الأشخاص الذين يعانون من نقص التفاهم في العلاقات الاجتماعية.,يُشير المثل إلى الأشخاص الذين يفضلون العمل بشكل فردي دون مساعدة الآخرين.,يُشير المثل إلى الأشخاص الذين يحققون النجاح من خلال جهود الآخرين.,يُشير المثل إلى الأشخاص الذين يبذلون جهداً لكنهم لا يحققون أي نتائج.,C,1,generated
MID0031,Arabic,احفظ قرشك الأبيض ليومك الأسود.,إنه لمقول شائع يستخدم لتأكيد ضرورة التوفير والابتعاد عن الإسراف.,It is a popular proverb used to emphasize the need to save and avoid extravagance.,"[""إنه لمقول يحث على إهدار المال في الفرح لتجنبه في الحزن."", ""إنه لمقول يشير إلى أهمية إنفاق المال على الملابس الفاخرة في الأوقات الصعبة."", ""إنه لمقول يدعو إلى التصدق بالمال الأبيض في الأيام السوداء.""]",False,S2,إنه لمقول يشير إلى أهمية إنفاق المال على الملابس الفاخرة في الأوقات الصعبة.,إنه لمقول يحث على إهدار المال في الفرح لتجنبه في الحزن.,إنه لمقول يدعو إلى التصدق بالمال الأبيض في الأيام السوداء.,إنه لمقول شائع يستخدم لتأكيد ضرورة التوفير والابتعاد عن الإسراف.,D,1,generated
MID0591,Arabic,رمية من غير رامي,إنه لfolklore عندما يعبر شخص غير مؤهل عن فكرة أو قول موفق يُنسب إليه.,It is a proverb when an unqualified person says something or makes a good statement and it is credited to him.,"[""إنه قول يُستخدم عندما يُتهم شخص بفعل لم يرتكبه."", ""يُستخدم هذا المثل عندما يُظهر شخص غير متوقع مهارة عالية في مجال معين."", ""يُقصد به عندما يتدخل شخص غير مهتم في أمر لا شأن له به.""]",False,S2,يُقصد به عندما يتدخل شخص غير مهتم في أمر لا شأن له به.,يُستخدم هذا المثل عندما يُظهر شخص غير متوقع مهارة عالية في مجال معين.,إنه قول يُستخدم عندما يُتهم شخص بفعل لم يرتكبه.,إنه لfolklore عندما يعبر شخص غير مؤهل عن فكرة أو قول موفق يُنسب إليه.,D,1,generated
MID0522,Arabic,فود عوجان.,يُستخدم هذا المثل لوصف شخص يعود إلى أسرته بعد غياب طويل في البحث عن منفعة، لكنه بدلًا من أن يجلب شيئًا إيجابيًا، يجلب شيئًا ضارًا أو مُضرة.,"This proverb is used to describe a person who returns to their family after a long absence in search of benefit, but instead of bringing something positive, they bring something harmful or detrimental.","[""يُشير إلى شخص يبحث عن فرصة عمل في مكان بعيد ثم يعود بثروة كبيرة."", ""يعني أن الشخص الذي يغيب عن أهله يعود حزينًا بسبب مشاكل شخصية."", ""يُقصد به الشخص الذي يعود إلى قريته لزيارة الأقارب فقط دون أي هدف واضح.""]",False,S2,يُقصد به الشخص الذي يعود إلى قريته لزيارة الأقارب فقط دون أي هدف واضح.,يُستخدم هذا المثل لوصف شخص يعود إلى أسرته بعد غياب طويل في البحث عن منفعة، لكنه بدلًا من أن يجلب شيئًا إيجابيًا، يجلب شيئًا ضارًا أو مُضرة.,يُشير إلى شخص يبحث عن فرصة عمل في مكان بعيد ثم يعود بثروة كبيرة.,يعني أن الشخص الذي يغيب عن أهله يعود حزينًا بسبب مشاكل شخصية.,B,1,generated
MID0216,Arabic,اصبوعي في حلوجهم وصبوعهم في عيوني.,يعبر عن رفض الجبن، حيث يقوم البعض بالكثير من الخير ولا يتلقى سوى النكران.,One of the popular proverbs that expresses the rejection of ingratitude. It means that there are those who do a lot of good and in return they only receive ingratitude.,"[""يعني أن كل ما تفعله للآخرين يعود إليك ضعفًا."", ""يُشير إلى أن الصبر على الأذى يُثمر عن نتائج طيبة."", ""يُعبر عن أن العفو عن الآخرين يجلب الحظ السعيد.""]",False,S2,يعبر عن رفض الجبن، حيث يقوم البعض بالكثير من الخير ولا يتلقى سوى النكران.,يُعبر عن أن العفو عن الآخرين يجلب الحظ السعيد.,يُشير إلى أن الصبر على الأذى يُثمر عن نتائج طيبة.,يعني أن كل ما تفعله للآخرين يعود إليك ضعفًا.,A,1,generated
MID0064,Arabic,المَمنُوع مَرْغُوب.,المنع قد يزيد رغبة الناس في الحصول على أو تجربة الشيء الممنوع,Prohibition may increase people's desire to obtain or experience the forbidden thing.,"[""الشيء الممنوع دائمًا هو الأفضل"", ""كل ما يُمنع يصبح غير مرغوب فيه"", ""الرغبة تقل عندما يُمنع الشيء""]",False,S2,الرغبة تقل عندما يُمنع الشيء,كل ما يُمنع يصبح غير مرغوب فيه,المنع قد يزيد رغبة الناس في الحصول على أو تجربة الشيء الممنوع,الشيء الممنوع دائمًا هو الأفضل,C,1,generated
MID0317,Arabic,اللي فات مات (ماتلا عليه التلفات),The proverb urges not to look back and regret what has passed.,The proverb urges not to look back and regret what has passed.,"[""A different interpretation of this proverb"", ""Another possible meaning"", ""An alternative cultural reading""]",True,S2,An alternative cultural reading,A different interpretation of this proverb,Another possible meaning,The proverb urges not to look back and regret what has passed.,D,5,hard-fallback
MID0040,Arabic,الإفراط في التّواضع يجلب المذلّة,الإفراط في التواضع يجلب المذلة,It means that appearing too humble can demean a person and make him vulnerable to humiliation.,"[""يعني أن التواضع يجلب دائمًا الاحترام"", ""يعني أن الأشخاص الفخورين ينجذبون للنجاح"", ""يعني أن الإكثار من الثقة يجلب الحسد""]",False,S2,يعني أن الأشخاص الفخورين ينجذبون للنجاح,الإفراط في التواضع يجلب المذلة,يعني أن الإكثار من الثقة يجلب الحسد,يعني أن التواضع يجلب دائمًا الاحترام,B,2,generated
MID0236,Arabic,اللي فات مات.,هذا المثل هو نصيحة نفسية فعالة للأشخاص الذين يربطون تفكيرهم بالماضي، وهو مرض نفسي جدي لأن يؤذي التفكير السليم ويُعَطّل حركة الشخص نحو المستقبل. التفكير يجعل الشخص أسير الماضي وذكرياته المريرة، ويُجعَل يبكي على أنقاض من فات، ولكن الدموع التي تهدر لن تعود، وهذا المثل ينشر روح التفاؤل والبدء من جديد.,"This proverb is effective psychological advice for those whose thinking is mortgaged to the past, which is a serious psychological illness because it harms sound thinking and paralyzes a person’s movement towards the future. Thinking makes a person become a prisoner of the past and its bitter memories, and makes him cry over the ruins of those who have passed away, but the tear that falls will not return, and this proverb spreads a spirit of optimism and a new start.","[""هذا المثل يُشير إلى أن الموت هو نهاية كل شيء، فلا معنى للتفكير في الماضي لأن الشخص الذي مات لم يعد موجودًا."", ""الهدف من هذا المثل هو التذكير بأن الوقت يمضي سريعًا، ويجب أن نركز على الجوانب المادية فقط دون العواطف."", ""هذا المثل يُشجع على تجاهل الماضي تمامًا وعدم تعلم الدروس منه، حتى لو كان ذلك ضارًا.""]",False,S2,هذا المثل هو نصيحة نفسية فعالة للأشخاص الذين يربطون تفكيرهم بالماضي، وهو مرض نفسي جدي لأن يؤذي التفكير السليم ويُعَطّل حركة الشخص نحو المستقبل. التفكير يجعل الشخص أسير الماضي وذكرياته المريرة، ويُجعَل يبكي على أنقاض من فات، ولكن الدموع التي تهدر لن تعود، وهذا المثل ينشر روح التفاؤل والبدء من جديد.,الهدف من هذا المثل هو التذكير بأن الوقت يمضي سريعًا، ويجب أن نركز على الجوانب المادية فقط دون العواطف.,هذا المثل يُشجع على تجاهل الماضي تمامًا وعدم تعلم الدروس منه، حتى لو كان ذلك ضارًا.,هذا المثل يُشير إلى أن الموت هو نهاية كل شيء، فلا معنى للتفكير في الماضي لأن الشخص الذي مات لم يعد موجودًا.,A,1,generated
MID0059,Arabic,سماعك بالْمُعَيَدِيِّ خير من أن تراه سمك في ماء,سماعك بالمعيدي خير من أن تراه سمك في الماء,Someone is a natural.,"[""الشخص يُفضل أن يسمع عن المعاني بدلاً من رؤيته."", ""من الأفضل أن تسمع عن الشيء بدلاً من رؤيته."", ""السمكة في الماء تدل على الضعف.""]",False,S2,من الأفضل أن تسمع عن الشيء بدلاً من رؤيته.,سماعك بالمعيدي خير من أن تراه سمك في الماء,الشخص يُفضل أن يسمع عن المعاني بدلاً من رؤيته.,السمكة في الماء تدل على الضعف.,B,1,generated
MID0425,Arabic,ابن الحرام بيساويها وابن الحلال بيوقع فيها,يعني هذا المثل أن الشخص البريء دائمًا يتحمل الأخطاء والنتائج التي تترتب على أفعال الشخص المذنب.,The proverb means that the innocent person always bears the mistakes and consequences of what the guilty person does.,"[""يعني أن الأخ الأكبر يتحمل أخطاء الأخ الأصغر دائمًا."", ""يُشير إلى أن الأغنياء فقط هم من يتحملون عبء أخطاء الفقراء."", ""يعني أن الأهل لا يبالون بالأخطاء ما داموا لا يُمسّونهم مباشرة.""]",False,S2,يُشير إلى أن الأغنياء فقط هم من يتحملون عبء أخطاء الفقراء.,يعني هذا المثل أن الشخص البريء دائمًا يتحمل الأخطاء والنتائج التي تترتب على أفعال الشخص المذنب.,يعني أن الأخ الأكبر يتحمل أخطاء الأخ الأصغر دائمًا.,يعني أن الأهل لا يبالون بالأخطاء ما داموا لا يُمسّونهم مباشرة.,B,1,generated
MID0073,Arabic,خاطبوا الناس على قدر عقولهم.,يجب على الناس التحدث مع الآخرين وفقاً لمستوى فهمهم وذكائهم.,It means that communication with people should be done according to their level of understanding and intellect.,"[""يُقصد به أن كل شخص يجب أن يرفع من مستوى فهمه للتحدث مع الآخرين."", ""يعني أن الناس يجب أن يخاطبوا بعضهم البعض دون احترام الفروق الفردية."", ""يدل على أن التحدث مع الجميع بنفس الطريقة يُظهر الذكاء.""]",False,S2,يدل على أن التحدث مع الجميع بنفس الطريقة يُظهر الذكاء.,يعني أن الناس يجب أن يخاطبوا بعضهم البعض دون احترام الفروق الفردية.,يُقصد به أن كل شخص يجب أن يرفع من مستوى فهمه للتحدث مع الآخرين.,يجب على الناس التحدث مع الآخرين وفقاً لمستوى فهمهم وذكائهم.,D,1,generated
MID0155,Arabic,الدنيا زي الغازية، ترقص لكل واحد شوية,كل كلب يحتله يومه,Every dog has its day.,"[""كل شخص يحصل على ما يستحق في النهاية"", ""الحياة مليها فرص للجميع"", ""السعادة تأتِي بعد الألم""]",False,S2,كل كلب يحتله يومه,كل شخص يحصل على ما يستحق في النهاية,السعادة تأتِي بعد الألم,الحياة مليها فرص للجميع,A,1,generated
MID0169,Arabic,ايش ياخد الريح من البلاط؟,يقال عن الشخص الذي لا يطمع فيه أحد لأنه لا يملك شيئًا أو لا قيمة له.,"It is said about a person who no one covets because he does not own anything or has no value. This proverb is used in response to someone who says, “Beware, there are those who covet him.”","[""يقال عن الشخص الذي يملك الكثير لكنه لا يهتم بالآخرين."", ""يقال عن الشخص الذي يخاف من المنافسة ويهرب من المسؤولية."", ""يقال عن الشخص الذي يسعى لمساعدة الآخرين دون مقابل.""]",False,S2,يقال عن الشخص الذي لا يطمع فيه أحد لأنه لا يملك شيئًا أو لا قيمة له.,يقال عن الشخص الذي يسعى لمساعدة الآخرين دون مقابل.,يقال عن الشخص الذي يملك الكثير لكنه لا يهتم بالآخرين.,يقال عن الشخص الذي يخاف من المنافسة ويهرب من المسؤولية.,A,1,generated
MID0767,Arabic,تجيك التهايم وإنت نايم,تُستخدم هذه القاعدة لتوصيف شخص невин مُتهم بارتكاب شيء خاطئ,This proverb is used to describe an innocent person who is accused of committing something wrong.,"[""تُستخدم هذه القاعدة للإشارة إلى شخص ينام كثيرًا ويعيش في عالم خيالي"", ""تُستخدم هذه القاعدة للتعبير عن شخص يحصل على ما يريده دون بذل جهد"", ""تُستخدم هذه القاعدة للإشارة إلى شخص ينسى مسؤولياته عندما ينام""]",False,S2,تُستخدم هذه القاعدة لتوصيف شخص невин مُتهم بارتكاب شيء خاطئ,تُستخدم هذه القاعدة للتعبير عن شخص يحصل على ما يريده دون بذل جهد,تُستخدم هذه القاعدة للإشارة إلى شخص ينسى مسؤولياته عندما ينام,تُستخدم هذه القاعدة للإشارة إلى شخص ينام كثيرًا ويعيش في عالم خيالي,A,1,generated
MID0622,Arabic,بليلة المباشر ولا ضبيحة (طبيخة) المكاشر,"الشخص الذي يعطيك القليل بمحبة وابتسامة أفضل من الذي يعطيك الكثير بلا لطف، مثل المثل المصري ""اقابلني ولا تطعمني"".","Someone who gives you a little with love and a smile is better than someone who gives you a lot but without kindness. It is like the Egyptian proverb ""Meet me, but don't feed me.""","[""من الأفضل أن ترفض الطعام من شخص غضبان أكثر مما تقبله من شخص سعيد."", ""يعني أن الأكل من اليد اليسرى أفضل من اليد اليمنى إذا كان المُطعم غاضبًا."", ""الإكرام بالكلام أفضل من الإكرام بالأطعمة في بعض الأحيان.""]",False,S2,يعني أن الأكل من اليد اليسرى أفضل من اليد اليمنى إذا كان المُطعم غاضبًا.,من الأفضل أن ترفض الطعام من شخص غضبان أكثر مما تقبله من شخص سعيد.,الإكرام بالكلام أفضل من الإكرام بالأطعمة في بعض الأحيان.,"الشخص الذي يعطيك القليل بمحبة وابتسامة أفضل من الذي يعطيك الكثير بلا لطف، مثل المثل المصري ""اقابلني ولا تطعمني"".",D,1,generated
MID0071,Arabic,بین المطرقة والسندان.,يعني أن الشخص أو الوضع في حالة صعبة ومتاعب من جهتين، ولا يوجد خروج سهل من الوضعية.,"It means that a person or situation is in difficult circumstances and is confused about two difficult choices, where there is no easy way out. It refers to having to deal with pressure or challenges from two different or opposing sides.","[""يعني أن الشخص يأخذ قرارات سريعة دون تفكير جيد."", ""يعني أن الشخص يعيش في رفاهية وراحة تامة."", ""يعني أن الشخص يبحث عن مشاكل ليست موجودة.""]",False,S2,يعني أن الشخص أو الوضع في حالة صعبة ومتاعب من جهتين، ولا يوجد خروج سهل من الوضعية.,يعني أن الشخص يأخذ قرارات سريعة دون تفكير جيد.,يعني أن الشخص يبحث عن مشاكل ليست موجودة.,يعني أن الشخص يعيش في رفاهية وراحة تامة.,A,1,generated
MID0068,Arabic,الوقاية خير من العلاج/ درهم وقاية خير من قنطار علاج,الوقاية خير من العلاج تعني أن اتخاذ التدابير الوقائية للavoidance المشاكل أو الأمراض أفضل بكثير من الانتظار حتى تحدث المشكلة ومن ثم محاولة علاجها.,Taking preventive measures and procedures to avoid problems or diseases is much better than waiting until the problem occurs and then trying to treat it.,"[""الوقاية خير من العلاج تعني أن العلاج الفوري هو الأفضل في كل الحالات."", ""الوقاية خير من العلاج تعني أن من الأفضل دائمًا إهمال المشاكل بدلاً من محاولة تجنبها."", ""الوقاية خير من العلاج تعني أن الوقاية فعالة فقط في حالات معينة وليس في جميع الأوقات.""]",False,S2,الوقاية خير من العلاج تعني أن الوقاية فعالة فقط في حالات معينة وليس في جميع الأوقات.,الوقاية خير من العلاج تعني أن العلاج الفوري هو الأفضل في كل الحالات.,الوقاية خير من العلاج تعني أن اتخاذ التدابير الوقائية للavoidance المشاكل أو الأمراض أفضل بكثير من الانتظار حتى تحدث المشكلة ومن ثم محاولة علاجها.,الوقاية خير من العلاج تعني أن من الأفضل دائمًا إهمال المشاكل بدلاً من محاولة تجنبها.,C,1,generated
MID0307,Arabic,انكشحت بين امعاه لحشيشَ.,العبارة تُستخدم لوصف اختفاء الحواجز وغياب العقبات بين الناس.,It is used to describe the disappearance of reservations and the absence of barriers between people.,"[""العبارة تُشير إلى بداية خلاف بين الأصدقاء."", ""العبارة تعني التحلي بالصبر في المواقف الصعبة."", ""العبارة تُستخدم للتعبير عن الشعور بالخجل في المناسبات الاجتماعية.""]",False,S2,العبارة تُشير إلى بداية خلاف بين الأصدقاء.,العبارة تُستخدم للتعبير عن الشعور بالخجل في المناسبات الاجتماعية.,العبارة تُستخدم لوصف اختفاء الحواجز وغياب العقبات بين الناس.,العبارة تعني التحلي بالصبر في المواقف الصعبة.,C,1,generated
MID0017,Arabic,اللي ما يعرف الغلط ما يتعلم,الخطأ هو أفضل معلم — تعلم من الأخطاء,Mistakes are the best teachers — learn from errors.,"[""من لا يرتكب أخطاء لا ينجح"", ""من لا يعرف الأخطاء لا يتعلم الحكمة"", ""من يتجنب الأخطاء يفقد الفرصة""]",False,S2,من لا يعرف الأخطاء لا يتعلم الحكمة,الخطأ هو أفضل معلم — تعلم من الأخطاء,من لا يرتكب أخطاء لا ينجح,من يتجنب الأخطاء يفقد الفرصة,B,1,generated
MID0719,Arabic,اللي يخالط المسعدين يسعد.,السعادة متعدية، فإذا كنت تعيش مع شخص سعيد، ستصبح سعيدًا. الشخص السعيد قد لا يعطيك من ماله، لكنه قد يريّك طريق السعادة,"The proverb means that happiness is contagious. If you live with a happy person, you will be happy. A happy person may not give you any of his money, but he may show you the path to happiness.","[""الشخص الذي يرتبط بالأشخاص الغنيّين سيصبح غنيًّا بنفس الطريقة"", ""من يرافق الأشخاص المتعبين سيصبح متعبًا أيضًا"", ""من يعيش مع الأشخاص المتأثرين سيتأثر بهم سلبًا""]",False,S2,الشخص الذي يرتبط بالأشخاص الغنيّين سيصبح غنيًّا بنفس الطريقة,من يعيش مع الأشخاص المتأثرين سيتأثر بهم سلبًا,السعادة متعدية، فإذا كنت تعيش مع شخص سعيد، ستصبح سعيدًا. الشخص السعيد قد لا يعطيك من ماله، لكنه قد يريّك طريق السعادة,من يرافق الأشخاص المتعبين سيصبح متعبًا أيضًا,C,3,generated
MID0639,Arabic,يجي الخريف.. واللواري بتقيف,يستخدم المثل عندما يحتاج شخص إلى شيء يمتلكه شخص آخر يعرفه، فيرد الشخص الآخر رفض منحه إياه، ف يتذكّر له الشخص المحتاج أن يوماً ما سيحتاج هو أيضاً إلى شيء.,"A proverb used when a person needs something and this thing is with someone else he knows, so the other person refuses to give it to him. Therefore, the person in need reminds the other person that one day he will need something as well.","[""يُستخدم المثل للتعبير عن الفرح بقدوم فصل الخريف وحدوث تغيّر في الطقس."", ""يُستخدم المثل لوصف العلاقة بين الصديق والخصم، حيث يُظهر أحدهما تعاوناً مزيفاً."", ""يُستخدم المثل للإشارة إلى أن الأشخاص يغيّرون مواقفهم بناءً على مصلحتهم الشخصية فقط.""]",False,S2,يُستخدم المثل للتعبير عن الفرح بقدوم فصل الخريف وحدوث تغيّر في الطقس.,يستخدم المثل عندما يحتاج شخص إلى شيء يمتلكه شخص آخر يعرفه، فيرد الشخص الآخر رفض منحه إياه، ف يتذكّر له الشخص المحتاج أن يوماً ما سيحتاج هو أيضاً إلى شيء.,يُستخدم المثل للإشارة إلى أن الأشخاص يغيّرون مواقفهم بناءً على مصلحتهم الشخصية فقط.,يُستخدم المثل لوصف العلاقة بين الصديق والخصم، حيث يُظهر أحدهما تعاوناً مزيفاً.,B,1,generated
MID0322,Arabic,كل بخنوس افعين امو اغزال,يُعبَّر عن حب الأم لילדِها الذي لا ترى فيه أيَّ عَيب، حتى لو رآه الآخرون العكسُ,"It is said to express a mother's love for her children, who sees no fault in them, even if people see the opposite.","[""يُعبَّر عن ضرورة تقبُّل الناس لبعضهم البعض بغض النظر عن اختلافاتهم"", ""يُعبَّر عن أهمية التفاؤل ورؤية الجوانب الجميلة في الحياة حتى في الأوقات الصعبة"", ""يُعبَّر عن ضرورة احترام الآراء المختلفة وعدم التعرض لها""]",False,S2,يُعبَّر عن ضرورة تقبُّل الناس لبعضهم البعض بغض النظر عن اختلافاتهم,يُعبَّر عن ضرورة احترام الآراء المختلفة وعدم التعرض لها,يُعبَّر عن أهمية التفاؤل ورؤية الجوانب الجميلة في الحياة حتى في الأوقات الصعبة,يُعبَّر عن حب الأم لילדِها الذي لا ترى فيه أيَّ عَيب، حتى لو رآه الآخرون العكسُ,D,1,generated
MID0785,Arabic,الباب اللى إِيجيك منه الريح، سده واستريح,يُستخدم هذا المثل لتحذير الناس من الدخول في المشاكل والخصومات، والابتعاد عن الأسباب التي تثير النزاعات والجذب بين الناس.,"This proverb is used to urge people not to get into problems, quarrels, and matters that lead to disagreements and division, and to prevent the causes that raise conflicts and quarrels between people.","[""يُستخدم هذا المثل للتشجيع على مواجهة المشاكل بجرأة وعدم الخوف من التحديات."", ""يُستخدم هذا المثل لوصف الشخص الذي يفتح الأبواب أمام الآخرين ليواجهوا المشاكل نيابة عنه."", ""يُستخدم هذا المثل كنداء للعمل الجماعي والتعاون في حل المشكلات بدلاً من التفرّد.""]",False,S2,يُستخدم هذا المثل كنداء للعمل الجماعي والتعاون في حل المشكلات بدلاً من التفرّد.,يُستخدم هذا المثل لتحذير الناس من الدخول في المشاكل والخصومات، والابتعاد عن الأسباب التي تثير النزاعات والجذب بين الناس.,يُستخدم هذا المثل للتشجيع على مواجهة المشاكل بجرأة وعدم الخوف من التحديات.,يُستخدم هذا المثل لوصف الشخص الذي يفتح الأبواب أمام الآخرين ليواجهوا المشاكل نيابة عنه.,B,1,generated
MID0549,Arabic,بتقول للقمر غيبي وأنا مكانش.,بتقول للقمر غيبي وأنا مكانش تعني أن المرأة جميلة جداً كأنها ضوء القمر نفسه.,It is a popular proverb describes a woman who is as beautiful as the moonlight.,"[""تعني أن الشخص يطلب من القمر أن يختفي لأنه لا يريد أن يرى ضوءه."", ""تعني أن المرأة تحاول أن تختبئ من القمر لأنها تخاف منه."", ""تعني أن الشخص يتحدث إلى القمر لأنه صديقه الوحيد.""]",False,S2,تعني أن الشخص يطلب من القمر أن يختفي لأنه لا يريد أن يرى ضوءه.,بتقول للقمر غيبي وأنا مكانش تعني أن المرأة جميلة جداً كأنها ضوء القمر نفسه.,تعني أن الشخص يتحدث إلى القمر لأنه صديقه الوحيد.,تعني أن المرأة تحاول أن تختبئ من القمر لأنها تخاف منه.,B,1,generated
MID0343,Arabic,بِيشتَري سَمَك في بَحَر,لا يمكنك شراء شيء دون رؤيته وتقديره، تمامًا كما لا يمكنك شراء سمك موجود في البحر، ويُستخدم عندما يُعبّر شخص عن رأيه في شيء لم يجربه أو يره.,"This proverb is said when someone sells to another a product that he has not seen, or the seller does not want to show it to him, or he may promise to show it to him later, and asks him to set a specific price for it. Just as you cannot sell or buy fish while it is in the sea, you cannot buy something without seeing it and evaluating it. This proverb is used when you are wanted to express your opinion on something that you have not tried or seen.","[""يشير إلى شخص يبيع شيئًا يمتلكه بالفعل لشخص آخر دون أن يعلم بذلك."", ""يُقصد به من يشتري شيئًا دون أن يدفع ثمنه."", ""يُشير إلى من يبيع شيئًا مفقودًا أو غير موجود في الواقع.""]",False,S2,يُشير إلى من يبيع شيئًا مفقودًا أو غير موجود في الواقع.,يُقصد به من يشتري شيئًا دون أن يدفع ثمنه.,يشير إلى شخص يبيع شيئًا يمتلكه بالفعل لشخص آخر دون أن يعلم بذلك.,لا يمكنك شراء شيء دون رؤيته وتقديره، تمامًا كما لا يمكنك شراء سمك موجود في البحر، ويُستخدم عندما يُعبّر شخص عن رأيه في شيء لم يجربه أو يره.,D,1,generated
MID0276,Arabic,أتبدلت غزلانها بقرودها.,تغيرت الظروف وانتقلت من الأفضل إلى الأسوأ,The proverb refers to the change of conditions and bad replaces good.,"[""استبدل الأشياء الثمينة بالشيء الرخيص"", ""الشخص يفضل الأصدقاء على العائلة"", ""الشخص يتحول من حال إلى حال أفضل""]",False,S2,استبدل الأشياء الثمينة بالشيء الرخيص,الشخص يفضل الأصدقاء على العائلة,تغيرت الظروف وانتقلت من الأفضل إلى الأسوأ,الشخص يتحول من حال إلى حال أفضل,C,1,generated
MID0502,Arabic,اللسان مافيه عظم.,يعني أن اللسان لا يحتوي على عظام، لذا يجب التحدث بلطف,This proverb urges being caution and think wisely before talking.,"[""يعني أن الحديث بدون تفكير قد يؤدي إلى المشاكل"", ""يعني أن الصمت أفضل من الكلام الزائد في بعض الأوقات"", ""يعني أن الأقوال يمكن أن تكون قوية مثل العظام""]",False,S2,يعني أن اللسان لا يحتوي على عظام، لذا يجب التحدث بلطف,يعني أن الأقوال يمكن أن تكون قوية مثل العظام,يعني أن الصمت أفضل من الكلام الزائد في بعض الأوقات,يعني أن الحديث بدون تفكير قد يؤدي إلى المشاكل,A,1,generated
MID0295,Arabic,شو جاب الزرقا للبلقا.,يستخدم للدلالة على مقارنة مكانين مختلفين أو شيئين متعارضين (حيث Zarqa وBalqa مدينتان أردنيتان),It is used to compare two different places or two opposite things (Zarqa and Balqa are Jordanian cities),"[""يدل على العلاقة بين شخصين مقربين من بعضهما"", ""يشير إلى التغير المناخي في الأردن"", ""يُفهم منه التشابه التام بين شخصين أو شيئين""]",False,S2,يُفهم منه التشابه التام بين شخصين أو شيئين,يدل على العلاقة بين شخصين مقربين من بعضهما,يستخدم للدلالة على مقارنة مكانين مختلفين أو شيئين متعارضين (حيث Zarqa وBalqa مدينتان أردنيتان),يشير إلى التغير المناخي في الأردن,C,1,generated
MID0500,Arabic,الفقيه اللي عملناه إقابل الجامع عاد فالحصاير طامع.,هذا المثل يُقال عن الشخص الذي كنت تُقدّره، لكنه يستحق أن تنظر إليه بسلبية,"This proverb is said about a person you thought well of, but he deserves you to think badly of him.","[""يُستخدم هذا المثل لوصف الشخص الذي يُظهر اهتمامًا بالآخرين فقط لينال مكاسب شخصية"", ""هذا المثل يُشير إلى شخص يُظهر خداعًا من خلال أقواله فقط"", ""يُقصد به الشخص الذي يعتمد على الآخرين دون أن يقدم شيئًا مُقابل""]",False,S2,هذا المثل يُقال عن الشخص الذي كنت تُقدّره، لكنه يستحق أن تنظر إليه بسلبية,هذا المثل يُشير إلى شخص يُظهر خداعًا من خلال أقواله فقط,يُستخدم هذا المثل لوصف الشخص الذي يُظهر اهتمامًا بالآخرين فقط لينال مكاسب شخصية,يُقصد به الشخص الذي يعتمد على الآخرين دون أن يقدم شيئًا مُقابل,A,1,generated
MID0631,Arabic,مد رجليك قدر لحافك,"لا تتجاوز حدود طموحاتك عن قدراتك المالية والاجتماعية وغيرها. مثلاً، إذا أراد رجل فقير الارتباط بفتاة جميلة غنية، يقولون له: ""مد رجليك قدر لحافك"".","Always keep your ambitions within the limits of your financial and social status, and so on. For example, if a poor man wants to propose to a beautiful and wealthy girl, he is told, “Stretch your legs to the length of your blanket.”","[""الشخص يجب أن يعيش حسب دخله فقط، ولا يسافر كثيراً."", ""المرء يجب أن يختار شريك الحياة من نفس المستوى البدني."", ""لا ترتدي ملابس باهظة الثمن إذا لم تكن تمتلك المال الكافي.""]",False,S2,المرء يجب أن يختار شريك الحياة من نفس المستوى البدني.,لا ترتدي ملابس باهظة الثمن إذا لم تكن تمتلك المال الكافي.,الشخص يجب أن يعيش حسب دخله فقط، ولا يسافر كثيراً.,"لا تتجاوز حدود طموحاتك عن قدراتك المالية والاجتماعية وغيرها. مثلاً، إذا أراد رجل فقير الارتباط بفتاة جميلة غنية، يقولون له: ""مد رجليك قدر لحافك"".",D,1,generated
MID0024,Arabic,إنّ الطيور على أشكالها تقع,إنّ الطيور على أشكالها تقع تُعبّر عن مدى تشابه شخصين أو قربهما من بعضهما البعض في الأفكار أو الأفعال، وكيف أن لديهما توافقًا في الطبع.,"It is a popular and common proverb, used to express the extent to which two people are similar or close in their actions or way of thinking and their compatibility with each other. The phrase has been used in some form since the mid-16th century, and a version of this phrase appeared in 1545 in a satire by the writer William Turner, who used a sentence from this proverb in his satirical comedy, On the Gentle Catholic, and the Rescue of the Romish Fox, in which he said: ""Birds of one kind and colour always fly in one flock"", the phrase was slightly different than it is today, but the main meaning is the same.","[""إنّ الطيور على أشكالها تقع تُشير إلى أن كل شخص يُعامل بطريقة معينة بناءً على شكله أو مظهره الخارجي."", ""إنّ الطيور على أشكالها تقع تعني أن الطيور تختار شريكها بناءً على قربها الجغرافي وليس على شكلها."", ""إنّ الطيور على أشكالها تقع تدل على أن الطيور لا يمكنها التكيف مع أي تغيير في بيئتها.""]",False,S2,إنّ الطيور على أشكالها تقع تعني أن الطيور تختار شريكها بناءً على قربها الجغرافي وليس على شكلها.,إنّ الطيور على أشكالها تقع تدل على أن الطيور لا يمكنها التكيف مع أي تغيير في بيئتها.,إنّ الطيور على أشكالها تقع تُعبّر عن مدى تشابه شخصين أو قربهما من بعضهما البعض في الأفكار أو الأفعال، وكيف أن لديهما توافقًا في الطبع.,إنّ الطيور على أشكالها تقع تُشير إلى أن كل شخص يُعامل بطريقة معينة بناءً على شكله أو مظهره الخارجي.,C,1,generated
MID0441,Arabic,شو بتعمل الماشطه بهالوش العكر.,ما بتعمل الماشطة بهالوش العكر تصف امرأة قبيحة لا ينفعها التجميل.,This proverb is used to describe an ugly woman who is not helped by beautification.,"[""الماشطة تستخدم لتصف امرأة جميلة تهتم بذاتها."", ""هذا المثل يشير إلى امرأة عاقلة تهتم بجمالها."", ""يشير المثل إلى امرأة مخطئة في اختيارها للزوج.""]",False,S2,يشير المثل إلى امرأة مخطئة في اختيارها للزوج.,الماشطة تستخدم لتصف امرأة جميلة تهتم بذاتها.,ما بتعمل الماشطة بهالوش العكر تصف امرأة قبيحة لا ينفعها التجميل.,هذا المثل يشير إلى امرأة عاقلة تهتم بجمالها.,C,1,generated
MID0412,Arabic,لي خاف سلم.,المعنى الصحيح: لا تتورط في المواقف الخطرة للبقاء آمنًا.,That means don't involved in dangerous situations to stay safe.,"[""المعنى الخاطئ 1: خف من الله دائمًا."", ""المعنى الخاطئ 2: الصمت هو أفضل دفاع."", ""المعنى الخاطئ 3: من يخاف لا يُصاب.""]",False,S2,المعنى الخاطئ 2: الصمت هو أفضل دفاع.,المعنى الخاطئ 3: من يخاف لا يُصاب.,المعنى الخاطئ 1: خف من الله دائمًا.,المعنى الصحيح: لا تتورط في المواقف الخطرة للبقاء آمنًا.,D,1,generated
MID0219,Arabic,البحر فيه لاغش,يعني وجود حركة غير عادية في الموجة، تدل على حدوث فعل سيؤدي إلى كارثة مدمرة.,(لاغش: an unusual movement of the wave). It indicates the existence of an action that will lead to a devastating disaster.,"[""يعني البحر هادئ تمامًا ولا يوجد أي تغيير فيه."", ""يعني أن الموجات تتحرك بهدوء مما يدل على سلام تام."", ""يعني أن البحر مغلق ولا يمكن العبور منه.""]",False,S2,يعني وجود حركة غير عادية في الموجة، تدل على حدوث فعل سيؤدي إلى كارثة مدمرة.,يعني أن الموجات تتحرك بهدوء مما يدل على سلام تام.,يعني البحر هادئ تمامًا ولا يوجد أي تغيير فيه.,يعني أن البحر مغلق ولا يمكن العبور منه.,A,1,generated
MID0523,Arabic,قرصه في ناره وعينه على جاره.,يُشير هذا المثل إلى الشهوة التي قد تُصيب الإنسان، والتي تجعله يشتهي ما يملكه الآخرون، دون أن يرتاح لمعيشته الخاصة.,"This proverb refers to the greed that may affect a person, which makes him greed to have what others have, without being content with his own livelihood.","[""هذا المثل يدل على أن الإنسان يُفضل التضحية بنفسه من أجل مصلحة جاره."", ""يُقصد به أن الإنسان يُصاب بالغيرة على جاره أكثر من نفسه."", ""يُشير إلى أن الإنسان يُهتم أكثر بمساكن جيرانه من مسكنه الخاص.""]",False,S2,يُشير هذا المثل إلى الشهوة التي قد تُصيب الإنسان، والتي تجعله يشتهي ما يملكه الآخرون، دون أن يرتاح لمعيشته الخاصة.,هذا المثل يدل على أن الإنسان يُفضل التضحية بنفسه من أجل مصلحة جاره.,يُقصد به أن الإنسان يُصاب بالغيرة على جاره أكثر من نفسه.,يُشير إلى أن الإنسان يُهتم أكثر بمساكن جيرانه من مسكنه الخاص.,A,1,generated
MID0614,Arabic,القُفه ام اضنين بشيلوها نفرين.,يعني التضامن والتعاون والرحمة بين الناس. هناك مقولة مشابهة: «يد واحدة لا تصفق»، لكنها تحث على التعاون.,"It indicates cooperation, solidarity and compassion among people. There is a similar proverb: “One hand can’t clap”, which conveys the same meaning, although it is in the context of urging cooperation.","[""يدل على أن العمل الفردي أكثر كفاءة من العمل الجماعي."", ""يعني أن المساعدة المتبادلة تؤدي إلى النزاعات."", ""يشير إلى أن كل شخص يجب أن يتحمل مسؤوليته بمفرده.""]",False,S2,يدل على أن العمل الفردي أكثر كفاءة من العمل الجماعي.,يشير إلى أن كل شخص يجب أن يتحمل مسؤوليته بمفرده.,يعني أن المساعدة المتبادلة تؤدي إلى النزاعات.,يعني التضامن والتعاون والرحمة بين الناس. هناك مقولة مشابهة: «يد واحدة لا تصفق»، لكنها تحث على التعاون.,D,1,generated
MID0159,Arabic,كلّه عند العرب صابون,الناس بلا ذوق لا يستطيعون تمييز جودة الأشياء المختلفة,People without taste can’t discern the quality of different things.,"[""كل شيء عند العرب يُستخدم كصابون"", ""العرب يفضلون الصابون على غيره من المنتجات"", ""كل ما يُقدّم للعرب يُقبل عليه كالماء""]",False,S2,العرب يفضلون الصابون على غيره من المنتجات,كل شيء عند العرب يُستخدم كصابون,الناس بلا ذوق لا يستطيعون تمييز جودة الأشياء المختلفة,كل ما يُقدّم للعرب يُقبل عليه كالماء,C,1,generated
MID0755,Arabic,إنفخ يا شريم قال ماكو برطم,هذا المثل يُستخدم لوصف الشخص الذي لا يفهم ما تقوله أو تشرحه له، أي أنه لا يستطيع فهم المعنى بغض النظر عن جهودك في التوضيح.,"This proverb is used to describe someone who does not understand what you are saying or explaining to them. It means that no matter how much you try to clarify or explain, this person is unable to grasp your meaning.","[""هذا المثل يشير إلى شخص دائمًا يفهم الأمور بشكل خاطئ بغض النظر عن طريقة الشرح."", ""هذا المثل يدل على أن الشخص يتجاهل ما تقوله بوعي حتى لو توضحت الأمور له."", ""هذا المثل يُستخدم لوصف الشخص الذي يفهم الأمور بسرعة ويحتاج إلى شرح بسيط فقط.""]",False,S2,هذا المثل يُستخدم لوصف الشخص الذي يفهم الأمور بسرعة ويحتاج إلى شرح بسيط فقط.,هذا المثل يُستخدم لوصف الشخص الذي لا يفهم ما تقوله أو تشرحه له، أي أنه لا يستطيع فهم المعنى بغض النظر عن جهودك في التوضيح.,هذا المثل يدل على أن الشخص يتجاهل ما تقوله بوعي حتى لو توضحت الأمور له.,هذا المثل يشير إلى شخص دائمًا يفهم الأمور بشكل خاطئ بغض النظر عن طريقة الشرح.,B,1,generated
MID0605,Arabic,التسوي كريت تلقى في جلدها.,يُستخدم هذا المثل السوداني لوصف شخص يقوم بفعل شيء يعود عليه بال وباله، حتى بعد فترة. كان هناك رجل يملك قردة. كان لديه شجرة (قرد)، وهي شجرة زيتون تنمو بشكل طبيعي وتنتشر في مناطق مختلفة من السودان. كانت هذه شجرة قرد مزروعة في ساحة البيت. أكلت القردة كمية كبيرة من الزعفران من شجرة القرد وتعبت من أكلها، وانتفخت بطنها حتى اقتربت من الموت. قبل أن تموت، ذبحها صاحبها، وقشرها، وتم جلدها مع القرد حتى تصبح (فرو). يعني المثل أن القردة أحضرت الشر себе. لذلك، أصبحت عادة وبدأ الناس يستخدمون هذا المثل في مناسبات مختلفة لوصف الناس الذين يجلبون المشاكل على أنفسهم.,"This is a Sudanese proverb that is often used to describe someone who does something and it backfires on them, even after a while. There was a man who owned a goat. He had a (Qard) tree, which is a jujube tree that grows naturally and is widely spread in different regions of Sudan. This Qard tree was planted in the courtyard of the house. The goat ate a large amount of the saffron from the Qard tree and got tired from eating so much saffron, and its belly swelled until it was close to death. Before it died, its owner slaughtered it, skinned it, and tanned its hide with Qard so that it would become (fur). The proverb means that the goat brought evil upon itself. Therefore, it became a custom and people began to use this proverb and use it on different occasions to describe people who bring trouble upon themselves.","[""يُستخدم هذا المثل لوصف شخص يعطي الهدايا لمن يكرههم، فينتقم منه الشخص الآخر لاحقاً."", ""يُشير المثل إلى شخص يزرع شجرة القرد في حديقة منزله، لكن هذه الشجرة تؤدي إلى تدمير المنزل بمرور الوقت."", ""يُقصد بالمثل أن شخصاً يطعم قردته بكميات كبيرة من الطعام، فيكتسب الوزن ويمرض، مما يُجبر صاحبه على بيعه.""]",False,S2,يُستخدم هذا المثل السوداني لوصف شخص يقوم بفعل شيء يعود عليه بال وباله، حتى بعد فترة. كان هناك رجل يملك قردة. كان لديه شجرة (قرد)، وهي شجرة زيتون تنمو بشكل طبيعي وتنتشر في مناطق مختلفة من السودان. كانت هذه شجرة قرد مزروعة في ساحة البيت. أكلت القردة كمية كبيرة من الزعفران من شجرة القرد وتعبت من أكلها، وانتفخت بطنها حتى اقتربت من الموت. قبل أن تموت، ذبحها صاحبها، وقشرها، وتم جلدها مع القرد حتى تصبح (فرو). يعني المثل أن القردة أحضرت الشر себе. لذلك، أصبحت عادة وبدأ الناس يستخدمون هذا المثل في مناسبات مختلفة لوصف الناس الذين يجلبون المشاكل على أنفسهم.,يُستخدم هذا المثل لوصف شخص يعطي الهدايا لمن يكرههم، فينتقم منه الشخص الآخر لاحقاً.,يُشير المثل إلى شخص يزرع شجرة القرد في حديقة منزله، لكن هذه الشجرة تؤدي إلى تدمير المنزل بمرور الوقت.,يُقصد بالمثل أن شخصاً يطعم قردته بكميات كبيرة من الطعام، فيكتسب الوزن ويمرض، مما يُجبر صاحبه على بيعه.,A,2,generated
MID0023,Arabic,أحضر الناس جوابا من لم يغضب,الجواب الأفضل يأتي من الشخص الذي لا يغضب,The best answer will come from the person who is not angry.,"[""الغضب يجلب الحلول الأسرع"", ""من لا يغضب لا يعرف الحقيقة"", ""كلما غضب الإنسان كان أذكى""]",False,S2,الغضب يجلب الحلول الأسرع,من لا يغضب لا يعرف الحقيقة,الجواب الأفضل يأتي من الشخص الذي لا يغضب,كلما غضب الإنسان كان أذكى,C,1,generated
MID0744,Arabic,كل من كان عالي وطى كل من كان سارح بالشياه هطى,كل من كان عالي وطى كل من كان سارح بالشياه هطى,"Everyone who was arrogant became mean, and everyone who was carefree migrated to the city.","[""الأشخاص الأغنياء يساعدون المحتاجين بينما يهجر الفقراء المدينة"", ""من يرفع صوته يُغضب الناس، ومن يرعى الغنم يصبح غنياً"", ""كل من كان عالماً أصبح مشهوراً، ومن كان يرعى الغنم أصبح متعباً""]",False,S2,من يرفع صوته يُغضب الناس، ومن يرعى الغنم يصبح غنياً,الأشخاص الأغنياء يساعدون المحتاجين بينما يهجر الفقراء المدينة,كل من كان عالماً أصبح مشهوراً، ومن كان يرعى الغنم أصبح متعباً,كل من كان عالي وطى كل من كان سارح بالشياه هطى,D,1,generated
YOR1674,Yoruba,"Ó ńṣe apá kúlú-kúlú bí ẹni ká gbé e jó, ó sì ńṣẹnu hàmù-hàmù bí èyí tí yó gbèéni mì.",Said of a person who mixes friendly gestures with threatening ones.,Said of a person who mixes friendly gestures with threatening ones.,"[""A different interpretation of this proverb"", ""Another possible meaning"", ""An alternative cultural reading""]",True,S2,A different interpretation of this proverb,Another possible meaning,Said of a person who mixes friendly gestures with threatening ones.,An alternative cultural reading,C,5,hard-fallback
YOR0494,Yoruba,Pẹ̀lẹ́-pẹ̀lẹ́ nijó àgbà; ara gbogbo ló di àkísà tán.,Ẹlẹ́rì ńkàrà kòkàrá kílódé,Elderly people should not overexert themselves.,"[""Ọmọ tó léyìn kílódé kò sílẹ̀ sí ẹlẹ́rì"", ""Ọlọ́gbọn kílódé kò sílẹ̀ sí àwọn ẹlẹ́rì"", ""Ọmọ kílódé kò ní ìfẹ̀ràn ẹlẹ́rì""]",False,S2,Ọmọ kílódé kò ní ìfẹ̀ràn ẹlẹ́rì,Ẹlẹ́rì ńkàrà kòkàrá kílódé,Ọlọ́gbọn kílódé kò sílẹ̀ sí àwọn ẹlẹ́rì,Ọmọ tó léyìn kílódé kò sílẹ̀ sí ẹlẹ́rì,B,1,generated
YOR1696,Yoruba,Olóòótọ́ ìlú nìkà ìlú.,Olóòtọ́ ìlú nìkà ìlú.,Honesty seldom makes one popular.,"[""Àwọn àṣẹ ìlú lèṣìn àwọn ìlú."", ""Ìlú lèṣìn ìlú nípa ìṣòro."", ""Olóòtọ́ ní ìlú kò lèṣìn ìlú""]",False,S2,Olóòtọ́ ìlú nìkà ìlú.,Ìlú lèṣìn ìlú nípa ìṣòro.,Àwọn àṣẹ ìlú lèṣìn àwọn ìlú.,Olóòtọ́ ní ìlú kò lèṣìn ìlú,A,1,generated
YOR0519,Yoruba,A kì í duni lóyè ká fọ̀nà ilé-e Baálẹ̀ hanni.,A kí í dúnì lóyè ká fọ̀nà ilé-e Baálẹ̀ hanni,"A person should be treated either as an adversary or as an ally, not as both.","[""Ní ìyàbo, ó kò ní ìyàní tí ó lé hàn bá wọn láti dára"", ""Ìwàlẹ́yìn kò sì máa lè wá lóye kí wọn kò sì lé wá lápá"", ""Ìṣẹ́ láti wà lóye kí ìṣẹ́ láti wà lápá kò ní ìṣòròlúwo""]",False,S2,"Ní ìyàbo, ó kò ní ìyàní tí ó lé hàn bá wọn láti dára",A kí í dúnì lóyè ká fọ̀nà ilé-e Baálẹ̀ hanni,Ìwàlẹ́yìn kò sì máa lè wá lóye kí wọn kò sì lé wá lápá,Ìṣẹ́ láti wà lóye kí ìṣẹ́ láti wà lápá kò ní ìṣòròlúwo,B,5,generated
YOR2026,Yoruba,Ọbẹ̀ lọmú àgbà.,Ọbẹ̀ lọmú àgbà,"Adults have their own nourishment, even if it differs from children’s.","[""Ẹni yẹn ló máa kúnwò sí èni tí ó kùn"", ""Ọmọ ení láti dàáwọn kí wọn kùn"", ""Ọbẹ̀ tí ó ní àgbà kí wọn kùn""]",False,S2,Ẹni yẹn ló máa kúnwò sí èni tí ó kùn,Ọbẹ̀ lọmú àgbà,Ọmọ ení láti dàáwọn kí wọn kùn,Ọbẹ̀ tí ó ní àgbà kí wọn kùn,B,2,generated
YOR0382,Yoruba,Kó-tán-kó-tán lajá ńlá omi.,Said of people who attack good things with excessive greed.,Said of people who attack good things with excessive greed.,"[""A different interpretation of this proverb"", ""Another possible meaning"", ""An alternative cultural reading""]",True,S2,Said of people who attack good things with excessive greed.,A different interpretation of this proverb,Another possible meaning,An alternative cultural reading,A,5,hard-fallback
YOR0951,Yoruba,"Oore tí Agbé ṣe lọ́fà, ó dagbe",One should learn from Agbe’s example and be prudent in doing favors.,One should learn from Agbe’s example and be prudent in doing favors.,"[""A different interpretation of this proverb"", ""Another possible meaning"", ""An alternative cultural reading""]",True,S2,An alternative cultural reading,A different interpretation of this proverb,One should learn from Agbe’s example and be prudent in doing favors.,Another possible meaning,C,5,hard-fallback
YOR3639,Yoruba,"Àkẹ̀hìnsí onígbé, bí ẹni tí ńkébòsí.","Àkẹ̀hìnsí onígbé, bí ẹni tí ńkébòsí.",Seeing something from a disadvantageous perspective is likely to mislead.,"[""Ẹní tí ó ní ìyára ní ìṣẹ́ kó pa ẹní tí ó ní ìwòsì."", ""Ìbòro sílẹ̀ ń fi ìṣẹ́ kò sílẹ̀."", ""Ẹnìyàn tí ó wà ní ìwòsì kò le ṣe ìṣẹ́ kò sí.""]",False,S2,"Àkẹ̀hìnsí onígbé, bí ẹni tí ńkébòsí.",Ìbòro sílẹ̀ ń fi ìṣẹ́ kò sílẹ̀.,Ẹnìyàn tí ó wà ní ìwòsì kò le ṣe ìṣẹ́ kò sí.,Ẹní tí ó ní ìyára ní ìṣẹ́ kó pa ẹní tí ó ní ìwòsì.,A,1,generated
YOR2260,Yoruba,"Igbó etílé òun ẹ̀gbin, àdàpọ̀ òwò òun ìyà; yàrá à-jùmọ̀ -gbé ìtalẹ̀ ni nínú.","Ìgbó etílé òun ẹ̀gbin, àdàpọ̀ òwò òun ìyà; yàrá à-jùmọ̀ -gbé ìtalẹ̀ ni nínú.",All relationships entail irri tants and require some capacity for accom modation.,"[""Ìwà àwọn ẹlẹ́sìn kò yìí yóò ní ìyìn kí ìṣẹ̀ṣẹ̀ kò sí."", ""Ìwòsònlà kò ní ìyìn nípa ìṣẹ̀rèlè àwọn arákùnrin."", ""Ìgbékẹ́lẹ́ ìrìn kò ní ìyìn rírí àwọn ẹni kí wọ́n kò sí ìfásùsù ìṣòrò.""]",False,S2,Ìwòsònlà kò ní ìyìn nípa ìṣẹ̀rèlè àwọn arákùnrin.,"Ìgbó etílé òun ẹ̀gbin, àdàpọ̀ òwò òun ìyà; yàrá à-jùmọ̀ -gbé ìtalẹ̀ ni nínú.",Ìgbékẹ́lẹ́ ìrìn kò ní ìyìn rírí àwọn ẹni kí wọ́n kò sí ìfásùsù ìṣòrò.,Ìwà àwọn ẹlẹ́sìn kò yìí yóò ní ìyìn kí ìṣẹ̀ṣẹ̀ kò sí.,B,1,generated
YOR1287,Yoruba,Ìpẹ̀ta lọṣẹ àpọ́n.,Ìwòsòtò rẹ̀ lè máa ńkáàwà sí ẹ̀wọ́n kí ló máa bẹ̀rẹ̀ sí àwọn ìyẹn tí lè máa ní ìṣẹ́ kí ìyàmò rẹ̀ lè máa wàlẹ̀.,A person who lacks the means to provide properly for himself or herself must be resourceful at making do.,"[""Ẹ̀wọ́n tí lè ní ìṣẹ́ kí lè máa bẹ̀rẹ̀ sí àwọn ìyẹn tí lè máa ní ìṣẹ́."", ""Ẹ̀wọ́n tí lè máa ńkáàwà sí ẹ̀wọ́n kí lè máa wàlẹ̀ sí ìyàmò rẹ̀ nígbà tí ìyàmò rẹ̀ lè máa ní ìṣẹ́."", ""Ẹ̀wọ́n tí lè máa wàlẹ̀ sí ìyàmò rẹ̀ nígbà tí ìyàmò rẹ̀ lè máa ní ìṣẹ́ kí lè máa bẹ̀rẹ̀ sí àwọn ìyẹn tí lè máa ní ìṣẹ́.""]",False,S2,Ìwòsòtò rẹ̀ lè máa ńkáàwà sí ẹ̀wọ́n kí ló máa bẹ̀rẹ̀ sí àwọn ìyẹn tí lè máa ní ìṣẹ́ kí ìyàmò rẹ̀ lè máa wàlẹ̀.,Ẹ̀wọ́n tí lè ní ìṣẹ́ kí lè máa bẹ̀rẹ̀ sí àwọn ìyẹn tí lè máa ní ìṣẹ́.,Ẹ̀wọ́n tí lè máa wàlẹ̀ sí ìyàmò rẹ̀ nígbà tí ìyàmò rẹ̀ lè máa ní ìṣẹ́ kí lè máa bẹ̀rẹ̀ sí àwọn ìyẹn tí lè máa ní ìṣẹ́.,Ẹ̀wọ́n tí lè máa ńkáàwà sí ẹ̀wọ́n kí lè máa wàlẹ̀ sí ìyàmò rẹ̀ nígbà tí ìyàmò rẹ̀ lè máa ní ìṣẹ́.,A,3,generated
YOR2985,Yoruba,"Wón ní, ""Amúkùnún, ru mà wọ́ọ̀.’’ Ó ní ‘‘Ìsàlẹ̀ ló ti w wá.’’",Ìsàlẹ̀ ló ti w wá.,"In considering a prob lem, one must look at the root causes, not only the manifestations.","[""Kò ní iṣoro rẹ̀lẹ̀ yìí kí wò sí wọn arákùnrá."", ""Wọ́n fẹ́ láti kọ́rọ̀ wọn àwọn ẹ̀wọn."", ""Ìṣẹ́lẹ̀ kí kó wí wá kí kó wí wọn àwọn ẹ̀wọn.""]",False,S2,Ìṣẹ́lẹ̀ kí kó wí wá kí kó wí wọn àwọn ẹ̀wọn.,Wọ́n fẹ́ láti kọ́rọ̀ wọn àwọn ẹ̀wọn.,Kò ní iṣoro rẹ̀lẹ̀ yìí kí wò sí wọn arákùnrá.,Ìsàlẹ̀ ló ti w wá.,D,2,generated
YOR3714,Yoruba,Ataepo àti araepo ló mọ ohun tí wọ́n fi ńnuwọ́,Ataepo àti araepo ló mọ ohun tí wọ́n fi ńnuwọ́,People who share the same trade or secrets understand one another.,"[""Àwọn tí wọ́n lèyìn nípa ìlẹ̀ kan lè mọ̀ nípa ìṣòòrè kan"", ""Àwọn tí wọ́n fẹ́ ńṣọ́ wàlẹ́ kòṣe rí ìṣòòrè kan"", ""Àwọn tí wọ́n kò láti yìí lè mọ̀ nípa ìṣòòrè wọn""]",False,S2,Àwọn tí wọ́n fẹ́ ńṣọ́ wàlẹ́ kòṣe rí ìṣòòrè kan,Àwọn tí wọ́n kò láti yìí lè mọ̀ nípa ìṣòòrè wọn,Ataepo àti araepo ló mọ ohun tí wọ́n fi ńnuwọ́,Àwọn tí wọ́n lèyìn nípa ìlẹ̀ kan lè mọ̀ nípa ìṣòòrè kan,C,1,generated
YOR1539,Yoruba,"A kì í ṣe ẹlẹ́jọ́ ní ""Ngbọ́""?",Àìní padà lẹ́yìn pé àwọn ìkíló àárín kíkún kò ṣe ẹlẹ́jọ́ ní nǹkan wọn ti wọn sì jẹ́ kíkún ní,Do not expect impartial witnessing from an interested party.,"[""Ìbójúlè lẹ́yìn pé àwọn ìkíló kò ṣe ẹlẹ́jọ́ ní nǹkan wọn kíkún"", ""Ìyìnú lẹ́yìn pé ẹlẹ́jọ́ kò ṣe ẹlẹ́jọ́ ní nǹkan wọn kíkún"", ""Ìyìnú lẹ́yìn pé àwọn ìkíló kò ní ìwà ní nǹkan wọn kíkún""]",False,S2,Ìbójúlè lẹ́yìn pé àwọn ìkíló kò ṣe ẹlẹ́jọ́ ní nǹkan wọn kíkún,Ìyìnú lẹ́yìn pé àwọn ìkíló kò ní ìwà ní nǹkan wọn kíkún,Ìyìnú lẹ́yìn pé ẹlẹ́jọ́ kò ṣe ẹlẹ́jọ́ ní nǹkan wọn kíkún,Àìní padà lẹ́yìn pé àwọn ìkíló àárín kíkún kò ṣe ẹlẹ́jọ́ ní nǹkan wọn ti wọn sì jẹ́ kíkún ní,D,3,generated
YOR1170,Yoruba,‘‘Bí mo lè kú ma kú’’ lọmọkùrín fi ńlágbára; ‘‘Ng ò lè wáá kú’’ lọmọkùnrín fi ńlẹ.‘‘,Bí mo lè kú ma kú lọmọkùrín fi ńlágbára; Ng ò lè wáá kú lọmọkùnrín fi ńlẹ,Daring makes the man; caution unmakes the man.,"[""Àmọ̀ kú kílẹ̀ lágbára; àmọ̀ ò kú kílẹ̀ lẹ"", ""Ìyìn kú kílẹ̀ lágbára; ìyìn ò kú kílẹ̀ lẹ"", ""Ìṣẹ́ lágbára kílẹ̀ lágbára; ìṣẹ́ lẹ kílẹ̀ lẹ""]",False,S2,Ìyìn kú kílẹ̀ lágbára; ìyìn ò kú kílẹ̀ lẹ,Àmọ̀ kú kílẹ̀ lágbára; àmọ̀ ò kú kílẹ̀ lẹ,Ìṣẹ́ lágbára kílẹ̀ lágbára; ìṣẹ́ lẹ kílẹ̀ lẹ,Bí mo lè kú ma kú lọmọkùrín fi ńlágbára; Ng ò lè wáá kú lọmọkùnrín fi ńlẹ,D,2,generated
YOR3947,Yoruba,"Ìgbẹ́kẹ̀lé èèyàn, asán ni.","Ìgbẹ́kẹ̀lé èèyàn, asán ni.",One should be wary about trusting people.,"[""Ẹni o máa rí ẹnìyàn pé o lé ẹ̀wà."", ""Ẹ̀míràn ń bẹ̀rẹ̀ láìlọ́n ẹ̀wà rẹ̀."", ""Ẹnìyàn kò sí ìlẹ̀rùn rẹ̀ láti rí ìyìn rẹ̀.""]",False,S2,Ẹnìyàn kò sí ìlẹ̀rùn rẹ̀ láti rí ìyìn rẹ̀.,Ẹ̀míràn ń bẹ̀rẹ̀ láìlọ́n ẹ̀wà rẹ̀.,"Ìgbẹ́kẹ̀lé èèyàn, asán ni.",Ẹni o máa rí ẹnìyàn pé o lé ẹ̀wà.,C,1,generated
YOR2230,Yoruba,Aṣiwèrè èèyàn ní ńkọṣẹ́ àbọ̀ ọjà.,Aṣiwèrè èèyàn ní ńkọṣẹ́ àbọ̀ ọjà,One should not refuse to do a favor that entails no hardship or inconvenience.,"[""Ọ̀nà tó yàtò láì ní ńkàrí ìyìn rẹ̀ lọ́"", ""Ẹ̀mí ní láti tọ̀ná àwọn ọ̀nà kí ìṣẹ̀ yìí pèsè"", ""Ọ̀nà tó ní láti sọ̀rọ̀ pẹ̀lẹ̀ kí ìwà yìí kó wá""]",False,S2,Ọ̀nà tó yàtò láì ní ńkàrí ìyìn rẹ̀ lọ́,Ọ̀nà tó ní láti sọ̀rọ̀ pẹ̀lẹ̀ kí ìwà yìí kó wá,Ẹ̀mí ní láti tọ̀ná àwọn ọ̀nà kí ìṣẹ̀ yìí pèsè,Aṣiwèrè èèyàn ní ńkọṣẹ́ àbọ̀ ọjà,D,5,generated
YOR2290,Yoruba,Ọ̀ràn tó bá ṣe ojú ìlú ò fara sin.,Ọ̀ràn tó bá ṣe ojú ìlú ò fara sin.,It is pointless to be secretive about something everybody already knows about.,"[""Ẹ̀mí ló máa ń kírí sí íbí ẹ̀ṣẹ́ rẹ̀."", ""Ìwé ń kírí ìlú rẹ̀ láti sọ̀rọ̀ sí ìwà rẹ̀."", ""Ọ̀ràn tó bá ń fọwọ́ sí ìlú rẹ̀ kò lè ní ẹ̀ṣẹ́ rẹ̀.""]",False,S2,Ìwé ń kírí ìlú rẹ̀ láti sọ̀rọ̀ sí ìwà rẹ̀.,Ọ̀ràn tó bá ń fọwọ́ sí ìlú rẹ̀ kò lè ní ẹ̀ṣẹ́ rẹ̀.,Ọ̀ràn tó bá ṣe ojú ìlú ò fara sin.,Ẹ̀mí ló máa ń kírí sí íbí ẹ̀ṣẹ́ rẹ̀.,C,4,generated
YOR0743,Yoruba,"""Gbà sókè"" ni ""Gbà sọ́kọ̀""; ohun tó a bá sọ síwájú là ń bá.",Gbà sókè ni gbà sọ́kọ̀; ohun tó a bá sọ síwájú là ń bá,One reaps the rewards of the good one sows.,"[""Gbà sókè ni gbà sọ́kọ̀; a lè ní ìwájú kí a lè ní ìpèlè"", ""Gbà sókè ni gbà sọ́kọ̀; a lè ní ìlú láti wá"", ""Gbà sókè ni gbà sọ́kọ̀; a lè kókò sí ẹ̀wọ̀n láti wá""]",False,S2,Gbà sókè ni gbà sọ́kọ̀; a lè kókò sí ẹ̀wọ̀n láti wá,Gbà sókè ni gbà sọ́kọ̀; ohun tó a bá sọ síwájú là ń bá,Gbà sókè ni gbà sọ́kọ̀; a lè ní ìlú láti wá,Gbà sókè ni gbà sọ́kọ̀; a lè ní ìwájú kí a lè ní ìpèlè,B,1,generated
YOR0015,Yoruba,A kì í fi gbèsè sọ́rùn ṣọ̀ṣọ́.,A kí í fi gbèsè sọ́rùn ṣọ̀ṣọ́,One should discharge one’s obligations before indulging in extravagance.,"[""Àwọn ìṣẹ́ kò láti rí ìpínú àgbé"", ""Ìtàn ní pa láti rí ìwà wọn"", ""Ìbádá ní kí kò láti rí ìṣẹ́ wọn""]",False,S2,Àwọn ìṣẹ́ kò láti rí ìpínú àgbé,Ìbádá ní kí kò láti rí ìṣẹ́ wọn,A kí í fi gbèsè sọ́rùn ṣọ̀ṣọ́,Ìtàn ní pa láti rí ìwà wọn,C,1,generated
YOR1074,Yoruba,A kì í fi ojoojúmọ́ rí olè jà kó dà bí-i tọwọ́ ẹni.,Àmì àwọn ènìyàn ní níkan kò sí lọwọ́ kílẹ̀,Self-sufficiency is far better than fortunate opportunism.,"[""Àwọn ìkọ̀ kò ní ìfẹ̀sìn nípa ìbòrò"", ""Ìṣẹ̀ ìtọ̀sìn kò ní ìbàrẹ̀ àwọn ènìyàn"", ""Ìdí ìṣòwò kò ní ìbàrẹ̀ ìṣẹ̀ ìlẹ́wọ̀n""]",False,S2,Àwọn ìkọ̀ kò ní ìfẹ̀sìn nípa ìbòrò,Ìdí ìṣòwò kò ní ìbàrẹ̀ ìṣẹ̀ ìlẹ́wọ̀n,Àmì àwọn ènìyàn ní níkan kò sí lọwọ́ kílẹ̀,Ìṣẹ̀ ìtọ̀sìn kò ní ìbàrẹ̀ àwọn ènìyàn,C,3,generated
YOR0996,Yoruba,"Ọkọ̀ ńjò, ọkọ̀ ńjò! Ìgbà tó bá rì, kò parí ná?",Ẹni kò le ṣe nípa ìyà ló sílẹ̀ pé ọ le ṣe ẹkọ̀,There is little one can do about a problem whose outcome is inevitable.,"[""Ẹni le ṣe ìyà pẹ̀lẹ̀ pé ọ le ṣe ìwà rẹ̀ nípa ìyà"", ""Ọ̀rọ̀ ńṣààrẹ̀ ìṣẹ̀ láìti ìṣẹ̀ tí wọn ńṣẹ̀ẹ̀"", ""Ọ̀rọ̀ lẹ́wọ̀n ìṣẹ̀ tí wọn ńṣẹ̀ẹ̀ nípa ìyà rẹ̀""]",False,S2,Ẹni le ṣe ìyà pẹ̀lẹ̀ pé ọ le ṣe ìwà rẹ̀ nípa ìyà,Ọ̀rọ̀ ńṣààrẹ̀ ìṣẹ̀ láìti ìṣẹ̀ tí wọn ńṣẹ̀ẹ̀,Ọ̀rọ̀ lẹ́wọ̀n ìṣẹ̀ tí wọn ńṣẹ̀ẹ̀ nípa ìyà rẹ̀,Ẹni kò le ṣe nípa ìyà ló sílẹ̀ pé ọ le ṣe ẹkọ̀,D,1,generated
YOR2981,Yoruba,Ta ní tó Ọlọ́run? Ẹdá tó mọ̀la ò sí.,Ẹni ò le lè si ọlọrun kí wọn lè mọ̀ ẹ̀rí,No one is as great or knowledgeable as God.,"[""Ẹni ò le lè si ọlọrun kí wọn lè ṣe ìyàńsẹ́"", ""Ẹni ò le lè si ọlọrun kí wọn lè ṣe àwọn ìṣẹ́ kíkún"", ""Ẹni ò le lè si ọlọrun kí wọn lè jẹ́ ẹ̀rí láti wà ní ọ̀rọ̀""]",False,S2,Ẹni ò le lè si ọlọrun kí wọn lè jẹ́ ẹ̀rí láti wà ní ọ̀rọ̀,Ẹni ò le lè si ọlọrun kí wọn lè ṣe ìyàńsẹ́,Ẹni ò le lè si ọlọrun kí wọn lè mọ̀ ẹ̀rí,Ẹni ò le lè si ọlọrun kí wọn lè ṣe àwọn ìṣẹ́ kíkún,C,5,generated
YOR0333,Yoruba,Ilé kì í jó kí baálé tàkakà.,Ìlè kí ì jò kí bàálé tàkàkà: Ìwò ní láti kò sí inú àṣẹ tí ó ní ìwà pín lẹ́yìn rẹ̀,One must not ignore matters of grave concern to oneself.,"[""Ìwò ní láti kò kànìyà ìṣẹ̀ òfìsì tí ó bẹ̀rẹ̀ láti rí ìṣẹ̀ rẹ̀"", ""Ìwò ní láti kò bẹ̀rẹ̀ ìṣẹ̀ tí ó yẹ̀ lẹ́yìn rẹ̀"", ""Ìwò ní láti kò sí inú àṣẹ tí ó bẹ̀rẹ̀ láti dí àwọn arákùnrá rẹ̀""]",False,S2,Ìwò ní láti kò bẹ̀rẹ̀ ìṣẹ̀ tí ó yẹ̀ lẹ́yìn rẹ̀,Ìwò ní láti kò kànìyà ìṣẹ̀ òfìsì tí ó bẹ̀rẹ̀ láti rí ìṣẹ̀ rẹ̀,Ìwò ní láti kò sí inú àṣẹ tí ó bẹ̀rẹ̀ láti dí àwọn arákùnrá rẹ̀,Ìlè kí ì jò kí bàálé tàkàkà: Ìwò ní láti kò sí inú àṣẹ tí ó ní ìwà pín lẹ́yìn rẹ̀,D,1,generated
YOR3729,Yoruba,"Àtidé onígbàjámọ̀ là ḿmọ̀, a kì í mọ àtilọ.","Àtidé onígbàjámọ̀ là ῷmọ̀, a kì í mọ àtilọ","Once one has served one’s purpose, one is soon forgotten.","[""Ìbà lèyìn ní láì"", ""Ìbà rò ní láì"", ""Ìbà ní láì ní ìwò""]",False,S2,Ìbà rò ní láì,Ìbà lèyìn ní láì,Ìbà ní láì ní ìwò,"Àtidé onígbàjámọ̀ là ῷmọ̀, a kì í mọ àtilọ",D,1,generated
YOR2860,Yoruba,‘‘Lọ fún mi nílé yìí’’ kọ́ ni ‘‘Lọ fún mi níbòmíràn.’’,"Ìyànjú lẹ́wọ̀n ẹ̀wọn ọ̀ṣìná ìṣẹ́, ẹ̀wọn kò sì ní ìṣẹ́ mìíràn.","If one is shut out of one opportunity, one can usually f ind another elsewhere.40 The following entry is a variant.","[""Kò ní ìṣẹ́, kò sí ẹ̀wọn rí ìṣẹ́ níbí ẹ̀ké."", ""Ìṣẹ́ rí ìṣẹ́, kò kẹ́kọ̀ kí ẹ̀wọn ní ìṣẹ́ mìíràn."", ""Kí ẹ̀wọn lè yí ìṣẹ́ níbí ẹ̀ké, kò kẹ́kọ̀ kí ẹ̀wọn lè yí ìṣẹ́ nílé yìí.""]",False,S2,"Kò ní ìṣẹ́, kò sí ẹ̀wọn rí ìṣẹ́ níbí ẹ̀ké.","Kí ẹ̀wọn lè yí ìṣẹ́ níbí ẹ̀ké, kò kẹ́kọ̀ kí ẹ̀wọn lè yí ìṣẹ́ nílé yìí.","Ìṣẹ́ rí ìṣẹ́, kò kẹ́kọ̀ kí ẹ̀wọn ní ìṣẹ́ mìíràn.","Ìyànjú lẹ́wọ̀n ẹ̀wọn ọ̀ṣìná ìṣẹ́, ẹ̀wọn kò sì ní ìṣẹ́ mìíràn.",D,2,generated
YOR2804,Yoruba,"Gagalo-ó ṣubú, ọwọ́ tẹ apákó.","Gagalo-ó ṣubú, ọwọ́ tẹ apákó.","When a person loses control, his or her belongings become fair game.","[""Moṣeṣe lati le gba ọwọ́ kẹkere."", ""Ẹni oṣẹ kọ̀ọ̀kọ̀ọ̀ kí ọwọ́ nípa ẹwà."", ""Ọwọ́ ní ẹni oṣẹ lẹkọ́rọ""]",False,S2,"Gagalo-ó ṣubú, ọwọ́ tẹ apákó.",Ẹni oṣẹ kọ̀ọ̀kọ̀ọ̀ kí ọwọ́ nípa ẹwà.,Moṣeṣe lati le gba ọwọ́ kẹkere.,Ọwọ́ ní ẹni oṣẹ lẹkọ́rọ,A,1,generated
YOR2336,Yoruba,A kì í dúpẹ́ ara ènì.,Grati tude is superfluous among close friends or relatives.,Grati tude is superfluous among close friends or relatives.,"[""A different interpretation of this proverb"", ""Another possible meaning"", ""An alternative cultural reading""]",True,S2,Another possible meaning,An alternative cultural reading,A different interpretation of this proverb,Grati tude is superfluous among close friends or relatives.,D,5,hard-fallback
YOR1756,Yoruba,"Bí ó ti ńdun ọmọ ẹyẹ, bẹ́ẹ̀ ló ńdun ọmọ èèyàn.","Bí ó ti ńdun ọmọ ẹyẹ, bẹ́ẹ̀ ló ńdun ọmọ èèyàn","Others feel hurt, just as we do.","[""Ẹyẹ̀ lè ní ìyìn èèyàn wọn rẹ̀ lẹ́kọ̀"", ""Ẹyẹ̀ kò lè wà ní ìwé ìwà èèyàn wọn"", ""Ẹyẹ̀ kò lè yí ìfẹ́ èèyàn wọn rẹ̀""]",False,S2,Ẹyẹ̀ kò lè yí ìfẹ́ èèyàn wọn rẹ̀,Ẹyẹ̀ lè ní ìyìn èèyàn wọn rẹ̀ lẹ́kọ̀,Ẹyẹ̀ kò lè wà ní ìwé ìwà èèyàn wọn,"Bí ó ti ńdun ọmọ ẹyẹ, bẹ́ẹ̀ ló ńdun ọmọ èèyàn",D,1,generated
YOR3667,Yoruba,Amúniṣẹ̀sín ẹ̀tẹ̀ tí ńmúni lọ́gangan imú,Amúniṣẹ̀sín ẹ̀tẹ̀ tí ńmúni lọ́gangan imú,A disfigurement that afflicts one in the most conspicuous place will surely be laughed at.,"[""Ẹní tí o bẹ̀rẹ̀ sí ẹ̀tẹ̀ rẹ̀ ní ìyìn tí o sì ńbẹ̀rẹ̀ kíkún síwá"", ""Ẹní tí o wà ní ìyìn tí o sì ńwà sí ẹ̀wé rẹ̀ ní ọ̀nà tí o sì ńwà síwá"", ""Ẹní tí o wà ní ẹ̀tẹ̀ tí o sì ńbẹ̀rẹ̀ síwá kí o wà ní ìyìn síwá""]",False,S2,Ẹní tí o bẹ̀rẹ̀ sí ẹ̀tẹ̀ rẹ̀ ní ìyìn tí o sì ńbẹ̀rẹ̀ kíkún síwá,Amúniṣẹ̀sín ẹ̀tẹ̀ tí ńmúni lọ́gangan imú,Ẹní tí o wà ní ìyìn tí o sì ńwà sí ẹ̀wé rẹ̀ ní ọ̀nà tí o sì ńwà síwá,Ẹní tí o wà ní ẹ̀tẹ̀ tí o sì ńbẹ̀rẹ̀ síwá kí o wà ní ìyìn síwá,B,2,generated
YOR3612,Yoruba,Adùn-únṣe bí àlejò omi.,Adùn-únṣe bí àlejò omi.,A good deed that en tails hardly any cost is easily and cheerfully performed.,"[""Adùn-únṣe ló sì ní ẹ̀kọ́n kíkún."", ""Adùn-únṣe ló sì ní ẹ̀kọ́n kílẹ́wọ̀n."", ""Adùn-únṣe ló sì ní àwọn ẹ̀kọ́n kírẹ̀lẹ̀""]",False,S2,Adùn-únṣe ló sì ní àwọn ẹ̀kọ́n kírẹ̀lẹ̀,Adùn-únṣe ló sì ní ẹ̀kọ́n kílẹ́wọ̀n.,Adùn-únṣe ló sì ní ẹ̀kọ́n kíkún.,Adùn-únṣe bí àlejò omi.,D,1,generated
YOR2716,Yoruba,"Bí a kò bá forí sọ, a kì í mọ ìrẹ̀-ẹ́ bẹ̀.","Bí a kò bá forí sọ, a kì í mọ ìrẹ̀-ẹ́ bẹ̀",Nothing teaches caution like a mishap.,"[""Ẹ̀ṣẹ̀ mọ ẹ̀yìn kíkọ̀rọ̀ àwọn ẹ̀ṣìn"", ""Àwọn ẹ̀ṣìn kò le lè ṣe ìfẹ̀sẹ̀n ẹ̀rí"", ""Ìwé kò le ṣe ìfẹ̀sẹ̀n ẹ̀rí ẹ̀ṣẹ̀ ẹ̀wà""]",False,S2,Ẹ̀ṣẹ̀ mọ ẹ̀yìn kíkọ̀rọ̀ àwọn ẹ̀ṣìn,"Bí a kò bá forí sọ, a kì í mọ ìrẹ̀-ẹ́ bẹ̀",Àwọn ẹ̀ṣìn kò le lè ṣe ìfẹ̀sẹ̀n ẹ̀rí,Ìwé kò le ṣe ìfẹ̀sẹ̀n ẹ̀rí ẹ̀ṣẹ̀ ẹ̀wà,B,1,generated
YOR2864,Yoruba,Mò ḿbọ̀! Máa bọ̀! Àwọn méjèèjì lẹ̀rù bá.,Ìwà tó bẹ̀rẹ̀ ati ìwà tó ní ìwà bẹ̀rẹ̀ ní ìfẹ̀sàn kó wá àwọn ìfẹ̀sàn nílẹ̀,Both the person bluffing and the person calling the bluff are secretly apprehensive.,"[""Àwọn méjì tó ní ìwà bẹ̀rẹ̀ kó wá ní ìdára ìpàdì nílẹ̀"", ""Àwọn méjì tó ní ìwà bẹ̀rẹ̀ kó wá ní ìsìná ìbádá"", ""Ìwà tó bẹ̀rẹ̀ ní ìwà kó wá ní ìfẹ̀sàn, àmọ̀ ìwà tó ní ìwà bẹ̀rẹ̀ kó wá ní ìsìná""]",False,S2,Ìwà tó bẹ̀rẹ̀ ati ìwà tó ní ìwà bẹ̀rẹ̀ ní ìfẹ̀sàn kó wá àwọn ìfẹ̀sàn nílẹ̀,Àwọn méjì tó ní ìwà bẹ̀rẹ̀ kó wá ní ìdára ìpàdì nílẹ̀,Àwọn méjì tó ní ìwà bẹ̀rẹ̀ kó wá ní ìsìná ìbádá,"Ìwà tó bẹ̀rẹ̀ ní ìwà kó wá ní ìfẹ̀sàn, àmọ̀ ìwà tó ní ìwà bẹ̀rẹ̀ kó wá ní ìsìná",A,1,generated
YOR1468,Yoruba,"Ọjà tí a fowó rà, owó la fi ńpa.",Ọ̀wàríì kò sílẹ̀ ẹ̀rí àwọn ìṣẹ̀lẹ̀ ìdáìnú,Do not make gifts of commodities purchased for trade.,"[""Kò kàn ẹ̀rí ìdáìnú àwọn ìṣẹ̀lẹ̀"", ""Ẹ̀rí àwọn ìṣẹ̀lẹ̀ lò sí ìdáìnú"", ""Ìdílẹ̀ ìdáìnú ní àwọn ìṣẹ̀lẹ̀""]",False,S2,Ẹ̀rí àwọn ìṣẹ̀lẹ̀ lò sí ìdáìnú,Kò kàn ẹ̀rí ìdáìnú àwọn ìṣẹ̀lẹ̀,Ìdílẹ̀ ìdáìnú ní àwọn ìṣẹ̀lẹ̀,Ọ̀wàríì kò sílẹ̀ ẹ̀rí àwọn ìṣẹ̀lẹ̀ ìdáìnú,D,1,generated
YOR0173,Yoruba,"Ara-àìbalẹ̀, olórí àrùn.","Ara-àìbalẹ̀, olórí àrùn. - Kì kọwó ìyà ní ìpàdé tó wó sí ìfẹ̀sìn",No disease is greater than hyperactivity.,"[""Kì kọwó ìyà ní ìpàdé tó wó sí ìpàdé àwọn arákùnrin"", ""Ìyà tó wó sí ìfẹ̀sìn jẹ́ kùn pé ìyà tó wó sí ìpàdé"", ""Ìyà tó wó sí àwọn arákùnrin jẹ́ ìyà kùn tó yẹn""]",False,S2,Ìyà tó wó sí àwọn arákùnrin jẹ́ ìyà kùn tó yẹn,Ìyà tó wó sí ìfẹ̀sìn jẹ́ kùn pé ìyà tó wó sí ìpàdé,"Ara-àìbalẹ̀, olórí àrùn. - Kì kọwó ìyà ní ìpàdé tó wó sí ìfẹ̀sìn",Kì kọwó ìyà ní ìpàdé tó wó sí ìpàdé àwọn arákùnrin,C,3,generated
YOR0423,Yoruba,"Ohun tó ṣeé faga là ńfaga sí; èwo ni, ‘‘Ìwòyí àná mo ti na ànaà mi fága-fàga’’?",Ìwòyí àná mo ti na ànaà mi fága-fàga,One should not cheerfully and boastfully embrace disgrace.,"[""Ìwòyí àná mo ní ìyàntí ìdírìn"", ""Ìwòyí àná mo ní ìyàntí ìlọ́yìn"", ""Ìwòyí àná mo ní ìyàntí ìṣẹ́lẹ̀""]",False,S2,Ìwòyí àná mo ti na ànaà mi fága-fàga,Ìwòyí àná mo ní ìyàntí ìdírìn,Ìwòyí àná mo ní ìyàntí ìṣẹ́lẹ̀,Ìwòyí àná mo ní ìyàntí ìlọ́yìn,A,2,generated
YOR3900,Yoruba,Ẹṣin kì í kọ eré àsárelé,Nobody refuses an exertion that has a great reward at its conclusion.,Nobody refuses an exertion that has a great reward at its conclusion.,"[""A different interpretation of this proverb"", ""Another possible meaning"", ""An alternative cultural reading""]",True,S2,Nobody refuses an exertion that has a great reward at its conclusion.,A different interpretation of this proverb,Another possible meaning,An alternative cultural reading,A,5,hard-fallback
YOR3498,Yoruba,Ẹni tó mọ iyì-i wúrà là ńtà á fún.,Ẹni tó mọ iyì-i wúrà là ńtà á fún.,Do not squander treasure on those incapable of appreciating it.,"[""Ẹni tó wúrà ní ìyì-i ní láti rí ìpàdé àwọn arákùnrá."", ""Ẹwò ní ìyì-i wúrà ní láti rí àwọn ìṣòlù."", ""Ẹni tó mọ ìyì-i wúrà ní láti rí àwọn tí ó kò lè ní ìṣòlù.""]",False,S2,Ẹni tó mọ iyì-i wúrà là ńtà á fún.,Ẹni tó wúrà ní ìyì-i ní láti rí ìpàdé àwọn arákùnrá.,Ẹwò ní ìyì-i wúrà ní láti rí àwọn ìṣòlù.,Ẹni tó mọ ìyì-i wúrà ní láti rí àwọn tí ó kò lè ní ìṣòlù.,A,1,generated
YOR2511,Yoruba,"Ẹni tí ó ńríni là ńrín; èèyàn tí kò rín èèyàn,aògbọd rín in; ẹ̀rín di méjì a dìjà.","Ẹni tí ó ńríni là ńrín; èèyàn tí kò rín èèyàn, aògbọd rín in; ẹ̀rín di méjì a dìjà.",One seeks a quarrel when one laughs at others with whom one does not share a joking relationship.,"[""Ẹni tí ó rí ìwà pẹ̀lẹ̀ tí ó kọ́rò dá àwọn arákùnrin."", ""Ẹ̀wà tí ó rí ẹ̀wà lẹ́wọ̀n kò tú ẹ̀wà rẹ̀ lẹ́wọ̀n."", ""Ẹni tí ó kò rí ìpàrí sí ìpàrí rẹ̀ kò tú ìpàrí ìyàáwọn rẹ̀.""]",False,S2,Ẹni tí ó rí ìwà pẹ̀lẹ̀ tí ó kọ́rò dá àwọn arákùnrin.,Ẹni tí ó kò rí ìpàrí sí ìpàrí rẹ̀ kò tú ìpàrí ìyàáwọn rẹ̀.,Ẹ̀wà tí ó rí ẹ̀wà lẹ́wọ̀n kò tú ẹ̀wà rẹ̀ lẹ́wọ̀n.,"Ẹni tí ó ńríni là ńrín; èèyàn tí kò rín èèyàn, aògbọd rín in; ẹ̀rín di méjì a dìjà.",D,1,generated
YOR1777,Yoruba,"Kí á ṣá a ṣá a, kí á gbọ̀n ọ́n gbọ̀n ọ́n; ká fi oko eéran sílẹ̀ ló dá eéran lára.",Ẹni tí ó kere ló ti lẹ̀nì lẹ̀nì kí ìyàáwò rìnà ló rìnà,The best treatment for a recalcitrant person is to shun him or her.,"[""Ẹnìyàn tí ó sìṣẹ̀wò nílẹ̀ yìí kí ìyàáwò sílẹ̀ ló sì"", ""Kí ìyàáwò sílẹ̀ ló dá ìyàáwò lára nípa ẹni tí ó lẹ̀wọ̀n"", ""Kí ìyàáwò sílẹ̀ ló rìrí ìyàáwò lára nípa ẹni tí ó kókè""]",False,S2,Ẹni tí ó kere ló ti lẹ̀nì lẹ̀nì kí ìyàáwò rìnà ló rìnà,Kí ìyàáwò sílẹ̀ ló dá ìyàáwò lára nípa ẹni tí ó lẹ̀wọ̀n,Kí ìyàáwò sílẹ̀ ló rìrí ìyàáwò lára nípa ẹni tí ó kókè,Ẹnìyàn tí ó sìṣẹ̀wò nílẹ̀ yìí kí ìyàáwò sílẹ̀ ló sì,A,2,generated
YOR0203,Yoruba,"Bí a kò bá dáṣọ lé aṣọ, a kì í pe ọ̀kan lákìísà.",Kò ṣe àṣẹ láti rò ọkọ̀ ẹkùn baba kíkún kíkún kò sílẹ̀ ẹ̀ṣẹ̀ láti ń ṣe ẹ̀ṣẹ̀ nǹkan kíkún ròpẹ̀n.,One may not disdain an old tool until one is able to replace it.,"[""Ní ìtàn ọkọ̀ ẹkùn kíkún kò láti ń ṣe ẹ̀ṣẹ̀ kíkún ròpẹ̀n."", ""Kò láti ń wàlè ọkọ̀ ẹkùn kíkún ní ẹ̀ṣẹ̀ láti rò ọkọ̀ ẹkùn kíkún ròpẹ̀n."", ""Kò láti ń ṣe ẹ̀ṣẹ̀ kíkún ròpẹ̀n kíkún kò láti ń wàlè ọkọ̀ ẹkùn kíkún.""]",False,S2,Kò ṣe àṣẹ láti rò ọkọ̀ ẹkùn baba kíkún kíkún kò sílẹ̀ ẹ̀ṣẹ̀ láti ń ṣe ẹ̀ṣẹ̀ nǹkan kíkún ròpẹ̀n.,Kò láti ń wàlè ọkọ̀ ẹkùn kíkún ní ẹ̀ṣẹ̀ láti rò ọkọ̀ ẹkùn kíkún ròpẹ̀n.,Kò láti ń ṣe ẹ̀ṣẹ̀ kíkún ròpẹ̀n kíkún kò láti ń wàlè ọkọ̀ ẹkùn kíkún.,Ní ìtàn ọkọ̀ ẹkùn kíkún kò láti ń ṣe ẹ̀ṣẹ̀ kíkún ròpẹ̀n.,A,1,generated
YOR1723,Yoruba,Ṣìgìdì ò l nu fọhùn; ir ńpur fúnr.,Ṣìgìdì ò l nu fọhùn; ir ńpur fúnr.,The earthen idol has no mouth to speak; lies are lying to lies.,"[""Ọ̀rẹ̀ ìlẹ̀wọ̀n kò sí lẹ́wọ̀n pé ẹ̀yí jàwá nípa ìlẹ̀wọ̀n."", ""Ọ̀rẹ̀ ìlẹ̀wọ̀n kò sí lẹ́wọ̀n pé ẹ̀yí wàṣàṣe nípa ẹ̀ṣẹ́ àwọn arákùnrin."", ""Ọ̀rẹ̀ ìlẹ̀wọ̀n kò sí lẹ́wọ̀n pé ẹ̀yí ní ìṣòwò àwọn arákùnrin àti àwọn ẹ̀lẹ̀wọ̀n.""]",False,S2,Ṣìgìdì ò l nu fọhùn; ir ńpur fúnr.,Ọ̀rẹ̀ ìlẹ̀wọ̀n kò sí lẹ́wọ̀n pé ẹ̀yí wàṣàṣe nípa ẹ̀ṣẹ́ àwọn arákùnrin.,Ọ̀rẹ̀ ìlẹ̀wọ̀n kò sí lẹ́wọ̀n pé ẹ̀yí jàwá nípa ìlẹ̀wọ̀n.,Ọ̀rẹ̀ ìlẹ̀wọ̀n kò sí lẹ́wọ̀n pé ẹ̀yí ní ìṣòwò àwọn arákùnrin àti àwọn ẹ̀lẹ̀wọ̀n.,A,1,generated
YOR1566,Yoruba,Àjànàkú kúro ni ‘‘A rí ǹkan fìrí’’; bí a bá rérin ká wí.,Ìyànjúwà: Kò kúro ló sí wàlè lẹhin nípa ìpínlẹ̀ tó ń bẹ̀rẹ̀,Don’t hedge when discussing the obvious.,"[""Kò ní ìwà ń rí ìpín rẹ̀ lẹ́rin wọn tó kó kàwà"", ""Kò kúro sí àwọn ìpín tó ń bẹ̀rẹ̀ lẹ̀yìn ìlẹ̀-ìyìn"", ""Kò ní ìwà ní ìpínlẹ̀ tó kó kàwà""]",False,S2,Kò ní ìwà ní ìpínlẹ̀ tó kó kàwà,Kò kúro sí àwọn ìpín tó ń bẹ̀rẹ̀ lẹ̀yìn ìlẹ̀-ìyìn,Kò ní ìwà ń rí ìpín rẹ̀ lẹ́rin wọn tó kó kàwà,Ìyànjúwà: Kò kúro ló sí wàlè lẹhin nípa ìpínlẹ̀ tó ń bẹ̀rẹ̀,D,1,generated
YOR0581,Yoruba,A kì í sọ pé abẹ Ọ̀yọ́ mú; nígbà náà ni yó sọ pé bẹ́ẹ̀ ni òun ò n ò tíì pọn.,Offer no braggart any opportunity to resume his bragging.,Offer no braggart any opportunity to resume his bragging.,"[""A different interpretation of this proverb"", ""Another possible meaning"", ""An alternative cultural reading""]",True,S2,Offer no braggart any opportunity to resume his bragging.,A different interpretation of this proverb,An alternative cultural reading,Another possible meaning,A,5,hard-fallback
YOR1821,Yoruba,"Tìkà toore, ọ̀kan kì í gbé.","Tìkà toore, ọ̀kan kì í gbé.",Wickedness and kindness will be rewarded unfailingly.,"[""Ẹ̀wọ́rìṣẹ̀ ń tọ́n̂ ń láìlọ́kè."", ""Àwọn ará tó ní ẹ̀ṣìn lè ní ìwà pẹ̀lẹ̀."", ""Ìwà rọ̀ṣẹ̀ṣẹ̀ lè lódùn ìwà ẹ̀ṣìn.""]",False,S2,Ìwà rọ̀ṣẹ̀ṣẹ̀ lè lódùn ìwà ẹ̀ṣìn.,Ẹ̀wọ́rìṣẹ̀ ń tọ́n̂ ń láìlọ́kè.,"Tìkà toore, ọ̀kan kì í gbé.",Àwọn ará tó ní ẹ̀ṣìn lè ní ìwà pẹ̀lẹ̀.,C,1,generated
YOR2193,Yoruba,Ọkọ ẹni lodì ẹni.,Ẹni kẹkẹ lọ kí ní láti lè si wọn kílẹ,There should be no relationship more intimate than that between spouses.,"[""Ẹni tí wọn lè kọwọ̀ ń kọwọ̀ wọn"", ""Ẹni tí wọn lè fọwọ̀ ń fọwọ̀ wọn"", ""Ẹni tí wọn lè ń tọ̀ wọn láti ń lọ""]",False,S2,Ẹni tí wọn lè kọwọ̀ ń kọwọ̀ wọn,Ẹni tí wọn lè fọwọ̀ ń fọwọ̀ wọn,Ẹni tí wọn lè ń tọ̀ wọn láti ń lọ,Ẹni kẹkẹ lọ kí ní láti lè si wọn kílẹ,D,4,generated
YOR3385,Yoruba,"Ìlú là ḿbá ọba gbé, kí ìjòyè má t wá mọ́lẹ̀ pa.","Ìlú là ḿbá ọba gbé, kí ìjòyè má t wá mọ́lẹ̀ pa.",The minor official should not impose on people more than the important officials do.,"[""Ọba ní láti kíkún ará wọn dá àwọn ìlú nípa ìṣẹ́ láti kọ̀ọ̀kan."", ""Ẹ̀yẹ́ kíkún ará ní ìlú láti ń wáṣí àwọn ọ̀ràn ọ̀lọ́wàá."", ""Ìlú ní láti kíkún ará wọn ń dá ọ̀ràn sí ará ń kíkún wọn.""]",False,S2,Ẹ̀yẹ́ kíkún ará ní ìlú láti ń wáṣí àwọn ọ̀ràn ọ̀lọ́wàá.,Ìlú ní láti kíkún ará wọn ń dá ọ̀ràn sí ará ń kíkún wọn.,Ọba ní láti kíkún ará wọn dá àwọn ìlú nípa ìṣẹ́ láti kọ̀ọ̀kan.,"Ìlú là ḿbá ọba gbé, kí ìjòyè má t wá mọ́lẹ̀ pa.",D,2,generated
YOR1906,Yoruba,Àìkọ́wọ́rìn ejò l m aráyé fi ńfàdá pa wọ́n.,Ẹnìyàn tó ń bẹ̀rẹ̀ lẹhin ń wáyé kí wọ́n kò sílẹ̀ sí wọ́n.,Those who hang together will not hang separately.,"[""Ẹnìyàn tó ń kọ̀ọ̀kan nípa ìṣẹ̀ lẹhin kò sílẹ̀ sí wọ́n."", ""Ẹnìyàn tó ń ńlẹ̀ ń wáyé kí wọ́n ń wàwàwọ̀n rí wọ́n."", ""Ẹnìyàn tó ń kọ̀ọ̀kan nípa ìṣẹ̀ lẹhin ń wáyé kí wọ́n sílẹ̀ sí wọ́n.""]",False,S2,Ẹnìyàn tó ń kọ̀ọ̀kan nípa ìṣẹ̀ lẹhin kò sílẹ̀ sí wọ́n.,Ẹnìyàn tó ń kọ̀ọ̀kan nípa ìṣẹ̀ lẹhin ń wáyé kí wọ́n sílẹ̀ sí wọ́n.,Ẹnìyàn tó ń bẹ̀rẹ̀ lẹhin ń wáyé kí wọ́n kò sílẹ̀ sí wọ́n.,Ẹnìyàn tó ń ńlẹ̀ ń wáyé kí wọ́n ń wàwàwọ̀n rí wọ́n.,C,3,generated
YOR0033,Yoruba,A kì í mọ́ egbò fúnra ẹni ká sunkún.,À ì kò ní ìmọ̀ ègbò fún rẹ̀ sí ẹ̀kùn ká sùnkùn.,One should know one’s own pain threshold.,"[""À ì kò lè ní ìyẹn ègbò kí ì tẹ̀ rẹ̀ sí ìyẹn ẹ̀kùn."", ""À ì kò lè fún ègbò sí ìyẹn ẹ̀kùn kí ì sùnkùn."", ""À ì kò lè ní ìmọ̀ ègbò láti rí ìyẹn ẹ̀kùn kí ì sùnkùn.""]",False,S2,À ì kò lè ní ìyẹn ègbò kí ì tẹ̀ rẹ̀ sí ìyẹn ẹ̀kùn.,À ì kò ní ìmọ̀ ègbò fún rẹ̀ sí ẹ̀kùn ká sùnkùn.,À ì kò lè ní ìmọ̀ ègbò láti rí ìyẹn ẹ̀kùn kí ì sùnkùn.,À ì kò lè fún ègbò sí ìyẹn ẹ̀kùn kí ì sùnkùn.,B,1,generated
YOR0071,Yoruba,Abùléra ọ̀fọ́n-ọ̀n: ó ní ọjọ́ tí ológbò-ó ti bí òun ò ìtí-ì dá a ní báríkà.,Ìkójè ìgbàrulò sí ẹ̀wọn ìyàtítọ̀ àti ìyàgbàwọn rẹ̀.,Never forget your vulnerabilities and limitations.,"[""Kò sí ìkànjì ìle àti àkànṣe rẹ̀ sí ìjàrè."", ""Kò sí ìdí ẹ̀wọn ìṣẹ̀rẹ̀ rẹ̀ láti rìn ìṣẹ̀."", ""Ìbàwé ẹ̀wọn àwọn ìṣẹ̀ rẹ̀ sí ẹ̀wọn ìyàgbàwọn rẹ̀.""]",False,S2,Ìkójè ìgbàrulò sí ẹ̀wọn ìyàtítọ̀ àti ìyàgbàwọn rẹ̀.,Kò sí ìdí ẹ̀wọn ìṣẹ̀rẹ̀ rẹ̀ láti rìn ìṣẹ̀.,Kò sí ìkànjì ìle àti àkànṣe rẹ̀ sí ìjàrè.,Ìbàwé ẹ̀wọn àwọn ìṣẹ̀ rẹ̀ sí ẹ̀wọn ìyàgbàwọn rẹ̀.,A,1,generated
YOR0639,Yoruba,"Ahún wọnú orù, ó ku àtiyọ.",Ìwé ìyàra kí ìyìn ní ìwàranti ìlẹyí sí ẹ̀rọ́nì wọn kí ìyìn fàwọn.,One should consider the possible consequences of one’s actions before acting.,"[""Ìyìn gbéwé wọn arákùnrà sí ẹ̀rọ́nì wọn kí ìyìn fàwọn."", ""Ìyìn mọ̀ wílèwílẹ̀ kí ìyìn dára ní ẹ̀rọ́nì wọn."", ""Ìyìn kíkóra wọn arákùnrà sí ìbí ẹ̀rọ́nì wọn.""]",False,S2,Ìyìn kíkóra wọn arákùnrà sí ìbí ẹ̀rọ́nì wọn.,Ìyìn mọ̀ wílèwílẹ̀ kí ìyìn dára ní ẹ̀rọ́nì wọn.,Ìyìn gbéwé wọn arákùnrà sí ẹ̀rọ́nì wọn kí ìyìn fàwọn.,Ìwé ìyàra kí ìyìn ní ìwàranti ìlẹyí sí ẹ̀rọ́nì wọn kí ìyìn fàwọn.,D,4,generated
