sample_id,language,source_proverb,proverb_en,correct_text,distractors,fallback,info,strategy,Choice_A,Choice_B,Choice_C,Choice_D,Answer
ENG2109,English,Good beginning makes a good ending,Good beginning makes a good ending,A solid start leads to a successful conclusion,"['A strong finish ensures a promising start', 'A fortunate start results in a favorable outcome', 'A perfect start guarantees an ideal conclusion']",False,gate=len,S2,A solid start leads to a successful conclusion,A strong finish ensures a promising start,A fortunate start results in a favorable outcome,A perfect start guarantees an ideal conclusion,A
ENG2245,English,Where there’s a will there’s a way.,Where there’s a will there’s a way.,A determined mind can overcome any obstacle,"['Where there’s a desire, there’s a path', 'A strong will ensures a clear direction', 'Without a will, there’s no way forward']",False,gate=len,S2,"Without a will, there’s no way forward",A determined mind can overcome any obstacle,"Where there’s a desire, there’s a path",A strong will ensures a clear direction,B
ENG1267,English,There will be sleeping enough in the grave,There will be sleeping enough in the grave,There will be enough rest in the afterlife,"['Sleep in the grave is abundant for the dead', 'Plenty of slumber awaits in the hereafter', 'The cemetery offers ample time for sleeping']",False,gate=len,S2,Plenty of slumber awaits in the hereafter,The cemetery offers ample time for sleeping,There will be enough rest in the afterlife,Sleep in the grave is abundant for the dead,C
ENG1238,English,Believe not all that you see nor half what you hear,Believe not all that you see nor half what you hear,Believe not all that you see nor half what you hear,"['[DISTRACTOR 1]', '[DISTRACTOR 2]', '[DISTRACTOR 3]']",True,max_retries,S2,[DISTRACTOR 1],[DISTRACTOR 2],[DISTRACTOR 3],Believe not all that you see nor half what you hear,D
ENG1638,English,Stone -dead hath no fellow,Stone -dead hath no fellow,Stone -dead hath no fellow,"['[DISTRACTOR 1]', '[DISTRACTOR 2]', '[DISTRACTOR 3]']",True,max_retries,S2,Stone -dead hath no fellow,[DISTRACTOR 1],[DISTRACTOR 2],[DISTRACTOR 3],A
ENG0113,English,Fool's errand,Fool's errand,A pointless endeavor,"['A task for a foolish person', 'An impossible mission', 'A task that fools people']",False,gate=len,S2,A task that fools people,A pointless endeavor,A task for a foolish person,An impossible mission,B
ENG0148,English,Horse-sense,Horse-sense,Common sense,"['Horse intuition', 'Equine wisdom', 'Stable logic']",False,gate=len,S2,Equine wisdom,Stable logic,Common sense,Horse intuition,C
ENG0432,English,Money doesn’t grow on trees,Money doesn’t grow on trees,Money isn’t picked from trees,"['Money doesn’t bloom from trees', 'Money isn’t grown on trees', 'Money isn’t found on trees']",False,gate=len,S2,Money doesn’t bloom from trees,Money isn’t grown on trees,Money isn’t found on trees,Money isn’t picked from trees,D
ENG1450,English,Men are blind in their own cause,Men are blind in their own cause,Men are blind in their own cause,"['[DISTRACTOR 1]', '[DISTRACTOR 2]', '[DISTRACTOR 3]']",True,max_retries,S2,Men are blind in their own cause,[DISTRACTOR 1],[DISTRACTOR 2],[DISTRACTOR 3],A
ENG0319,English,Every dog has his day.,Every dog has his day.,Every dog has their moment,"['Every dog waits for its day', 'Each dog deserves a day', 'Every dog finds its day']",False,gate=len,S2,Every dog finds its day,Every dog has their moment,Every dog waits for its day,Each dog deserves a day,B
ENG2038,English,The apple doesn't fall far from the tree,The apple doesn't fall far from the tree,The apple doesn't fall far from the tree,"[""The apple doesn't roll far from the tree"", 'Apples seldom land far from their trees', 'The apple rarely strays far from the tree']",False,gate=len,S2,Apples seldom land far from their trees,The apple rarely strays far from the tree,The apple doesn't fall far from the tree,The apple doesn't roll far from the tree,C
ENG1126,English,Little by little and bit by bit,Little by little and bit by bit,"Gradually, step by step","['Piece by piece and drop by drop', 'Slowly and steadily', 'Bit by bit and inch by inch']",False,gate=len,S2,Piece by piece and drop by drop,Slowly and steadily,Bit by bit and inch by inch,"Gradually, step by step",D
ENG1569,English,"Scratch a Russian, and you will find a Tartar","Scratch a Russian, and you will find a Tartar",Under the surface of a Russian lies a Tartar,"['Peel a Russian, and a Turk emerges', ""Dig beneath a Russian's skin to find a Cossack"", ""Uncover a Russian's true nature as a Mongol""]",False,gate=len,S2,Under the surface of a Russian lies a Tartar,"Peel a Russian, and a Turk emerges",Dig beneath a Russian's skin to find a Cossack,Uncover a Russian's true nature as a Mongol,A
ENG2028,English,Silence gives consent.,Silence gives consent.,Silence implies agreement,"['Silence denies approval', 'Silence requires action', 'Silence prevents understanding']",False,gate=len,S2,Silence prevents understanding,Silence implies agreement,Silence denies approval,Silence requires action,B
ENG0378,English,Where there's a will there's a way.,Where there's a will there's a way.,"If you're determined, you'll find a solution","['When the heart is set, the path reveals itself', 'A determined mind can overcome any obstacle', 'Where determination exists, success follows']",False,gate=len,S2,A determined mind can overcome any obstacle,"Where determination exists, success follows","If you're determined, you'll find a solution","When the heart is set, the path reveals itself",C
ENG0566,English,Enough is enough,Enough is enough,That's enough,"['More than enough', 'Too much is enough', 'Enough is too much']",False,gate=sem,S2,More than enough,Too much is enough,Enough is too much,That's enough,D
ENG0304,English,Great oaks from little acorns grow.,Great oaks from little acorns grow.,Great oaks from little acorns grow.,"['[DISTRACTOR 1]', '[DISTRACTOR 2]', '[DISTRACTOR 3]']",True,max_retries,S2,Great oaks from little acorns grow.,[DISTRACTOR 1],[DISTRACTOR 2],[DISTRACTOR 3],A
ENG0572,English,Diamonds are a girl's best friend,Diamonds are a girl's best friend,Diamonds are a woman's most loyal companion,"['Diamonds are the most precious gift for a girl', 'Diamonds are what a girl admires most', ""Diamonds are a girl's most valuable treasure""]",False,gate=len,S2,Diamonds are a girl's most valuable treasure,Diamonds are a woman's most loyal companion,Diamonds are the most precious gift for a girl,Diamonds are what a girl admires most,B
ENG0366,English,Variety is the spice of life.,Variety is the spice of life.,Variety is the spice of life,"['Variety adds flavor to life', 'Spice gives life its variety', 'Life is seasoned with variety']",False,gate=len,S2,Spice gives life its variety,Life is seasoned with variety,Variety is the spice of life,Variety adds flavor to life,C
ENG0819,English,Rob Peter to pay Paul,Rob Peter to pay Paul,Steal from one to give to another,"['Borrow from Peter to lend to Paul', 'Take from Peter to reward Paul', 'Steal from Peter to help Paul']",False,gate=len,S2,Borrow from Peter to lend to Paul,Take from Peter to reward Paul,Steal from Peter to help Paul,Steal from one to give to another,D
ENG2013,English,One today is worth two tomorrows.,One today is worth two tomorrows.,A task done today is better than two done tomorrow,"['One yesterday is worth two tomorrows', 'Two today is worth one tomorrow', 'One today is worth two todays']",False,gate=sem,S2,A task done today is better than two done tomorrow,One yesterday is worth two tomorrows,Two today is worth one tomorrow,One today is worth two todays,A
ENG0068,English,Dead as a doornail,Dead as a doornail,As lifeless as a nail in a door,"['Dead like a nail in a box', 'As lifeless as a buried doornail', 'Dead as a rusted hinge']",False,gate=len,S2,Dead as a rusted hinge,As lifeless as a nail in a door,Dead like a nail in a box,As lifeless as a buried doornail,B
ENG1613,English,"The more you stir it, the more it stinks","The more you stir it, the more it stinks","The more you stir it, the more it stinks","['[DISTRACTOR 1]', '[DISTRACTOR 2]', '[DISTRACTOR 3]']",True,max_retries,S2,[DISTRACTOR 2],[DISTRACTOR 3],"The more you stir it, the more it stinks",[DISTRACTOR 1],C
ENG0225,English,The more the merrier,The more the merrier,The more the merrier,"['[DISTRACTOR 1]', '[DISTRACTOR 2]', '[DISTRACTOR 3]']",True,max_retries,S2,[DISTRACTOR 1],[DISTRACTOR 2],[DISTRACTOR 3],The more the merrier,D
ENG1589,English,Care brings gray hair,Care brings gray hair,Worry turns hair gray,"['Care causes wrinkles', 'Care leads to aging', 'Care invites illness']",False,gate=len,S2,Worry turns hair gray,Care causes wrinkles,Care leads to aging,Care invites illness,A
ENG1956,English,Knowledge in youth is wisdom in age.,Knowledge in youth is wisdom in age.,35,"['48', '35', '47']",False,gate=len,S2,[PLACEHOLDER 3],35,48,47,B
ENG1244,English,"Knowledge is a treasure, but practice is the key to it","Knowledge is a treasure, but practice is the key to it","Knowledge is valuable, but action unlocks it","['Knowledge is a tool, but practice is the key to it', 'Knowledge is a treasure, but theory is the key to it', 'Knowledge is a treasure, but effort is the key to it']",False,gate=len,S2,"Knowledge is a treasure, but theory is the key to it","Knowledge is a treasure, but effort is the key to it","Knowledge is valuable, but action unlocks it","Knowledge is a tool, but practice is the key to it",C
ENG0463,English,Why buy a cow when milk is so cheap?,Why buy a cow when milk is so cheap?,Why purchase a cow if milk is readily available and inexpensive?,"['Why sell a cow when milk is so cheap?', 'Why buy a cow when milk is so expensive?', ""Why buy a cow if there's no milk available?""]",False,gate=sem,S2,Why sell a cow when milk is so cheap?,Why buy a cow when milk is so expensive?,Why buy a cow if there's no milk available?,Why purchase a cow if milk is readily available and inexpensive?,D
ENG0663,English,Money isn’t everything,Money isn’t everything,Money doesn't matter most,"[""Money isn't the only thing"", ""Money isn't the main thing"", ""Money isn't everything in life""]",False,gate=len,S2,Money doesn't matter most,Money isn't the only thing,Money isn't the main thing,Money isn't everything in life,A
ENG1785,English,"As you make your bed, so you must lie upon it","As you make your bed, so you must lie upon it","As you make your bed, so you must lie upon it","['[DISTRACTOR 1]', '[DISTRACTOR 2]', '[DISTRACTOR 3]']",True,max_retries,S2,[DISTRACTOR 3],"As you make your bed, so you must lie upon it",[DISTRACTOR 1],[DISTRACTOR 2],B
ENG1032,English,The tongue ever turns to the aching too th,The tongue ever turns to the aching too th,The tongue always goes for the pain too quickly.,"['The tongue often turns to the aching too quickly.', 'The mouth always turns to the aching too quickly.', 'The tongue always turns to the pain too soon.']",False,gate=len,S2,The mouth always turns to the aching too quickly.,The tongue always turns to the pain too soon.,The tongue always goes for the pain too quickly.,The tongue often turns to the aching too quickly.,C
ENG1771,English,No such thing as bad publicity,No such thing as bad publicity,All publicity is good publicity,"['All attention is beneficial', 'Negative exposure is always harmful', 'Publicity always brings success']",False,gate=len,S2,All attention is beneficial,Negative exposure is always harmful,Publicity always brings success,All publicity is good publicity,D
ENG1628,English,"A great city, a great solitude","A great city, a great solitude","A great city, a great solitude","['[DISTRACTOR 1]', '[DISTRACTOR 2]', '[DISTRACTOR 3]']",True,max_retries,S2,"A great city, a great solitude",[DISTRACTOR 1],[DISTRACTOR 2],[DISTRACTOR 3],A
ENG2018,English,Opportunity seldom knocks twice.,Opportunity seldom knocks twice.,A chance doesn't come around twice.,"['Opportunity often knocks twice.', 'Opportunity rarely waits a second time.', 'Opportunity rarely calls twice.']",False,gate=len,S2,Opportunity rarely calls twice.,A chance doesn't come around twice.,Opportunity often knocks twice.,Opportunity rarely waits a second time.,B
ENG1923,English,The best advice is found on the pillow.,The best advice is found on the pillow.,The wisest counsel comes when you're at rest,"[""The best ideas come when you're in bed"", 'The most useful tips are given by the pillow', ""The best solutions are discovered when you're tired""]",False,gate=len,S2,The most useful tips are given by the pillow,The best solutions are discovered when you're tired,The wisest counsel comes when you're at rest,The best ideas come when you're in bed,C
ENG0313,English,Don't wash your dirty linen in public.,Don't wash your dirty linen in public.,Don't wash your dirty linen in public.,"['[DISTRACTOR 1]', '[DISTRACTOR 2]', '[DISTRACTOR 3]']",True,max_retries,S2,[DISTRACTOR 1],[DISTRACTOR 2],[DISTRACTOR 3],Don't wash your dirty linen in public.,D
ENG2189,English,A prophet is not recognized in his own land,A prophet is not recognized in his own land,A prophet's own country does not honor him,"['Familiarity breeds contempt among neighbors', 'A stranger is not valued in his homeland', 'The wise man is not heeded in his own town']",False,gate=len,S2,A prophet's own country does not honor him,Familiarity breeds contempt among neighbors,A stranger is not valued in his homeland,The wise man is not heeded in his own town,A
ENG1876,English,"Curses, like chickens, come home to roost.","Curses, like chickens, come home to roost.",What you curse will eventually return to haunt you.,"['Curses, like hawks, come home to roost.', 'Curses, like chickens, fly home to nest.', 'Curses, like chickens, stay away from home.']",False,gate=len,S2,"Curses, like chickens, stay away from home.",What you curse will eventually return to haunt you.,"Curses, like hawks, come home to roost.","Curses, like chickens, fly home to nest.",B
ENG1655,English,Better die with honor than live with shame,Better die with honor than live with shame,It's preferable to die honorably than to live in disgrace,"['Better live with honor than die with shame', 'Better to live with dignity than die in disgrace', 'Better die with courage than live with regret']",False,gate=len,S2,Better to live with dignity than die in disgrace,Better die with courage than live with regret,It's preferable to die honorably than to live in disgrace,Better live with honor than die with shame,C
ENG1321,English,There is a thin line between genius and insanity,There is a thin line between genius and insanity,A razor's edge separates brilliance from madness,"['A fine line exists between talent and foolishness', 'The boundary between cleverness and madness is narrow', 'A hairline divides wisdom from eccentricity']",False,gate=len,S2,A fine line exists between talent and foolishness,The boundary between cleverness and madness is narrow,A hairline divides wisdom from eccentricity,A razor's edge separates brilliance from madness,D
ENG1010,English,There are two sides to every question,There are two sides to every question,Every question has two perspectives,"['Each question holds a single truth', 'All problems require two answers', 'Every issue has multiple angles']",False,gate=len,S2,Every question has two perspectives,Each question holds a single truth,All problems require two answers,Every issue has multiple angles,A
ENG0370,English,"Water is a boon in the desert, but the drowning man curses it.","Water is a boon in the desert, but the drowning man curses it.","Water is a boon in the desert, but the drowning man curses it.","['[DISTRACTOR 1]', '[DISTRACTOR 2]', '[DISTRACTOR 3]']",True,max_retries,S2,[DISTRACTOR 3],"Water is a boon in the desert, but the drowning man curses it.",[DISTRACTOR 1],[DISTRACTOR 2],B
ENG0109,English,Flogging a dead horse,Flogging a dead horse,Beating a dead horse,"['Chasing a lost opportunity', 'Wasting time on a finished task', 'Pursuing a pointless endeavor']",False,gate=sem,S2,Wasting time on a finished task,Pursuing a pointless endeavor,Beating a dead horse,Chasing a lost opportunity,C
ENG1944,English,Drastic times call for drastic measures.,Drastic times call for drastic measures.,"When the situation is dire, bold actions are required","['Extreme situations require extreme solutions', 'Critical circumstances demand severe actions', 'Crisis periods necessitate aggressive responses']",False,gate=len,S2,Extreme situations require extreme solutions,Critical circumstances demand severe actions,Crisis periods necessitate aggressive responses,"When the situation is dire, bold actions are required",D
ENG0450,English,The highest branch is not the safest roost,The highest branch is not the safest roost,The tallest branch doesn't guarantee the safest perch,"['The highest branch is always the best choice', 'The safest roost is always the lowest branch', 'A high branch ensures safety in a storm']",False,gate=len,S2,The tallest branch doesn't guarantee the safest perch,The highest branch is always the best choice,The safest roost is always the lowest branch,A high branch ensures safety in a storm,A
ENG0928,English,Laugh and grow fat,Laugh and grow fat,Laugh heartily and gain weight,"['Laugh often and accumulate fat', 'Laugh loudly and increase weight', 'Laugh constantly and put on weight']",False,gate=len,S2,Laugh constantly and put on weight,Laugh heartily and gain weight,Laugh often and accumulate fat,Laugh loudly and increase weight,B
ENG2124,English,Honor among thieves – There’s,Honor among thieves – There’s,Honor among thieves – There’s,"['[DISTRACTOR 1]', '[DISTRACTOR 2]', '[DISTRACTOR 3]']",True,max_retries,S2,[DISTRACTOR 2],[DISTRACTOR 3],Honor among thieves – There’s,[DISTRACTOR 1],C
ENG0498,English,Children and fools tell the truth,Children and fools tell the truth,Children and fools tell the truth,"['[DISTRACTOR 1]', '[DISTRACTOR 2]', '[DISTRACTOR 3]']",True,max_retries,S2,[DISTRACTOR 1],[DISTRACTOR 2],[DISTRACTOR 3],Children and fools tell the truth,D
ENG1133,English,A mill cannot grind with the water that is past,A mill cannot grind with the water that is past,A mill cannot grind with the water that has already passed,"['A mill cannot operate without flowing water', 'A mill cannot grind with water already used', 'A mill cannot grind without sufficient water']",False,gate=len,S2,A mill cannot grind with the water that has already passed,A mill cannot operate without flowing water,A mill cannot grind with water already used,A mill cannot grind without sufficient water,A
ENG1644,English,Fling dirt enough and some will stick,Fling dirt enough and some will stick,Keep throwing mud and eventually some will cling,"['Sprinkle sand frequently and it may remain', 'Toss gravel often and some might adhere', 'Scatter dust repeatedly until it lingers']",False,gate=len,S2,Scatter dust repeatedly until it lingers,Keep throwing mud and eventually some will cling,Sprinkle sand frequently and it may remain,Toss gravel often and some might adhere,B
MID0381,Arabic,اللي ما رضى خببزة يرضى بنصها ,Half a loaf is better than no bread,Half a loaf is better than no bread,"['A whole loaf is better than a half', 'A half loaf is as good as no bread', 'Better to have no bread than a half loaf']",False,gate=len,S2,Half a loaf is better than no bread,A whole loaf is better than a half,A half loaf is as good as no bread,Better to have no bread than a half loaf,A
MID0854,Arabic,إنك تضرب في حديد بارد,You are striking cold iron.,You're hitting iron that's not hot,"[""You're forging cold iron"", ""You're melting cold iron"", ""You're striking hot iron""]",False,gate=len,S2,You're striking hot iron,You're hitting iron that's not hot,You're forging cold iron,You're melting cold iron,B
MID0356,Arabic,إصرف ما في الجيب يأتيك ما في الغيب.,Spend money to make money.,Invest now to gain later,"['Save money to earn wealth', 'Give generously to receive more', 'Lose a little to gain much']",False,gate=len,S2,Give generously to receive more,Lose a little to gain much,Invest now to gain later,Save money to earn wealth,C
MID0358,Arabic,الصديق وقت الضيق.,A friend in need is a friend indeed.,A true friend is one who supports you in times of hardship.,"['A friend in times of ease is a friend indeed.', 'A friend who needs help is a true friend.', 'A friend during their own hardship is a real friend.']",False,gate=len,S2,A friend in times of ease is a friend indeed.,A friend who needs help is a true friend.,A friend during their own hardship is a real friend.,A true friend is one who supports you in times of hardship.,D
MID0363,Arabic,أنا باللقمة لفمو وهو بالمشهاب لعيني.,Biting the hand that feeds him.,Biting the hand that nourishes you,"['Biting the hand that supports him', 'Biting the hand that cares for him', 'Biting the hand that sustains you']",False,gate=len,S2,Biting the hand that nourishes you,Biting the hand that supports him,Biting the hand that cares for him,Biting the hand that sustains you,A
MID0487,Arabic,وِجّو بيقطع الرزق,a jinx on the house,a curse befalling the home,"['a spell to sever sustenance', ""a hex upon the family's fortune"", ""an ill omen for the household's bread""]",False,gate=sem,S2,an ill omen for the household's bread,a curse befalling the home,a spell to sever sustenance,a hex upon the family's fortune,B
MID0705,Arabic,إطعم الفم تستحى العين.,A bribe works miracles.,A bribe works miracles.,"['[DISTRACTOR 1]', '[DISTRACTOR 2]', '[DISTRACTOR 3]']",True,max_retries,S2,[DISTRACTOR 2],[DISTRACTOR 3],A bribe works miracles.,[DISTRACTOR 1],C
MID0596,Arabic,إن ضاق بيك الأمر، اشرب زجاجة خمر,Let them drink and forget their poverty and remember their misery no more.,Let them drink and forget their poverty and remember their misery no more.,"['[DISTRACTOR 1]', '[DISTRACTOR 2]', '[DISTRACTOR 3]']",True,max_retries,S2,[DISTRACTOR 1],[DISTRACTOR 2],[DISTRACTOR 3],Let them drink and forget their poverty and remember their misery no more.,D
MID0552,Arabic,جمل يعصر وجمل ياكل العصارة:,Climbing the ladder of success by stepping on others.,Scaling the heights of achievement by trampling those below,"[""Reaching the peak of prosperity by ignoring others' struggles"", ""Climbing the success ladder by carrying others' burdens"", 'Ascending the staircase of triumph by walking beside others']",False,gate=len,S2,Scaling the heights of achievement by trampling those below,Reaching the peak of prosperity by ignoring others' struggles,Climbing the success ladder by carrying others' burdens,Ascending the staircase of triumph by walking beside others,A
MID0031,Arabic,احفظ قرشك الأبيض ليومك الأسود.,"A penny saved is a penny earned.
",A penny saved is as good as a penny earned,"['A white coin saved is for a black day', 'Saving a penny is better than earning it', 'Keep your penny until the dark day']",False,gate=len,S2,Keep your penny until the dark day,A penny saved is as good as a penny earned,A white coin saved is for a black day,Saving a penny is better than earning it,B
MID0591,Arabic,رمية من غير رامي,A flash in a pan.,A spark that dies out,"['A throw without a thrower', 'A spark without a striker', 'A flash without a flame']",False,gate=len,S2,A spark without a striker,A flash without a flame,A spark that dies out,A throw without a thrower,C
MID0522,Arabic,فود عوجان.,He who goes out in search of wool often comes home shorn.,He who chases after wool often returns with his own fleece taken,"['He who chases after wool often returns with a heavy burden', 'He who chases after wool often returns with a threadbare coat', 'He who chases after wool often returns with a full fleece']",False,gate=len,S2,He who chases after wool often returns with a heavy burden,He who chases after wool often returns with a threadbare coat,He who chases after wool often returns with a full fleece,He who chases after wool often returns with his own fleece taken,D
MID0216,Arabic,اصبوعي في حلوجهم وصبوعهم في عيوني.,Evil in return for god deed.,Doing harm in response to kindness,"['Good in return for evil deed', 'Holding onto past grievances', 'Putting their hands in my eyes']",False,gate=len,S2,Doing harm in response to kindness,Good in return for evil deed,Holding onto past grievances,Putting their hands in my eyes,A
MID0064,Arabic,المَمنُوع مَرْغُوب.,Forbidden fruit is the sweetest.,Forbidden fruit is the sweetest.,"['[DISTRACTOR 1]', '[DISTRACTOR 2]', '[DISTRACTOR 3]']",True,max_retries,S2,[DISTRACTOR 3],Forbidden fruit is the sweetest.,[DISTRACTOR 1],[DISTRACTOR 2],B
MID0317,Arabic,اللي فات مات (ماتلا عليه التلفات),let bygones be bygones.,Forget the past and move forward,"['The past is gone, so forget it', ""What's done is done, so don't dwell on it"", ""The dead are gone, so don't mention them""]",False,gate=len,S2,"What's done is done, so don't dwell on it","The dead are gone, so don't mention them",Forget the past and move forward,"The past is gone, so forget it",C
MID0040,Arabic,الإفراط في التّواضع يجلب المذلّة," If you humble yourself too much, you will get trampled on.",Excessive humility leads to being stepped on,"['Overdoing modesty results in disgrace', 'Too much self-deprecation causes humiliation', 'Excessive meekness brings about shame']",False,gate=len,S2,Overdoing modesty results in disgrace,Too much self-deprecation causes humiliation,Excessive meekness brings about shame,Excessive humility leads to being stepped on,D
MID0236,Arabic,اللي فات مات.,let bygones be bygones.,Don't dwell on the past.,"['Let old things burden you.', 'The past is gone forever.', 'Clutch the past tightly.']",False,gate=len,S2,Don't dwell on the past.,Let old things burden you.,The past is gone forever.,Clutch the past tightly.,A
MID0862,Arabic,سماعك بالْمُعَيَدِيِّ خير من أن تراه سمك في ماء,Like a fish in water.,Like a fish in water.,"['[DISTRACTOR 1]', '[DISTRACTOR 2]', '[DISTRACTOR 3]']",True,max_retries,S2,[DISTRACTOR 3],Like a fish in water.,[DISTRACTOR 1],[DISTRACTOR 2],B
MID0425,Arabic,ابن الحرام بيساويها وابن الحلال بيوقع فيها,Sometimes the innocent suffer with the guilty.,The innocent often bear the consequences alongside the guilty,"['The guilty frequently escape punishment while the innocent suffer', 'The innocent and guilty are equally punished for crimes', 'The guilty suffer more than the innocent in misfortunes']",False,gate=len,S2,The innocent and guilty are equally punished for crimes,The guilty suffer more than the innocent in misfortunes,The innocent often bear the consequences alongside the guilty,The guilty frequently escape punishment while the innocent suffer,C
MID0073,Arabic,خاطبوا الناس على قدر عقولهم.,Address people in the language they can understand.,39,"['52', '46', '56']",False,gate=len,S2,52,46,56,39,D
MID0909,Arabic,الدنيا زي الغازية، ترقص لكل واحد شوية,The world is like a belly dancer: it dances for a little while for everyone,The world is like a belly dancer: it dances for a little while for everyone,"['[DISTRACTOR 1]', '[DISTRACTOR 2]', '[DISTRACTOR 3]']",True,max_retries,S2,The world is like a belly dancer: it dances for a little while for everyone,[DISTRACTOR 1],[DISTRACTOR 2],[DISTRACTOR 3],A
MID0169,Arabic,ايش ياخد الريح من البلاط؟,where there is nothing the king loses his rights,"When there's no substance, even the monarch's power fades","['Where there is nothing the king loses his throne', 'Where there is nothing the king loses his crown', 'Where there is nothing the king loses his kingdom']",False,gate=len,S2,Where there is nothing the king loses his kingdom,"When there's no substance, even the monarch's power fades",Where there is nothing the king loses his throne,Where there is nothing the king loses his crown,B
MID0767,Arabic,تجيك التهايم وإنت نايم,Look what the cat dragged in.,Here comes the unexpected guest,"[""Here comes the dog's latest find"", 'What the cat brought home is here', ""Here's what the cat fetched today""]",False,gate=len,S2,What the cat brought home is here,Here's what the cat fetched today,Here comes the unexpected guest,Here comes the dog's latest find,C
MID0622,Arabic,بليلة المباشر ولا ضبيحة (طبيخة) المكاشر,"
Better is a dinner of herbs where love is, than a stalled ox and hatred therewith.","
Better is a dinner of herbs where love is, than a stalled ox and hatred therewith.","['[DISTRACTOR 1]', '[DISTRACTOR 2]', '[DISTRACTOR 3]']",True,max_retries,S2,[DISTRACTOR 1],[DISTRACTOR 2],[DISTRACTOR 3],"Better is a dinner of herbs where love is, than a stalled ox and hatred therewith.",D
MID0071,Arabic,بین المطرقة والسندان.,Between the upper and nether millstone.,Caught between two grinding stones,"['Between the hammer and the anvil', 'Between the upper and lower grindstone', 'Between the hammer and the grindstone']",False,gate=len,S2,Caught between two grinding stones,Between the hammer and the anvil,Between the upper and lower grindstone,Between the hammer and the grindstone,A
MID0068,Arabic,الوقاية خير من العلاج/ درهم وقاية خير من قنطار علاج ,Prevention is better than cure,Prevention is better than treatment,"['Protection is better than cure', 'Cure is better than prevention', 'Prevention is as good as cure']",False,gate=len,S2,Prevention is as good as cure,Prevention is better than treatment,Protection is better than cure,Cure is better than prevention,B
MID0307,Arabic, انكشحت بين امعاه لحشيشَ.,To break the ice.,Initiate a conversation,"['Ease into a discussion', 'Disregard social norms', 'Engage in idle chatter']",False,gate=len,S2,Disregard social norms,Engage in idle chatter,Initiate a conversation,Ease into a discussion,C
MID0820,Arabic,اللي ما يعرف الغلط ما يتعلم,He who does not know mistakes does not learn,He who does not know mistakes does not learn,"['[DISTRACTOR 1]', '[DISTRACTOR 2]', '[DISTRACTOR 3]']",True,max_retries,S2,[DISTRACTOR 1],[DISTRACTOR 2],[DISTRACTOR 3],He who does not know mistakes does not learn,D
MID0719,Arabic,اللي يخالط المسعدين يسعد.,Happiness is contagious.,Joy spreads easily,"['Sadness spreads easily', 'Happiness is rare', 'Happiness is fleeting']",False,gate=len,S2,Joy spreads easily,Sadness spreads easily,Happiness is rare,Happiness is fleeting,A
MID0639,Arabic,يجي الخريف.. واللواري بتقيف,Every dog has its day.,Even the smallest dog has its day in the sun,"['Every cat has its day', 'Every dog has its night', 'Every dog has its day and the big ones too']",False,gate=sem,S2,Every dog has its day and the big ones too,Even the smallest dog has its day in the sun,Every cat has its day,Every dog has its night,B
MID0322,Arabic,كل بخنوس افعين امو اغزال,"Beauty is in the eye of the beholder.
",Beauty lies where the observer sees it,"[""Beauty is judged by the viewer's gaze"", ""The beholder's perspective defines beauty"", 'Each viewer finds their own beauty']",False,gate=len,S2,The beholder's perspective defines beauty,Each viewer finds their own beauty,Beauty lies where the observer sees it,Beauty is judged by the viewer's gaze,C
MID0785,Arabic,الباب اللى إِيجيك منه الريح، سده واستريح ,If you are always dwelling in trouble change the address.,"If your current situation brings you constant trouble, consider moving on","['If you find yourself surrounded by problems, avoid them by staying put', 'When trouble follows you home, close the door and stay', 'If your current path leads to constant issues, take a different route']",False,gate=len,S2,"If you find yourself surrounded by problems, avoid them by staying put","When trouble follows you home, close the door and stay","If your current path leads to constant issues, take a different route","If your current situation brings you constant trouble, consider moving on",D
MID0549,Arabic,بتقول للقمر غيبي وأنا مكانش.,A rose among thorns.,A jewel amidst rough stones,"['A flower in the desert', 'A pearl among shells', 'A star in the night sky']",False,gate=len,S2,A jewel amidst rough stones,A flower in the desert,A pearl among shells,A star in the night sky,A
MID0343,Arabic, بِيشتَري سَمَك في بَحَر ,Buy a pig in a poke.,Buy a pig in a poke.,"['[DISTRACTOR 1]', '[DISTRACTOR 2]', '[DISTRACTOR 3]']",True,max_retries,S2,[DISTRACTOR 3],Buy a pig in a poke.,[DISTRACTOR 1],[DISTRACTOR 2],B
MID0276,Arabic,أتبدلت غزلانها بقرودها.,A falling master makes a standing servant. / It is a sorry house where the hens' crow and the cock is silent.,"When the leader stumbles, the follower rises","['A wise servant outshines a foolish master', 'The house is empty when the master leaves', 'Hens lead the rooster in a broken coop']",False,gate=len,S2,The house is empty when the master leaves,Hens lead the rooster in a broken coop,"When the leader stumbles, the follower rises",A wise servant outshines a foolish master,C
MID0502,Arabic,اللسان مافيه عظم.,Think before you speak.,Don't speak without considering first,"[""Don't act before you speak"", ""Don't be afraid to speak your mind"", 'Silence is better than careless words']",False,gate=len,S2,Don't act before you speak,Don't be afraid to speak your mind,Silence is better than careless words,Don't speak without considering first,D
MID0295,Arabic,شو جاب الزرقا للبلقا.,Apples and oranges.,Apples and oranges.,"['[DISTRACTOR 1]', '[DISTRACTOR 2]', '[DISTRACTOR 3]']",True,max_retries,S2,Apples and oranges.,[DISTRACTOR 1],[DISTRACTOR 2],[DISTRACTOR 3],A
MID0500,Arabic,الفقيه اللي عملناه إقابل الجامع عاد فالحصاير طامع.,Give him an inch and he'll take a mile.,"If you give him a little, he'll take a lot","[""If you give him a foot, he'll measure the field"", ""If you offer him a hand, he'll ask for a bridge"", ""If you hand him a stone, he'll build a house""]",False,gate=len,S2,"If you hand him a stone, he'll build a house","If you give him a little, he'll take a lot","If you give him a foot, he'll measure the field","If you offer him a hand, he'll ask for a bridge",B
MID0631,Arabic,مد رجليك قدر لحافك,Cut your coat according to your cloth.,Measure your actions by your means,"['Adjust your coat to fit the cloth', 'Cut your cloth according to the coat', ""Tailor your coat to the fabric's size""]",False,gate=len,S2,Cut your cloth according to the coat,Tailor your coat to the fabric's size,Measure your actions by your means,Adjust your coat to fit the cloth,C
MID0024,Arabic,إنّ الطيور على أشكالها تقع, Birds of a feather flock together., Birds of a feather flock together.,"['[DISTRACTOR 1]', '[DISTRACTOR 2]', '[DISTRACTOR 3]']",True,max_retries,S2,[DISTRACTOR 1],[DISTRACTOR 2],[DISTRACTOR 3],Birds of a feather flock together.,D
MID0441,Arabic,شو بتعمل الماشطه بهالوش العكر.,Putting lipstick on a pig.,Putting lipstick on a pig.,"['[DISTRACTOR 1]', '[DISTRACTOR 2]', '[DISTRACTOR 3]']",True,max_retries,S2,Putting lipstick on a pig.,[DISTRACTOR 1],[DISTRACTOR 2],[DISTRACTOR 3],A
MID0412,Arabic,لي خاف سلم. ,The one who shows his fears ensures his salvation.,The one who shows his fears ensures his salvation.,"['[DISTRACTOR 1]', '[DISTRACTOR 2]', '[DISTRACTOR 3]']",True,max_retries,S2,[DISTRACTOR 3],The one who shows his fears ensures his salvation.,[DISTRACTOR 1],[DISTRACTOR 2],B
MID0219,Arabic,البحر فيه لاغش,The worst is yet to come.,The worst is yet to come.,"['[DISTRACTOR 1]', '[DISTRACTOR 2]', '[DISTRACTOR 3]']",True,max_retries,S2,[DISTRACTOR 2],[DISTRACTOR 3],The worst is yet to come.,[DISTRACTOR 1],C
MID0523,Arabic,قرصه في ناره وعينه على جاره.,The grass is always greener on the other side,The grass is always greener on the other side,"['[DISTRACTOR 1]', '[DISTRACTOR 2]', '[DISTRACTOR 3]']",True,max_retries,S2,[DISTRACTOR 1],[DISTRACTOR 2],[DISTRACTOR 3],The grass is always greener on the other side,D
MID0614,Arabic,القُفه ام اضنين بشيلوها نفرين.,It takes two to tango.,It takes two to tango.,"['[DISTRACTOR 1]', '[DISTRACTOR 2]', '[DISTRACTOR 3]']",True,max_retries,S2,It takes two to tango.,[DISTRACTOR 1],[DISTRACTOR 2],[DISTRACTOR 3],A
MID0912,Arabic,كلّه عند العرب صابون,"For the Bedouin, it’s all soap","To the Bedouin, everything is soap","['For the Bedouin, it’s all soapy', 'To the Bedouin, all is soapy', 'The Bedouin consider everything soapy']",False,gate=len,S2,The Bedouin consider everything soapy,"To the Bedouin, everything is soap","For the Bedouin, it’s all soapy","To the Bedouin, all is soapy",B
MID0755,Arabic,إنفخ يا شريم قال ماكو برطم ,Born to suffer./ You can not escape bad luck,Destined to endure hardship,"['Born under a bad star', 'Fated to find trouble', 'Blessed with misfortune']",False,gate=len,S2,Fated to find trouble,Blessed with misfortune,Destined to endure hardship,Born under a bad star,C
MID0605,Arabic,التسوي كريت تلقى في جلدها.,What goes around comes around.,Actions have consequences in the end,"['Every action is quickly followed by a reaction', 'Good deeds always return to the giver', 'The cycle of events repeats itself']",False,gate=len,S2,Every action is quickly followed by a reaction,Good deeds always return to the giver,The cycle of events repeats itself,Actions have consequences in the end,D
MID0826,Arabic,أحضر الناس جوابا من لم يغضب,The best answer will come from the person who is not angry.,The best answer will come from the person who is not angry.,"['[DISTRACTOR 1]', '[DISTRACTOR 2]', '[DISTRACTOR 3]']",True,max_retries,S2,The best answer will come from the person who is not angry.,[DISTRACTOR 1],[DISTRACTOR 2],[DISTRACTOR 3],A
MID0744,Arabic,كل من كان عالي وطى كل من كان سارح بالشياه هطى,Pride goes before a fall.,Arrogance precedes a downfall,"['Pride leads to a stumble', 'Pride follows a fall', 'Pride prevents a collapse']",False,gate=len,S2,Pride prevents a collapse,Arrogance precedes a downfall,Pride leads to a stumble,Pride follows a fall,B
YOR1930,Yoruba,"Bí a kò lówó, à léèyàn; bí a kò léèyàn à lóhùn rere lòrun.","If one lacks money, one should have people; if one lacks people, one should be pleasant in one’s speech.","If one lacks money, one should have people; if one lacks people, one should be pleasant in one’s speech.","['[DISTRACTOR 1]', '[DISTRACTOR 2]', '[DISTRACTOR 3]']",True,max_retries,S2,"If one lacks money, one should have people; if one lacks people, one should be pleasant in one’s speech.",[DISTRACTOR 1],[DISTRACTOR 2],[DISTRACTOR 3],A
YOR1569,Yoruba,"A-kápò-má-ṣọdẹ: ọ̀tá ẹranko, ọ̀tá èèyàn.",He-who-carries-a-hunting-bag-but-does not-hunt: enemy alike of man and beast.,He-who-carries-a-hunting-bag-but-does not-hunt: enemy alike of man and beast.,"['[DISTRACTOR 1]', '[DISTRACTOR 2]', '[DISTRACTOR 3]']",True,max_retries,S2,[DISTRACTOR 3],He-who-carries-a-hunting-bag-but-does not-hunt: enemy alike of man and beast.,[DISTRACTOR 1],[DISTRACTOR 2],B
YOR2171,Yoruba,Iwájú la ti ńjogún; ẹ̀hìn la ti ńṣàgbà.,"One inherits from one’s front, and one sets an example at one’s back.","One inherits from one’s front, and one sets an example at one’s back.","['[DISTRACTOR 1]', '[DISTRACTOR 2]', '[DISTRACTOR 3]']",True,max_retries,S2,[DISTRACTOR 2],[DISTRACTOR 3],"One inherits from one’s front, and one sets an example at one’s back.",[DISTRACTOR 1],C
YOR1240,Yoruba,"Ẹ̀rù kì í ba igbó, bẹ́ẹ̀ni kì í ba odò; ẹ̀rù kì í ba ọlọ lójú ata.","The forest knows no fear, and neither does the river know fear; the grindstone never shows fear in the face of pepper.","The forest knows no fear, and neither does the river know fear; the grindstone never shows fear in the face of pepper.","['[DISTRACTOR 1]', '[DISTRACTOR 2]', '[DISTRACTOR 3]']",True,max_retries,S2,[DISTRACTOR 1],[DISTRACTOR 2],[DISTRACTOR 3],"The forest knows no fear, and neither does the river know fear; the grindstone never shows fear in the face of pepper.",D
YOR3981,Yoruba,"Ilé tí a gbá èèyàn létí wọ̀, bó pe títí a ó gbàá èèyàn létí jáde níbẹ̀.",A home one is able to enter only after one has slapped someone in the ears: sooner or later one will have to slap someone in the ears in order to get out of it.,A home one is able to enter only after one has slapped someone in the ears: sooner or later one will have to slap someone in the ears in order to get out of it.,"['[DISTRACTOR 1]', '[DISTRACTOR 2]', '[DISTRACTOR 3]']",True,max_retries,S2,A home one is able to enter only after one has slapped someone in the ears: sooner or later one will have to slap someone in the ears in order to get out of it.,[DISTRACTOR 1],[DISTRACTOR 2],[DISTRACTOR 3],A
YOR1407,Yoruba,"Ojú ti kókó, ojú ti eéwo; ojú ti aáràgbá ìdí pẹ̀lú.","The lump that attacks the head is shamed, the boil is shamed, and the hardened tissue on the buttocks is shamed also.","The lump that attacks the head is shamed, the boil is shamed, and the hardened tissue on the buttocks is shamed also.","['[DISTRACTOR 1]', '[DISTRACTOR 2]', '[DISTRACTOR 3]']",True,max_retries,S2,[DISTRACTOR 3],"The lump that attacks the head is shamed, the boil is shamed, and the hardened tissue on the buttocks is shamed also.",[DISTRACTOR 1],[DISTRACTOR 2],B
YOR2410,Yoruba,"Bí ẹ̀bìtì ò pa eku, a kó ẹyìn fẹ́lẹ́yìn.","If the snare does not kill the rat, it returns the kernel bait to the owner.","If the snare does not kill the rat, it returns the kernel bait to the owner.","['[DISTRACTOR 1]', '[DISTRACTOR 2]', '[DISTRACTOR 3]']",True,max_retries,S2,[DISTRACTOR 2],[DISTRACTOR 3],"If the snare does not kill the rat, it returns the kernel bait to the owner.",[DISTRACTOR 1],C
YOR1521,Yoruba,Tojú tìyẹ́ làparò-ó fi ńríran.,It is with both its eyes and its feathers that the partridge sees.,It is with both its eyes and its feathers that the partridge sees.,"['[DISTRACTOR 1]', '[DISTRACTOR 2]', '[DISTRACTOR 3]']",True,max_retries,S2,[DISTRACTOR 1],[DISTRACTOR 2],[DISTRACTOR 3],It is with both its eyes and its feathers that the partridge sees.,D
YOR3426,Yoruba,"Olórùká gbòrùka, ọwọ́ àwé dòfo.",The owner of the ring has taken back his ring; the fingers of the friend are now empty.,The owner of the ring has taken back his ring; the fingers of the friend are now empty.,"['[DISTRACTOR 1]', '[DISTRACTOR 2]', '[DISTRACTOR 3]']",True,max_retries,S2,The owner of the ring has taken back his ring; the fingers of the friend are now empty.,[DISTRACTOR 1],[DISTRACTOR 2],[DISTRACTOR 3],A
YOR1130,Yoruba,Alágbàró ò yege; aláṣọ á gbà á bó dọ̀la.,She who borrows a wrapper skirt to wear is not home free; the owner of the cloth will take it back tomorrow.,She who borrows a wrapper skirt to wear is not home free; the owner of the cloth will take it back tomorrow.,"['[DISTRACTOR 1]', '[DISTRACTOR 2]', '[DISTRACTOR 3]']",True,max_retries,S2,[DISTRACTOR 3],She who borrows a wrapper skirt to wear is not home free; the owner of the cloth will take it back tomorrow.,[DISTRACTOR 1],[DISTRACTOR 2],B
YOR0370,Yoruba,Kí ni apárí ńwá ní ìṣọ̀ onígbàjámọ̀?,What does a bald man want in the stall of the barber?,Why would a man without hair go to the barber's shop?,"[""What does a customer seek in the tailor's workshop?"", ""Why does a man with a beard visit the hairdresser's?"", 'What does a man desire in the shop of the tailor?']",False,gate=len,S2,Why does a man with a beard visit the hairdresser's?,What does a man desire in the shop of the tailor?,Why would a man without hair go to the barber's shop?,What does a customer seek in the tailor's workshop?,C
YOR2447,Yoruba,Ẹni tí ajá bá wá sóde lajá ḿbá relé.,Whoever the dog came out with is the per son the dog returns home with.,Whoever the dog accompanies on its journey is the person it returns with.,"['The dog always comes home with the person who walks it.', 'A dog follows the same path it took with its owner.', 'If a dog goes out with someone, it finds its way back alone.']",False,gate=len,S2,The dog always comes home with the person who walks it.,A dog follows the same path it took with its owner.,"If a dog goes out with someone, it finds its way back alone.",Whoever the dog accompanies on its journey is the person it returns with.,D
YOR0938,Yoruba,Omi là ńkọ́-ọ́ tẹ̀ ká tó tẹ iyanrìn.,Water is the first thing one’s foot encounters before it encounters the sand.,Water is the first thing the foot meets before the sand does,"['The foot meets the sand before it meets the water', 'Water is the first thing one steps on after the sand', 'Water is the first thing one’s hand touches before the sand']",False,gate=len,S2,Water is the first thing the foot meets before the sand does,The foot meets the sand before it meets the water,Water is the first thing one steps on after the sand,Water is the first thing one’s hand touches before the sand,A
YOR2476,Yoruba,Ọ́bún ba irú aṣọ jẹ.,The filthy person destroys the appeal of a style of clothing.,A dirty person spoils the attractiveness of a clothing style,"['The unclean individual ruins the beauty of a garment pattern', 'A foul person affects the value of a fabric type', 'The messy individual tarnishes the elegance of a dress design']",False,gate=len,S2,The messy individual tarnishes the elegance of a dress design,A dirty person spoils the attractiveness of a clothing style,The unclean individual ruins the beauty of a garment pattern,A foul person affects the value of a fabric type,B
YOR2639,Yoruba,A kì í gbé àárín ojì èèyàn ká má ṣì wí.,One cannot live amid forty people and never misspeak.,One cannot live surrounded by many people without ever saying the wrong thing.,"['No one can travel through forty people without misstepping their words.', 'A person cannot dwell among forty others and always speak perfectly.', ""It's impossible to dwell with four people and never speak out of turn.""]",False,gate=len,S2,A person cannot dwell among forty others and always speak perfectly.,It's impossible to dwell with four people and never speak out of turn.,One cannot live surrounded by many people without ever saying the wrong thing.,No one can travel through forty people without misstepping their words.,C
YOR2231,Yoruba,Aṣusọ́nà ní ńfi ìyá-a rẹ̀ gbèpè,A child who shits on the path brings down curses on its mother. B,A child who shits on the path brings down curses on its mother. B,"['[DISTRACTOR 1]', '[DISTRACTOR 2]', '[DISTRACTOR 3]']",True,max_retries,S2,[DISTRACTOR 1],[DISTRACTOR 2],[DISTRACTOR 3],A child who shits on the path brings down curses on its mother. B,D
YOR0708,Yoruba,Ẹni tí a bá ńbá ṣíṣẹ́kí í ṣí lẹ; bórí bá túnni ṣe a kì í tẹ́ bọ̀rọ̀.,The person being lent a hand does not malinger; one whom Providence favors is not easily disgraced.,The person being lent a hand does not malinger; one whom Providence favors is not easily disgraced.,"['[DISTRACTOR 1]', '[DISTRACTOR 2]', '[DISTRACTOR 3]']",True,max_retries,S2,The person being lent a hand does not malinger; one whom Providence favors is not easily disgraced.,[DISTRACTOR 1],[DISTRACTOR 2],[DISTRACTOR 3],A
YOR1886,Yoruba,TẸ̀gbá tẸ̀sà ló mọ Láfì lágẹmọ; gbogbo ayé ló mọ Tẹlẹ̀mú lólè.,Both the Ẹ̀gbá and the Ẹ̀sà people know that Láfì is like the chameleon; the whole world knows Tẹlmú as a thief. ,Both the Ẹ̀gbá and the Ẹ̀sà people know that Láfì is like the chameleon; the whole world knows Tẹlmú as a thief. ,"['[DISTRACTOR 1]', '[DISTRACTOR 2]', '[DISTRACTOR 3]']",True,max_retries,S2,[DISTRACTOR 3],Both the Ẹ̀gbá and the Ẹ̀sà people know that Láfì is like the chameleon; the whole world knows Tẹlmú as a thief.,[DISTRACTOR 1],[DISTRACTOR 2],B
YOR0015,Yoruba,A kì í fi gbèsè sọ́rùn ṣọ̀ṣọ́.,One does not carry debt around one’s neck and live like a dandy.,One does not carry debt around one’s neck and live like a dandy.,"['[DISTRACTOR 1]', '[DISTRACTOR 2]', '[DISTRACTOR 3]']",True,max_retries,S2,[DISTRACTOR 2],[DISTRACTOR 3],One does not carry debt around one’s neck and live like a dandy.,[DISTRACTOR 1],C
YOR1449,Yoruba,Òṣìṣẹ́ lọ̀tá ọ̀lẹ.,The industrious person is the enemy of the shiftless person.,The diligent person is the rival of the idle one,"['The industrious person is the companion of the idle', 'The lazy person is the rival of the hardworking one', 'The diligent person is the ally of the idle']",False,gate=len,S2,The industrious person is the companion of the idle,The lazy person is the rival of the hardworking one,The diligent person is the ally of the idle,The diligent person is the rival of the idle one,D
YOR4105,Yoruba,Ọjo kì í to lọ bi òréré.,Days do not go on straight like an avenue.,Days don't proceed straight like a road,"['Days do not run straight as a path', ""Days won't move straight like a highway"", ""Days don't follow straight as a way""]",False,gate=len,S2,Days don't proceed straight like a road,Days do not run straight as a path,Days won't move straight like a highway,Days don't follow straight as a way,A
YOR1710,Yoruba,"""Ọ̀ràn yí ò dùn mí"": ẹ̀ẹ̀kanṣoṣo là ńwí i. ","""This matter does not hurt me"": stating it only once suffices.","""This matter does not hurt me"": stating it only once suffices.","['[DISTRACTOR 1]', '[DISTRACTOR 2]', '[DISTRACTOR 3]']",True,max_retries,S2,[DISTRACTOR 3],"""This matter does not hurt me"": stating it only once suffices.",[DISTRACTOR 1],[DISTRACTOR 2],B
YOR1463,Yoruba,"Ọbẹ̀-ẹ́ tutù tán, a dawọ́ bù ú lá.","The stew having cooled, one hollows one’s palm to eat it.","Once the stew has cooled, you scoop it with your hand.","['The stew having boiled, one hollows one’s palm to eat it.', 'The stew being hot, one stirs the pot to eat it.', 'The stew having thickened, one breaks it with a spoon to eat it.']",False,gate=len,S2,"The stew being hot, one stirs the pot to eat it.","The stew having thickened, one breaks it with a spoon to eat it.","Once the stew has cooled, you scoop it with your hand.","The stew having boiled, one hollows one’s palm to eat it.",C
YOR1685,Yoruba,Ohun tí a ó fẹ́ kéèyàn ó mọ̀ là ńṣe lábẹ́lẹ̀.,It is what one wishes to keep a secret that one does in private.,The things you want to hide are what you do behind closed doors.,"['It is what one avoids revealing that one does in private.', 'It is what one wishes to keep a secret that one does in silence.', 'One does in private the things one wishes to keep hidden.']",False,gate=len,S2,It is what one avoids revealing that one does in private.,It is what one wishes to keep a secret that one does in silence.,One does in private the things one wishes to keep hidden.,The things you want to hide are what you do behind closed doors.,D
YOR2232,Yoruba,Bàbá laláàbò; ìyá lonírànwọ́; orogún nikú,A father is a protector; a mother is a helper; a co-wife is death.,A father is a protector; a mother is a helper; a co-wife is death.,"['[DISTRACTOR 1]', '[DISTRACTOR 2]', '[DISTRACTOR 3]']",True,max_retries,S2,A father is a protector; a mother is a helper; a co-wife is death.,[DISTRACTOR 1],[DISTRACTOR 2],[DISTRACTOR 3],A
YOR1583,Yoruba,"Asárélówó ḿbẹ lọ́nà ogun; Apọ̀ṣẹ̀ṣẹ̀ m̀bẹ lọ́nà èrò; Bó-pẹ́-títí-ng-ó-lá ḿbẹlábà, ó ńjẹ ẹ̀sun iṣu.","He-who-hurries-after-riches is on his way to battle; He-who-has-in-abundance is off on his travels; By-and-by-‘‘I-will-be-rich’’ is back in his hut, eating roasted yams.","He-who-hurries-after-riches is on his way to battle; He-who-has-in-abundance is off on his travels; By-and-by-‘‘I-will-be-rich’’ is back in his hut, eating roasted yams.","['[DISTRACTOR 1]', '[DISTRACTOR 2]', '[DISTRACTOR 3]']",True,max_retries,S2,[DISTRACTOR 3],"He-who-hurries-after-riches is on his way to battle; He-who-has-in-abundance is off on his travels; By-and-by-‘‘I-will-be-rich’’ is back in his hut, eating roasted yams.",[DISTRACTOR 1],[DISTRACTOR 2],B
YOR3430,Yoruba,Òṣùpá ò mòde òtòṣì; bó bá délé ọlọ́rọ̀ á dé tèmi.,"The moon does not know which yard be longs to a poor man; if it reaches a wealthy man’s abode, it will reach mine also.","The moon does not know which yard be longs to a poor man; if it reaches a wealthy man’s abode, it will reach mine also.","['[DISTRACTOR 1]', '[DISTRACTOR 2]', '[DISTRACTOR 3]']",True,max_retries,S2,[DISTRACTOR 2],[DISTRACTOR 3],"The moon does not know which yard be longs to a poor man; if it reaches a wealthy man’s abode, it will reach mine also.",[DISTRACTOR 1],C
YOR3039,Yoruba,"À ńjọ- rìn, a kò mọ orí olówó.","Though we might travel as a group, we do not know who is destined to prosper.","Though we might travel as a group, we do not know who is destined to prosper.","['[DISTRACTOR 1]', '[DISTRACTOR 2]', '[DISTRACTOR 3]']",True,max_retries,S2,[DISTRACTOR 1],[DISTRACTOR 2],[DISTRACTOR 3],"Though we might travel as a group, we do not know who is destined to prosper.",D
YOR0282,Yoruba,Ẹni à ńgbé gẹ̀gẹ̀ ni yó ba àrà rẹ̀ jẹ.,It is the person who is revered that will disgrace himself or herself.,A respected individual is the one who ends up bringing shame upon themselves,"['It is the one who disrespects others who will be dishonored themselves', 'The person who honors others is the one who will be disgraced', 'A person who is honored will eventually honor themselves']",False,gate=len,S2,A respected individual is the one who ends up bringing shame upon themselves,It is the one who disrespects others who will be dishonored themselves,The person who honors others is the one who will be disgraced,A person who is honored will eventually honor themselves,A
YOR3313,Yoruba,Ọ̀já kan ò dàbí já òróòro; òkè kan ò dàbí Òkèe Gbadi; ọmú kan ò dùn bí ọmú ìyá ẹni.,No sash compares with the red sash; no hill compares with Gbadi Hill; no breast milk is as delicious as one’s mother’s breast milk.,No other sash matches the red one; no other hill rivals Gbadi Hill; no substitute equals a mother’s breast milk in taste.,"['No crimson ribbon surpasses the royal sash; no peak equals Gbadi’s summit; no other milk is as sweet as a mother’s nourishment.', 'A single sash cannot match the royal red; a lone hill cannot outshine Gbadi’s height; a child’s milk never rivals a mother’s warmth.', 'The red sash has no equal; Gbadi Hill stands unmatched; a mother’s milk is unrivaled in its sweetness.']",False,gate=len,S2,The red sash has no equal; Gbadi Hill stands unmatched; a mother’s milk is unrivaled in its sweetness.,No other sash matches the red one; no other hill rivals Gbadi Hill; no substitute equals a mother’s breast milk in taste.,No crimson ribbon surpasses the royal sash; no peak equals Gbadi’s summit; no other milk is as sweet as a mother’s nourishment.,A single sash cannot match the royal red; a lone hill cannot outshine Gbadi’s height; a child’s milk never rivals a mother’s warmth.,B
YOR0761,Yoruba,Ìbínú baba òṣì.,Anger [is the] father of hopelessness.,Anger gives birth to despair.,"['Anger is the root of despair.', 'Anger is the source of hope.', 'Anger is the seed of sorrow.']",False,gate=len,S2,Anger is the source of hope.,Anger is the seed of sorrow.,Anger gives birth to despair.,Anger is the root of despair.,C
YOR1731,Yoruba,"Wọ́n ní kárúgbó gba ọmọ pọ̀n, ó ní ṣe bí wọ́n mọ̀ pé òun ò léhín; wọ́n ní kó pa ọmọ jẹ ni? ","The old woman is asked to carry a child on her back, and she says but they know she has no teeth; was she asked to eat the child? ","The old woman is asked to carry a child on her back, and she says but they know she has no teeth; was she asked to eat the child? ","['[DISTRACTOR 1]', '[DISTRACTOR 2]', '[DISTRACTOR 3]']",True,max_retries,S2,[DISTRACTOR 1],[DISTRACTOR 2],[DISTRACTOR 3],"The old woman is asked to carry a child on her back, and she says but they know she has no teeth; was she asked to eat the child?",D
YOR1250,Yoruba,Fífẹ́ la fẹ́ ẹ̀fọ́ tí à ńpè-é ní ọ̀rẹ́ ẹ̀kọ; ti ilé ogè-é tó ogè-é jẹ.,It is only because one loves spinach that one calls it a friend of corn loaf; what the dandy has at home is enough food for him or her.,It is only because one loves spinach that one calls it a friend of corn loaf; what the dandy has at home is enough food for him or her.,"['[DISTRACTOR 1]', '[DISTRACTOR 2]', '[DISTRACTOR 3]']",True,max_retries,S2,It is only because one loves spinach that one calls it a friend of corn loaf; what the dandy has at home is enough food for him or her.,[DISTRACTOR 1],[DISTRACTOR 2],[DISTRACTOR 3],A
YOR0174,Yoruba,Àrífín ilé ó jọkà jẹ òròmọ adìẹ.,Fear of losing face within one’s home dis suades one from eating day-old chicks.,Fear of losing face at home deters one from eating day-old chicks.,"['Anxiety about embarrassment in the household stops someone from eating old chicks.', 'Shame over public disgrace at home prevents one from eating young chicks.', 'Worry about disgrace within the family discourages eating newly hatched chicks.']",False,gate=len,S2,Worry about disgrace within the family discourages eating newly hatched chicks.,Fear of losing face at home deters one from eating day-old chicks.,Anxiety about embarrassment in the household stops someone from eating old chicks.,Shame over public disgrace at home prevents one from eating young chicks.,B
YOR3670,Yoruba,"Àparò, aṣọ-ọ̀ rẹ́ ṣe pọ́n báyìí? O ní ìgbà wo ni aṣọ òun ò níí pọ́n?  Ọ̀sán jíjẹ, òru sísùn, oúnjẹ̀ ò ṣéé fi sílẹ̀ lọ́sàn-án; orun ò ṣéé fi sílẹ̀ lóru.","Partridge, how come your dress is so red [dirty]? He said, how would his dress not be red [dirty]? In the afternoon grubbing for food, at night sleeping: one cannot leave off food in the afternoon, and one cannot leave off sleep at night.","Partridge, how come your dress is so red [dirty]? He said, how would his dress not be red [dirty]? In the afternoon grubbing for food, at night sleeping: one cannot leave off food in the afternoon, and one cannot leave off sleep at night.","['[DISTRACTOR 1]', '[DISTRACTOR 2]', '[DISTRACTOR 3]']",True,max_retries,S2,[DISTRACTOR 2],[DISTRACTOR 3],"Partridge, how come your dress is so red [dirty]? He said, how would his dress not be red [dirty]? In the afternoon grubbing for food, at night sleeping: one cannot leave off food in the afternoon, and one cannot leave off sleep at night.",[DISTRACTOR 1],C
YOR3579,Yoruba,"A kì í dé ilé ikú ká fóhórí kù; bí a ò bá tútù, a ó bàá gbígbẹ.","One does not get to Death’s home and fail to find heads; if one does not find fresh ones, one will find dry ones.","One does not arrive at Death’s door and miss finding heads; if fresh ones are absent, dry ones remain.","['One cannot reach Death’s home without encountering heads; if fresh ones are lacking, one will find spoiled ones instead.', 'One who enters Death’s house will always find heads; if they don’t find new ones, they’ll find broken ones.', 'No one visits Death’s dwelling and leaves empty-handed; if fresh heads aren’t there, they’ll find old ones waiting.']",False,gate=len,S2,"One cannot reach Death’s home without encountering heads; if fresh ones are lacking, one will find spoiled ones instead.","One who enters Death’s house will always find heads; if they don’t find new ones, they’ll find broken ones.","No one visits Death’s dwelling and leaves empty-handed; if fresh heads aren’t there, they’ll find old ones waiting.","One does not arrive at Death’s door and miss finding heads; if fresh ones are absent, dry ones remain.",D
YOR1139,Yoruba,Apárí ní ńfojú di abẹ.,It is a bald person who may be disdainful of the razor.,It is only the bald who might scorn the razor's use,"[""A bald person may admire the razor's edge"", 'Only someone without hair despises a comb', 'A man with a full head of hair would disdain the razor']",False,gate=len,S2,It is only the bald who might scorn the razor's use,A bald person may admire the razor's edge,Only someone without hair despises a comb,A man with a full head of hair would disdain the razor,A
YOR3887,Yoruba,"Ẹni tí yó kọ igba lóko, ìrìn ẹsẹ́-ẹ rẹ̀ là ńwò.",The person who vows to make two hundred heaps on the farm: one should pay attention to how he walks.,The person who vows to make two hundred heaps on the farm: one should pay attention to how he walks.,"['[DISTRACTOR 1]', '[DISTRACTOR 2]', '[DISTRACTOR 3]']",True,max_retries,S2,[DISTRACTOR 3],The person who vows to make two hundred heaps on the farm: one should pay attention to how he walks.,[DISTRACTOR 1],[DISTRACTOR 2],B
YOR1776,Yoruba,Ìyàwó jẹ ọkà jẹ igbá.,The wife ate the yam-flour meal and ate the calabash with it.,The wife ate the yam-flour meal and ate the calabash with it.,"['[DISTRACTOR 1]', '[DISTRACTOR 2]', '[DISTRACTOR 3]']",True,max_retries,S2,[DISTRACTOR 2],[DISTRACTOR 3],The wife ate the yam-flour meal and ate the calabash with it.,[DISTRACTOR 1],C
YOR0204,Yoruba,"Bí a kò bá lè dá Tápà, Tápà kì í dáni.","If one cannot throw a Nupe man in a wrestling match, he should not throw one.","If one cannot throw a Nupe man in a wrestling match, he should not throw one.","['[DISTRACTOR 1]', '[DISTRACTOR 2]', '[DISTRACTOR 3]']",True,max_retries,S2,[DISTRACTOR 1],[DISTRACTOR 2],[DISTRACTOR 3],"If one cannot throw a Nupe man in a wrestling match, he should not throw one.",D
YOR2401,Yoruba,"Bí a kò bá pàdé lókè, a ó pàdé lódò.","If we do not meet up on high, we will meet down below.","If we don't reach the summit together, we'll meet at the bottom instead.","['If we fail to compete at the top, we will eventually meet in the middle.', ""If we don't greet each other early, we'll certainly meet at the finish line."", ""If we don't agree on important matters, we will settle our differences below.""]",False,gate=len,S2,"If we don't reach the summit together, we'll meet at the bottom instead.","If we fail to compete at the top, we will eventually meet in the middle.","If we don't greet each other early, we'll certainly meet at the finish line.","If we don't agree on important matters, we will settle our differences below.",A
YOR1873,Yoruba,Olè kì í gbọ́ orúkọ ẹ̀ kó dúró.,A thief does not hear his name and stand in place.,A thief doesn't recognize his own name when called,"[""A thief doesn't hear his name and flee"", ""A thief doesn't hear the alarm and stay still"", 'A thief hears his name and remains still']",False,gate=len,S2,A thief hears his name and remains still,A thief doesn't recognize his own name when called,A thief doesn't hear his name and flee,A thief doesn't hear the alarm and stay still,B
YOR0996,Yoruba,"Ọkọ̀ ńjò, ọkọ̀ ńjò! Ìgbà tó bá rì, kò parí ná?","The boat is leaking, the boat is leaking! After it sinks, won’t matters end?","The boat is leaking, the boat is leaking! After it sinks, won’t matters end?","['[DISTRACTOR 1]', '[DISTRACTOR 2]', '[DISTRACTOR 3]']",True,max_retries,S2,[DISTRACTOR 2],[DISTRACTOR 3],"The boat is leaking, the boat is leaking! After it sinks, won’t matters end?",[DISTRACTOR 1],C
YOR1495,Yoruba,Ọmọ tó káwọ́ sókè ló fẹ́ ká gbé òun.,It is the child who raises its arms that induces people to lift it.,It is the child who reaches upward that invites others to carry it.,"['The people who lift the child are the ones who begin by raising their hands.', 'Lifting the child is a way to demonstrate communal support.', 'The child who is carried becomes the leader of the group.']",False,gate=len,S2,The people who lift the child are the ones who begin by raising their hands.,Lifting the child is a way to demonstrate communal support.,The child who is carried becomes the leader of the group.,It is the child who reaches upward that invites others to carry it.,D
YOR2834,Yoruba,"Ìyà mẹ́ta a-fàdá-pa-ikún: ikún lọ, àdá nù, aládàá ní òun ó gba àdá òun.","Three misfortunes that befell the person who would kill a squirrel with a cutlass: the squirrel escaped, the cutlass was lost, and the owner of the cutlass demanded its return.","Three misfortunes that befell the person who would kill a squirrel with a cutlass: the squirrel escaped, the cutlass was lost, and the owner of the cutlass demanded its return.","['[DISTRACTOR 1]', '[DISTRACTOR 2]', '[DISTRACTOR 3]']",True,max_retries,S2,"Three misfortunes that befell the person who would kill a squirrel with a cutlass: the squirrel escaped, the cutlass was lost, and the owner of the cutlass demanded its return.",[DISTRACTOR 1],[DISTRACTOR 2],[DISTRACTOR 3],A
YOR2677,Yoruba,Àgùntàn ò pa aṣọ èṣí dà.,The sheep does not change its clothing from year to year.,The sheep doesn't change its coat every year,"['The goat does not change its clothing annually', 'The sheep changes its clothing yearly', 'The sheep does not alter its habits from year to year']",False,gate=len,S2,The sheep does not alter its habits from year to year,The sheep doesn't change its coat every year,The goat does not change its clothing annually,The sheep changes its clothing yearly,B
YOR0827,Yoruba,Kí á lé akátá jìnnà ká tó bá adìẹ wí.,One should first chase the jackal away before reprimanding the chicken.,Deal with the greater threat before scolding the lesser one,"['Punish the chicken first to scare off the jackal', 'Chase the jackal while the chicken is reprimanded', ""Feed the jackal before addressing the chicken's faults""]",False,gate=len,S2,Chase the jackal while the chicken is reprimanded,Feed the jackal before addressing the chicken's faults,Deal with the greater threat before scolding the lesser one,Punish the chicken first to scare off the jackal,C
YOR0033,Yoruba,A kì í mọ́ egbò fúnra ẹni ká sunkún.,One does not treat one’s own sore and yet cry from the pain.,One can't ignore their own wound and complain about the hurt,"[""One can't heal another's wound and avoid their own pain"", ""One can't soothe their own pain and ignore the injury"", ""One can't treat their own wound and scare from the pain""]",False,gate=len,S2,One can't heal another's wound and avoid their own pain,One can't soothe their own pain and ignore the injury,One can't treat their own wound and scare from the pain,One can't ignore their own wound and complain about the hurt,D
YOR0072,Yoruba,Àbúrò kì í pa ẹ̀gbọ́n nítàn.,The younger person does not give the older person history lectures.,The younger should not lecture the elder on history.,"['The elder does not teach the younger history.', 'The younger person should not explain history to the older.', 'The elder must not give the younger person historical lessons.']",False,gate=len,S2,The younger should not lecture the elder on history.,The elder does not teach the younger history.,The younger person should not explain history to the older.,The elder must not give the younger person historical lessons.,A
YOR4139,Yoruba,Òjò pa gbòdògì ró wọ̀rọ̀-wọ̀rọ̀,"The rain pounds the gbòdògì, producing a loud noise.","The rain pounds the gbòdògì, producing a loud noise.","['[DISTRACTOR 1]', '[DISTRACTOR 2]', '[DISTRACTOR 3]']",True,max_retries,S2,[DISTRACTOR 3],"The rain pounds the gbòdògì, producing a loud noise.",[DISTRACTOR 1],[DISTRACTOR 2],B
