task,sample_id,language,correct_pos,eval_groq,eval_nvidia,eval_answer,eval_correct
b,YOR0001,Yoruba,B,A,A,A,0
b,YOR0002,Yoruba,D,,A,,0
b,YOR0003,Yoruba,C,,A,,0
b,YOR0004,Yoruba,B,,A,,0
b,YOR0005,Yoruba,C,C,,C,1
b,YOR0006,Yoruba,D,,A,,0
b,YOR0007,Yoruba,A,A,A,A,1
b,YOR0008,Yoruba,B,,A,,0
b,YOR0009,Yoruba,D,,A,,0
b,YOR0010,Yoruba,B,,A,,0
b,YOR0011,Yoruba,A,A,,A,1
b,YOR0012,Yoruba,A,A,,A,1
b,YOR0013,Yoruba,C,C,,C,1
b,YOR0014,Yoruba,D,D,,D,1
b,YOR0015,Yoruba,A,A,,A,1
b,YOR0016,Yoruba,D,B,,B,0
b,YOR0017,Yoruba,B,A,A,A,0
b,YOR0018,Yoruba,C,C,,C,1
b,YOR0019,Yoruba,D,D,,D,1
b,YOR0020,Yoruba,D,,A,,0
b,YOR0021,Yoruba,B,A,,A,0
b,YOR0022,Yoruba,B,A,,A,0
b,YOR0023,Yoruba,D,,A,,0
b,YOR0024,Yoruba,D,D,,D,1
b,YOR0025,Yoruba,A,A,,A,1
b,YOR0026,Yoruba,D,D,,D,1
b,YOR0027,Yoruba,A,A,A,A,1
b,YOR0028,Yoruba,C,C,,C,1
b,YOR0029,Yoruba,D,D,,D,1
b,YOR0030,Yoruba,B,,A,,0
b,YOR0031,Yoruba,D,A,A,A,0
b,YOR0032,Yoruba,C,A,A,A,0
b,YOR0033,Yoruba,A,A,A,A,1
b,YOR0034,Yoruba,B,B,,B,1
b,YOR0035,Yoruba,B,B,,B,1
b,YOR0036,Yoruba,D,D,,D,1
b,YOR0037,Yoruba,C,,A,,0
b,YOR0038,Yoruba,D,A,A,A,0
b,YOR0039,Yoruba,A,A,,A,1
b,YOR0040,Yoruba,B,A,A,A,0
b,YOR0041,Yoruba,B,A,A,A,0
b,YOR0042,Yoruba,C,C,,C,1
b,YOR0043,Yoruba,C,C,,C,1
b,YOR0044,Yoruba,A,A,,A,1
b,YOR0045,Yoruba,B,B,,B,1
b,YOR0046,Yoruba,C,C,,C,1
b,YOR0047,Yoruba,C,A,,A,0
b,YOR0048,Yoruba,C,C,,C,1
b,YOR0049,Yoruba,C,C,,C,1
b,YOR0050,Yoruba,B,,A,,0
b,YOR0051,Yoruba,D,C,,C,0
b,YOR0052,Yoruba,,A,A,A,0
b,YOR0053,Yoruba,A,D,,D,0
b,YOR0054,Yoruba,A,D,,D,0
b,YOR0055,Yoruba,D,D,,D,1
b,YOR0056,Yoruba,A,A,,A,1
b,YOR0057,Yoruba,B,D,,D,0
b,YOR0058,Yoruba,D,A,A,A,0
b,YOR0059,Yoruba,D,,A,,0
b,YOR0060,Yoruba,D,A,A,A,0
b,YOR0061,Yoruba,D,,A,,0
b,YOR0063,Yoruba,A,A,,A,1
b,YOR0064,Yoruba,D,D,,D,1
b,YOR0065,Yoruba,D,D,,D,1
b,YOR0066,Yoruba,C,A,A,A,0
b,YOR0069,Yoruba,B,,A,,0
b,YOR0062,Yoruba,C,B,,B,0
b,YOR0063,Yoruba,A,C,,C,0
b,YOR0067,Yoruba,A,A,,A,1
b,YOR0068,Yoruba,C,A,,A,0
b,YOR0071,Yoruba,C,A,,A,0
b,YOR0072,Yoruba,A,B,,B,0
b,YOR0073,Yoruba,D,D,,D,1
b,YOR0074,Yoruba,D,,A,,0
b,YOR0075,Yoruba,B,A,,A,0
b,YOR0076,Yoruba,D,A,,A,0
b,YOR0078,Yoruba,B,C,,C,0
b,YOR0079,Yoruba,D,D,,D,1
b,YOR0080,Yoruba,D,,A,,0
b,YOR0081,Yoruba,D,D,,D,1
b,YOR0082,Yoruba,B,A,,A,0
b,YOR0083,Yoruba,B,A,,A,0
b,YOR0084,Yoruba,B,A,,A,0
b,YOR0086,Yoruba,,A,A,A,0
b,YOR0087,Yoruba,C,A,,A,0
b,YOR0088,Yoruba,D,D,,D,1
b,YOR0089,Yoruba,D,D,,D,1
b,YOR0091,Yoruba,D,A,,A,0
b,YOR0092,Yoruba,C,C,,C,1
b,YOR0093,Yoruba,D,D,,D,1
b,YOR0094,Yoruba,D,D,,D,1
b,YOR0095,Yoruba,B,B,,B,1
b,YOR0096,Yoruba,C,C,,C,1
b,YOR0097,Yoruba,A,A,,A,1
b,YOR0098,Yoruba,C,C,,C,1
b,YOR0099,Yoruba,B,A,,A,0
b,YOR0100,Yoruba,D,D,,D,1
b,YOR0101,Yoruba,A,A,,A,1
b,YOR0103,Yoruba,D,,A,,0
b,YOR0104,Yoruba,A,D,,D,0
b,YOR0105,Yoruba,D,D,,D,1
b,YOR0106,Yoruba,D,A,,A,0
b,YOR0107,Yoruba,B,B,,B,1
b,YOR0108,Yoruba,C,C,,C,1
b,YOR0109,Yoruba,D,D,,D,1
b,YOR0110,Yoruba,B,A,,A,0
b,YOR0111,Yoruba,C,C,,C,1
b,YOR0112,Yoruba,C,C,,C,1
b,YOR0113,Yoruba,A,A,,A,1
b,YOR0114,Yoruba,D,D,,D,1
b,YOR0115,Yoruba,C,C,,C,1
b,YOR0116,Yoruba,D,A,,A,0
b,YOR0117,Yoruba,D,A,,A,0
b,YOR0118,Yoruba,D,A,,A,0
b,YOR0119,Yoruba,C,A,,A,0
b,YOR0120,Yoruba,C,C,,C,1
b,YOR0121,Yoruba,C,C,,C,1
b,YOR0122,Yoruba,B,A,,A,0
b,YOR0123,Yoruba,A,A,,A,1
b,YOR0124,Yoruba,B,B,,B,1
b,YOR0125,Yoruba,D,D,,D,1
b,YOR0126,Yoruba,C,C,,C,1
b,YOR0127,Yoruba,A,A,,A,1
b,YOR0128,Yoruba,D,D,,D,1
b,YOR0129,Yoruba,C,C,,C,1
b,YOR0130,Yoruba,D,D,,D,1
b,YOR0131,Yoruba,C,C,,C,1
b,YOR0132,Yoruba,D,D,,D,1
b,YOR0133,Yoruba,,A,A,A,0
b,YOR0134,Yoruba,B,B,,B,1
b,YOR0135,Yoruba,A,A,,A,1
b,YOR0136,Yoruba,A,A,,A,1
b,YOR0137,Yoruba,D,D,,D,1
b,YOR0138,Yoruba,D,D,,D,1
b,YOR0139,Yoruba,C,C,,C,1
b,YOR0140,Yoruba,C,C,,C,1
b,YOR0141,Yoruba,A,D,,D,0
b,YOR0142,Yoruba,C,A,,A,0
b,YOR0143,Yoruba,C,C,,C,1
b,YOR0144,Yoruba,B,B,,B,1
b,YOR0145,Yoruba,C,C,,C,1
b,YOR0146,Yoruba,D,D,,D,1
b,YOR0147,Yoruba,D,D,,D,1
b,YOR0148,Yoruba,C,B,,B,0
b,YOR0149,Yoruba,A,A,,A,1
b,YOR0150,Yoruba,D,D,,D,1
b,YOR0151,Yoruba,D,D,,D,1
b,YOR0152,Yoruba,C,C,,C,1
b,YOR0153,Yoruba,D,D,,D,1
b,YOR0154,Yoruba,C,C,,C,1
b,YOR0156,Yoruba,D,D,,D,1
b,YOR0157,Yoruba,C,A,,A,0
b,YOR0158,Yoruba,C,C,,C,1
b,YOR0159,Yoruba,D,A,,A,0
b,YOR0160,Yoruba,B,B,,B,1
b,YOR0161,Yoruba,A,A,,A,1
b,YOR0162,Yoruba,B,B,,B,1
b,YOR0163,Yoruba,B,B,,B,1
b,YOR0164,Yoruba,D,A,,A,0
b,YOR0165,Yoruba,C,A,,A,0
b,YOR0166,Yoruba,C,B,,B,0
b,YOR0167,Yoruba,A,A,,A,1
b,YOR0169,Yoruba,D,A,,A,0
b,YOR0170,Yoruba,,A,A,A,0
b,YOR0171,Yoruba,D,D,,D,1
b,YOR0172,Yoruba,B,C,,C,0
b,YOR0173,Yoruba,A,A,,A,1
b,YOR0174,Yoruba,C,C,,C,1
b,YOR0175,Yoruba,A,A,,A,1
b,YOR0176,Yoruba,B,A,,A,0
b,YOR0177,Yoruba,A,A,,A,1
b,YOR0178,Yoruba,A,A,,A,1
b,YOR0179,Yoruba,D,D,,D,1
b,YOR0180,Yoruba,C,C,,C,1
b,YOR0181,Yoruba,C,D,,D,0
b,YOR0182,Yoruba,D,D,,D,1
b,YOR0183,Yoruba,B,A,A,A,0
b,YOR0184,Yoruba,B,A,A,A,0
b,YOR0185,Yoruba,D,D,,D,1
b,YOR0186,Yoruba,A,A,A,A,1
b,YOR0187,Yoruba,B,A,,A,0
b,YOR0188,Yoruba,D,D,,D,1
b,YOR0189,Yoruba,C,A,,A,0
b,YOR0190,Yoruba,A,A,A,A,1
b,YOR0191,Yoruba,B,B,,B,1
b,YOR0192,Yoruba,A,A,,A,1
b,YOR0193,Yoruba,D,D,,D,1
b,YOR0194,Yoruba,D,D,,D,1
b,YOR0195,Yoruba,C,C,,C,1
b,YOR0196,Yoruba,C,,B,,0
b,YOR0197,Yoruba,D,,B,,0
b,YOR0198,Yoruba,C,,B,,0
b,YOR0199,Yoruba,A,A,,A,1
b,YOR0200,Yoruba,B,,B,,0
b,YOR0201,Yoruba,D,B,,B,0
b,YOR0202,Yoruba,B,B,,B,1
b,YOR0203,Yoruba,B,,B,,0
b,YOR0204,Yoruba,C,,B,,0
b,YOR0205,Yoruba,A,A,,A,1
b,YOR0206,Yoruba,A,A,,A,1
b,YOR0207,Yoruba,A,A,,A,1
b,YOR0208,Yoruba,D,D,,D,1
b,YOR0209,Yoruba,B,B,B,B,1
b,YOR0210,Yoruba,D,,B,,0
b,YOR0211,Yoruba,C,,B,,0
b,YOR0212,Yoruba,B,B,,B,1
b,YOR0213,Yoruba,A,A,,A,1
b,YOR0214,Yoruba,A,,B,,0
b,YOR0215,Yoruba,C,B,,B,0
b,YOR0216,Yoruba,B,A,,A,0
b,YOR0217,Yoruba,C,C,,C,1
b,YOR0218,Yoruba,C,D,,D,0
b,YOR0219,Yoruba,B,A,,A,0
b,YOR0220,Yoruba,C,C,,C,1
b,YOR0221,Yoruba,B,,B,,0
b,YOR0222,Yoruba,B,A,,A,0
b,YOR0223,Yoruba,C,A,,A,0
b,YOR0224,Yoruba,B,,B,,0
b,YOR0225,Yoruba,B,B,,B,1
b,YOR0226,Yoruba,B,A,,A,0
b,YOR0227,Yoruba,B,,B,,0
b,YOR0228,Yoruba,D,D,,D,1
b,YOR0229,Yoruba,B,B,,B,1
b,YOR0230,Yoruba,B,A,,A,0
b,YOR0231,Yoruba,A,A,,A,1
b,YOR0232,Yoruba,B,B,,B,1
b,YOR0233,Yoruba,C,C,,C,1
b,YOR0234,Yoruba,A,A,,A,1
b,YOR0235,Yoruba,D,A,,A,0
b,YOR0236,Yoruba,D,D,,D,1
b,YOR0237,Yoruba,D,,B,,0
b,YOR0238,Yoruba,C,A,,A,0
b,YOR0239,Yoruba,D,,B,,0
b,YOR0240,Yoruba,A,A,,A,1
b,YOR0241,Yoruba,A,A,,A,1
b,YOR0242,Yoruba,C,C,,C,1
b,YOR0243,Yoruba,B,D,,D,0
b,YOR0244,Yoruba,B,B,B,B,1
b,YOR0245,Yoruba,C,C,,C,1
b,YOR0246,Yoruba,A,,D,,0
b,YOR0247,Yoruba,C,C,,C,1
b,YOR0248,Yoruba,C,A,,A,0
b,YOR0249,Yoruba,D,D,,D,1
b,YOR0250,Yoruba,B,B,,B,1
b,YOR0251,Yoruba,A,A,A,A,1
b,YOR0252,Yoruba,D,D,,D,1
b,YOR0253,Yoruba,C,A,,A,0
b,YOR0254,Yoruba,C,C,,C,1
b,YOR0256,Yoruba,B,B,,B,1
b,YOR0257,Yoruba,B,B,,B,1
b,YOR0258,Yoruba,B,B,,B,1
b,YOR0259,Yoruba,A,A,,A,1
b,YOR0260,Yoruba,A,A,,A,1
b,YOR0261,Yoruba,D,D,,D,1
b,YOR0262,Yoruba,C,C,,C,1
b,YOR0263,Yoruba,B,A,,A,0
b,YOR0266,Yoruba,A,A,,A,1
b,YOR0267,Yoruba,B,B,,B,1
b,YOR0268,Yoruba,C,C,,C,1
b,YOR0269,Yoruba,C,C,,C,1
b,YOR0270,Yoruba,D,D,,D,1
b,YOR0271,Yoruba,A,B,,B,0
b,YOR0272,Yoruba,A,A,,A,1
b,YOR0273,Yoruba,D,D,,D,1
b,YOR0274,Yoruba,A,A,,A,1
b,YOR0275,Yoruba,A,A,,A,1
b,YOR0276,Yoruba,C,C,,C,1
b,YOR0277,Yoruba,A,A,,A,1
b,YOR0278,Yoruba,D,A,,A,0
b,YOR0279,Yoruba,A,B,,B,0
b,YOR0281,Yoruba,C,C,,C,1
b,YOR0282,Yoruba,,A,A,A,0
b,YOR0283,Yoruba,,A,A,A,0
b,YOR0284,Yoruba,,A,A,A,0
b,YOR0285,Yoruba,D,B,,B,0
b,YOR0286,Yoruba,C,D,,D,0
b,YOR0287,Yoruba,D,D,,D,1
b,YOR0288,Yoruba,C,C,,C,1
b,YOR0289,Yoruba,B,B,,B,1
b,YOR0290,Yoruba,D,D,,D,1
b,YOR0291,Yoruba,B,B,,B,1
b,YOR0292,Yoruba,A,A,,A,1
b,YOR0293,Yoruba,A,A,,A,1
b,YOR0294,Yoruba,D,A,,A,0
b,YOR0295,Yoruba,C,C,,C,1
b,YOR0296,Yoruba,B,B,,B,1
b,YOR0297,Yoruba,D,D,,D,1
b,YOR0298,Yoruba,C,A,,A,0
b,YOR0299,Yoruba,B,A,,A,0
b,YOR0300,Yoruba,D,D,,D,1
b,YOR0301,Yoruba,B,D,,D,0
b,YOR0302,Yoruba,C,A,,A,0
b,YOR0303,Yoruba,B,B,,B,1
b,YOR0304,Yoruba,C,A,,A,0
b,YOR0305,Yoruba,B,D,,D,0
b,YOR0306,Yoruba,A,A,,A,1
b,YOR0307,Yoruba,B,B,,B,1
b,YOR0308,Yoruba,C,D,,D,0
b,YOR0309,Yoruba,C,C,,C,1
b,YOR0310,Yoruba,B,B,,B,1
b,YOR0311,Yoruba,D,D,,D,1
b,YOR0313,Yoruba,D,D,,D,1
b,YOR0314,Yoruba,A,A,,A,1
b,YOR0315,Yoruba,A,A,,A,1
b,YOR0316,Yoruba,A,A,,A,1
b,YOR0317,Yoruba,A,A,,A,1
b,YOR0318,Yoruba,A,A,,A,1
b,YOR0319,Yoruba,C,A,,A,0
b,YOR0320,Yoruba,,A,A,A,0
b,YOR0321,Yoruba,A,A,,A,1
b,YOR0322,Yoruba,A,A,,A,1
b,YOR0323,Yoruba,C,C,,C,1
b,YOR0324,Yoruba,D,D,,D,1
b,YOR0325,Yoruba,A,A,,A,1
b,YOR0326,Yoruba,B,B,,B,1
b,YOR0327,Yoruba,D,A,,A,0
b,YOR0328,Yoruba,C,C,,C,1
b,YOR0329,Yoruba,D,D,,D,1
b,YOR0330,Yoruba,D,D,,D,1
b,YOR0331,Yoruba,A,A,,A,1
b,YOR0332,Yoruba,A,A,,A,1
b,YOR0333,Yoruba,D,D,,D,1
b,YOR0334,Yoruba,C,A,,A,0
b,YOR0335,Yoruba,D,A,,A,0
b,YOR0336,Yoruba,D,D,,D,1
b,YOR0337,Yoruba,C,D,,D,0
b,YOR0338,Yoruba,C,B,,B,0
b,YOR0339,Yoruba,D,A,,A,0
b,YOR0340,Yoruba,,A,A,A,0
b,YOR0341,Yoruba,A,A,,A,1
b,YOR0342,Yoruba,A,A,,A,1
b,YOR0343,Yoruba,C,C,,C,1
b,YOR0344,Yoruba,D,D,,D,1
b,YOR0345,Yoruba,A,A,,A,1
b,YOR0347,Yoruba,A,A,,A,1
b,YOR0348,Yoruba,C,C,,C,1
b,YOR0349,Yoruba,B,B,,B,1
b,YOR0350,Yoruba,B,A,,A,0
b,YOR0351,Yoruba,B,B,,B,1
b,YOR0352,Yoruba,A,A,,A,1
b,YOR0353,Yoruba,B,B,,B,1
b,YOR0354,Yoruba,A,A,,A,1
b,YOR0355,Yoruba,A,A,,A,1
b,YOR0356,Yoruba,C,C,,C,1
b,YOR0357,Yoruba,C,C,,C,1
b,YOR0358,Yoruba,C,C,,C,1
b,YOR0360,Yoruba,A,A,,A,1
b,YOR0361,Yoruba,C,C,,C,1
b,YOR0362,Yoruba,D,D,,D,1
b,YOR0363,Yoruba,D,D,,D,1
b,YOR0364,Yoruba,B,A,,A,0
b,YOR0365,Yoruba,D,C,,C,0
b,YOR0366,Yoruba,C,C,,C,1
b,YOR0367,Yoruba,D,A,,A,0
b,YOR0368,Yoruba,A,A,,A,1
b,YOR0370,Yoruba,A,A,,A,1
b,YOR0371,Yoruba,B,B,,B,1
b,YOR0372,Yoruba,B,A,,A,0
b,YOR0373,Yoruba,C,C,,C,1
b,YOR0374,Yoruba,D,C,,C,0
b,YOR0376,Yoruba,C,C,,C,1
b,YOR0377,Yoruba,B,B,,B,1
b,YOR0378,Yoruba,D,D,,D,1
b,YOR0379,Yoruba,C,D,,D,0
b,YOR0380,Yoruba,A,A,,A,1
b,YOR0381,Yoruba,B,D,,D,0
b,YOR0382,Yoruba,D,A,,A,0
b,YOR0383,Yoruba,C,C,,C,1
b,YOR0384,Yoruba,,A,A,A,0
b,YOR0385,Yoruba,D,D,,D,1
b,YOR0386,Yoruba,C,A,,A,0
b,YOR0389,Yoruba,C,C,,C,1
b,YOR0390,Yoruba,B,B,,B,1
b,YOR0392,Yoruba,,A,A,A,0
b,YOR0393,Yoruba,B,B,,B,1
b,YOR0394,Yoruba,B,B,,B,1
b,YOR0395,Yoruba,C,C,,C,1
b,YOR0396,Yoruba,A,A,,A,1
b,YOR0397,Yoruba,D,D,,D,1
b,YOR0399,Yoruba,C,C,,C,1
b,YOR0400,Yoruba,B,D,,D,0
b,YOR0401,Yoruba,B,A,,A,0
b,YOR0402,Yoruba,A,A,,A,1
b,YOR0403,Yoruba,B,A,,A,0
b,YOR0404,Yoruba,A,A,,A,1
b,YOR0405,Yoruba,B,A,,A,0
b,YOR0406,Yoruba,B,B,,B,1
b,YOR0407,Yoruba,D,D,,D,1
b,YOR0408,Yoruba,C,C,,C,1
b,YOR0409,Yoruba,D,D,,D,1
b,YOR0410,Yoruba,C,C,,C,1
b,YOR0411,Yoruba,B,B,,B,1
b,YOR0412,Yoruba,C,D,,D,0
b,YOR0413,Yoruba,B,D,,D,0
b,YOR0414,Yoruba,A,A,,A,1
b,YOR0416,Yoruba,A,A,,A,1
b,YOR0417,Yoruba,C,A,,A,0
b,YOR0418,Yoruba,D,D,,D,1
b,YOR0419,Yoruba,D,D,,D,1
b,YOR0420,Yoruba,D,D,,D,1
b,YOR0421,Yoruba,B,B,,B,1
b,YOR0422,Yoruba,A,A,,A,1
b,YOR0423,Yoruba,A,A,,A,1
b,YOR0424,Yoruba,C,C,,C,1
b,YOR0425,Yoruba,D,D,,D,1
b,YOR0427,Yoruba,C,C,,C,1
b,YOR0428,Yoruba,C,C,,C,1
b,YOR0429,Yoruba,D,D,,D,1
b,YOR0430,Yoruba,D,A,,A,0
b,YOR0431,Yoruba,D,D,,D,1
b,YOR0432,Yoruba,C,C,,C,1
b,YOR0433,Yoruba,C,C,,C,1
b,YOR0434,Yoruba,B,A,,A,0
b,YOR0435,Yoruba,B,B,,B,1
b,YOR0436,Yoruba,D,D,,D,1
b,YOR0437,Yoruba,C,A,,A,0
b,YOR0439,Yoruba,D,A,,A,0
b,YOR0440,Yoruba,B,B,,B,1
b,YOR0441,Yoruba,B,B,,B,1
b,YOR0442,Yoruba,B,B,,B,1
b,YOR0443,Yoruba,D,D,,D,1
b,YOR0444,Yoruba,A,A,,A,1
b,YOR0446,Yoruba,A,A,,A,1
b,YOR0447,Yoruba,A,A,,A,1
b,YOR0448,Yoruba,D,D,,D,1
b,YOR0449,Yoruba,B,A,,A,0
b,YOR0451,Yoruba,C,C,,C,1
b,YOR0452,Yoruba,D,D,,D,1
b,YOR0453,Yoruba,D,D,,D,1
b,YOR0454,Yoruba,B,A,,A,0
b,YOR0456,Yoruba,D,A,,A,0
b,YOR0457,Yoruba,B,C,,C,0
b,YOR0458,Yoruba,C,D,,D,0
b,YOR0459,Yoruba,B,D,,D,0
b,YOR0460,Yoruba,D,A,A,A,0
b,YOR0461,Yoruba,D,A,,A,0
b,YOR0462,Yoruba,C,A,,A,0
b,YOR0463,Yoruba,B,B,,B,1
b,YOR0464,Yoruba,D,A,,A,0
b,YOR0465,Yoruba,C,A,,A,0
b,YOR0466,Yoruba,A,A,,A,1
b,YOR0467,Yoruba,D,D,,D,1
b,YOR0468,Yoruba,B,A,,A,0
b,YOR0469,Yoruba,D,D,,D,1
b,YOR0470,Yoruba,A,A,,A,1
b,YOR0471,Yoruba,B,C,,C,0
b,YOR0472,Yoruba,C,A,,A,0
b,YOR0473,Yoruba,,A,A,A,0
b,YOR0474,Yoruba,B,B,,B,1
b,YOR0475,Yoruba,A,A,,A,1
b,YOR0476,Yoruba,B,B,,B,1
b,YOR0477,Yoruba,B,B,,B,1
b,YOR0479,Yoruba,A,A,,A,1
b,YOR0480,Yoruba,A,A,,A,1
b,YOR0481,Yoruba,B,B,,B,1
b,YOR0482,Yoruba,A,A,,A,1
b,YOR0484,Yoruba,A,A,,A,1
b,YOR0485,Yoruba,D,A,,A,0
b,YOR0487,Yoruba,B,B,,B,1
b,YOR0488,Yoruba,C,C,,C,1
b,YOR0489,Yoruba,D,D,,D,1
b,YOR0490,Yoruba,A,A,,A,1
b,YOR0491,Yoruba,D,A,,A,0
b,YOR0492,Yoruba,D,D,,D,1
b,YOR0493,Yoruba,B,A,,A,0
b,YOR0494,Yoruba,A,A,,A,1
b,YOR0495,Yoruba,C,C,,C,1
b,YOR0496,Yoruba,C,A,,A,0
b,YOR0497,Yoruba,B,A,,A,0
b,YOR0498,Yoruba,B,D,,D,0
b,YOR0499,Yoruba,C,C,,C,1
b,YOR0500,Yoruba,A,A,,A,1
b,YOR0501,Yoruba,C,B,,B,0
b,YOR0502,Yoruba,C,C,,C,1
b,YOR0503,Yoruba,A,A,,A,1
b,YOR0504,Yoruba,C,A,,A,0
b,YOR0505,Yoruba,C,A,,A,0
b,YOR0506,Yoruba,A,D,,D,0
b,YOR0507,Yoruba,B,D,,D,0
b,YOR0508,Yoruba,B,A,,A,0
b,YOR0509,Yoruba,D,A,,A,0
b,YOR0510,Yoruba,D,A,A,A,0
b,YOR0511,Yoruba,A,D,,D,0
b,YOR0512,Yoruba,A,A,A,A,1
b,YOR0513,Yoruba,D,A,,A,0
b,YOR0514,Yoruba,D,D,,D,1
b,YOR0515,Yoruba,B,A,,A,0
b,YOR0516,Yoruba,D,D,,D,1
b,YOR0517,Yoruba,B,B,,B,1
b,YOR0518,Yoruba,B,B,,B,1
b,YOR0519,Yoruba,A,A,,A,1
b,YOR0520,Yoruba,B,B,,B,1
b,YOR0521,Yoruba,D,,A,,0
b,YOR0522,Yoruba,A,A,,A,1
b,YOR0523,Yoruba,B,A,A,A,0
b,YOR0524,Yoruba,B,,A,,0
b,YOR0525,Yoruba,D,D,,D,1
b,YOR0526,Yoruba,B,,A,,0
b,YOR0527,Yoruba,B,,A,,0
b,YOR0528,Yoruba,D,C,,C,0
b,YOR0529,Yoruba,D,D,,D,1
b,YOR0530,Yoruba,D,,A,,0
b,YOR0531,Yoruba,B,B,,B,1
b,YOR0532,Yoruba,C,C,,C,1
b,YOR0533,Yoruba,C,C,,C,1
b,YOR0534,Yoruba,A,A,,A,1
b,YOR0535,Yoruba,A,A,,A,1
b,YOR0536,Yoruba,A,A,,A,1
b,YOR0537,Yoruba,C,C,,C,1
b,YOR0538,Yoruba,B,,A,,0
b,YOR0539,Yoruba,B,,A,,0
b,YOR0540,Yoruba,A,A,,A,1
b,YOR0541,Yoruba,A,A,A,A,1
b,YOR0542,Yoruba,D,A,A,A,0
b,YOR0543,Yoruba,B,B,,B,1
b,YOR0544,Yoruba,A,A,,A,1
b,YOR0545,Yoruba,D,D,,D,1
b,YOR0546,Yoruba,B,B,,B,1
b,YOR0547,Yoruba,C,A,,A,0
b,YOR0548,Yoruba,C,C,,C,1
b,YOR0549,Yoruba,A,,A,,0
b,YOR0550,Yoruba,C,B,,B,0
b,YOR0551,Yoruba,A,A,,A,1
b,YOR0552,Yoruba,A,A,,A,1
b,YOR0553,Yoruba,C,D,,D,0
b,YOR0554,Yoruba,C,C,,C,1
b,YOR0555,Yoruba,D,D,,D,1
b,YOR0556,Yoruba,B,,A,,0
b,YOR0557,Yoruba,B,B,,B,1
b,YOR0558,Yoruba,C,C,,C,1
b,YOR0559,Yoruba,C,,A,,0
b,YOR0560,Yoruba,D,,A,,0
b,YOR0561,Yoruba,C,C,,C,1
b,YOR0562,Yoruba,C,A,A,A,0
b,YOR0563,Yoruba,D,,A,,0
b,YOR0564,Yoruba,A,A,,A,1
b,YOR0566,Yoruba,A,A,,A,1
b,YOR0567,Yoruba,B,,A,,0
b,YOR0568,Yoruba,D,D,,D,1
b,YOR0569,Yoruba,D,D,,D,1
b,YOR0570,Yoruba,A,A,A,A,1
b,YOR0571,Yoruba,C,A,A,A,0
b,YOR0572,Yoruba,D,A,A,A,0
b,YOR0573,Yoruba,D,,A,,0
b,YOR0574,Yoruba,D,A,,A,0
b,YOR0575,Yoruba,B,A,A,A,0
b,YOR0576,Yoruba,A,A,A,A,1
b,YOR0577,Yoruba,A,A,A,A,1
b,YOR0578,Yoruba,D,D,,D,1
b,YOR0579,Yoruba,A,A,A,A,1
b,YOR0580,Yoruba,C,A,,A,0
b,YOR0581,Yoruba,A,A,A,A,1
b,YOR0582,Yoruba,A,A,,A,1
b,YOR0583,Yoruba,D,D,,D,1
b,YOR0584,Yoruba,A,A,,A,1
b,YOR0585,Yoruba,C,C,,C,1
b,YOR0586,Yoruba,D,,A,,0
b,YOR0587,Yoruba,D,B,,B,0
b,YOR0588,Yoruba,A,A,,A,1
b,YOR0589,Yoruba,C,C,,C,1
b,YOR0590,Yoruba,B,,A,,0
b,YOR0591,Yoruba,A,,A,,0
b,YOR0592,Yoruba,B,B,,B,1
b,YOR0593,Yoruba,A,A,,A,1
b,YOR0594,Yoruba,A,A,,A,1
b,YOR0595,Yoruba,B,D,,D,0
b,YOR0596,Yoruba,C,,A,,0
b,YOR0597,Yoruba,A,A,,A,1
b,YOR0598,Yoruba,B,B,,B,1
b,YOR0599,Yoruba,A,A,,A,1
b,YOR0600,Yoruba,D,A,,A,0
b,YOR0601,Yoruba,C,C,,C,1
b,YOR0602,Yoruba,C,C,,C,1
b,YOR0603,Yoruba,B,,A,,0
b,YOR0605,Yoruba,A,A,,A,1
b,YOR0606,Yoruba,A,A,,A,1
b,YOR0607,Yoruba,C,C,,C,1
b,YOR0608,Yoruba,A,A,,A,1
b,YOR0610,Yoruba,B,B,,B,1
b,YOR0611,Yoruba,B,B,,B,1
b,YOR0612,Yoruba,D,D,,D,1
b,YOR0613,Yoruba,D,A,,A,0
b,YOR0614,Yoruba,B,B,,B,1
b,YOR0615,Yoruba,D,D,,D,1
b,YOR0616,Yoruba,D,D,,D,1
b,YOR0618,Yoruba,C,A,,A,0
b,YOR0619,Yoruba,B,B,,B,1
b,YOR0620,Yoruba,C,C,,C,1
b,YOR0621,Yoruba,C,A,,A,0
b,YOR0622,Yoruba,D,C,,C,0
b,YOR0623,Yoruba,B,,A,,0
b,YOR0624,Yoruba,B,A,,A,0
b,YOR0625,Yoruba,D,D,,D,1
b,YOR0626,Yoruba,D,D,,D,1
b,YOR0627,Yoruba,A,A,,A,1
b,YOR0628,Yoruba,A,A,A,A,1
b,YOR0629,Yoruba,A,A,,A,1
b,YOR0630,Yoruba,A,A,,A,1
b,YOR0631,Yoruba,B,A,,A,0
b,YOR0632,Yoruba,C,C,,C,1
b,YOR0633,Yoruba,A,A,,A,1
b,YOR0634,Yoruba,D,D,,D,1
b,YOR0635,Yoruba,D,A,,A,0
b,YOR0637,Yoruba,B,B,,B,1
b,YOR0638,Yoruba,D,D,,D,1
b,YOR0639,Yoruba,C,C,,C,1
b,YOR0640,Yoruba,B,D,,D,0
b,YOR0641,Yoruba,A,A,,A,1
b,YOR0642,Yoruba,C,A,,A,0
b,YOR0643,Yoruba,A,A,,A,1
b,YOR0644,Yoruba,B,A,,A,0
b,YOR0646,Yoruba,D,D,,D,1
b,YOR0647,Yoruba,B,D,,D,0
b,YOR0648,Yoruba,B,A,,A,0
b,YOR0649,Yoruba,D,A,,A,0
b,YOR0650,Yoruba,B,B,,B,1
b,YOR0651,Yoruba,A,A,,A,1
b,YOR0652,Yoruba,B,B,,B,1
b,YOR0653,Yoruba,C,C,,C,1
b,YOR0654,Yoruba,D,D,,D,1
b,YOR0655,Yoruba,D,A,,A,0
b,YOR0656,Yoruba,A,A,,A,1
b,YOR0657,Yoruba,B,B,,B,1
b,YOR0658,Yoruba,D,D,,D,1
b,YOR0659,Yoruba,A,A,,A,1
b,YOR0660,Yoruba,A,A,,A,1
b,YOR0661,Yoruba,C,C,,C,1
b,YOR0662,Yoruba,D,A,,A,0
b,YOR0663,Yoruba,A,A,A,A,1
b,YOR0664,Yoruba,C,C,,C,1
b,YOR0665,Yoruba,A,A,,A,1
b,YOR0666,Yoruba,D,D,,D,1
b,YOR0667,Yoruba,C,A,,A,0
b,YOR0668,Yoruba,D,D,,D,1
b,YOR0669,Yoruba,D,D,,D,1
b,YOR0670,Yoruba,C,A,,A,0
b,YOR0671,Yoruba,C,C,,C,1
b,YOR0672,Yoruba,D,D,,D,1
b,YOR0673,Yoruba,B,B,,B,1
b,YOR0674,Yoruba,B,B,,B,1
b,YOR0675,Yoruba,D,D,,D,1
b,YOR0676,Yoruba,D,D,,D,1
b,YOR0677,Yoruba,C,A,,A,0
b,YOR0678,Yoruba,C,C,,C,1
b,YOR0679,Yoruba,B,B,,B,1
b,YOR0680,Yoruba,D,A,,A,0
b,YOR0681,Yoruba,B,B,,B,1
b,YOR0682,Yoruba,A,B,,B,0
b,YOR0683,Yoruba,B,D,,D,0
b,YOR0684,Yoruba,B,A,,A,0
b,YOR0685,Yoruba,D,D,,D,1
b,YOR0686,Yoruba,D,D,,D,1
b,YOR0687,Yoruba,B,B,,B,1
b,YOR0688,Yoruba,A,A,,A,1
b,YOR0689,Yoruba,D,D,,D,1
b,YOR0690,Yoruba,D,D,,D,1
b,YOR0691,Yoruba,C,A,,A,0
b,YOR0692,Yoruba,A,A,,A,1
b,YOR0693,Yoruba,B,A,,A,0
b,YOR0694,Yoruba,C,C,,C,1
b,YOR0695,Yoruba,A,A,,A,1
b,YOR0697,Yoruba,D,B,,B,0
b,YOR0698,Yoruba,B,A,,A,0
b,YOR0699,Yoruba,A,A,,A,1
b,YOR0700,Yoruba,C,C,,C,1
b,YOR0701,Yoruba,A,A,,A,1
b,YOR0703,Yoruba,A,A,,A,1
b,YOR0704,Yoruba,B,B,,B,1
b,YOR0705,Yoruba,D,D,,D,1
b,YOR0706,Yoruba,D,D,,D,1
b,YOR0707,Yoruba,A,A,,A,1
b,YOR0708,Yoruba,B,B,,B,1
b,YOR0709,Yoruba,A,A,,A,1
b,YOR0710,Yoruba,B,A,,A,0
b,YOR0711,Yoruba,A,A,,A,1
b,YOR0713,Yoruba,D,D,,D,1
b,YOR0714,Yoruba,B,B,,B,1
b,YOR0715,Yoruba,A,A,,A,1
b,YOR0716,Yoruba,C,A,,A,0
b,YOR0717,Yoruba,B,B,,B,1
b,YOR0718,Yoruba,C,C,,C,1
b,YOR0719,Yoruba,C,B,,B,0
b,YOR0720,Yoruba,C,C,,C,1
b,YOR0721,Yoruba,C,C,,C,1
b,YOR0722,Yoruba,D,A,,A,0
b,YOR0723,Yoruba,A,A,,A,1
b,YOR0724,Yoruba,B,B,,B,1
b,YOR0725,Yoruba,C,C,,C,1
b,YOR0726,Yoruba,B,A,,A,0
b,YOR0727,Yoruba,B,B,,B,1
b,YOR0728,Yoruba,A,A,,A,1
b,YOR0729,Yoruba,B,B,,B,1
b,YOR0730,Yoruba,D,D,,D,1
b,YOR0731,Yoruba,A,A,,A,1
b,YOR0732,Yoruba,C,C,,C,1
b,YOR0733,Yoruba,A,A,,A,1
b,YOR0734,Yoruba,A,A,,A,1
b,YOR0735,Yoruba,B,B,,B,1
b,YOR0736,Yoruba,C,C,,C,1
b,YOR0737,Yoruba,C,A,,A,0
b,YOR0738,Yoruba,B,B,,B,1
b,YOR0739,Yoruba,B,B,,B,1
b,YOR0740,Yoruba,A,A,,A,1
b,YOR0741,Yoruba,C,C,,C,1
b,YOR0742,Yoruba,C,C,,C,1
b,YOR0743,Yoruba,C,C,,C,1
b,YOR0744,Yoruba,C,C,,C,1
b,YOR0745,Yoruba,B,B,,B,1
b,YOR0746,Yoruba,C,C,,C,1
b,YOR0747,Yoruba,B,B,,B,1
b,YOR0748,Yoruba,A,A,,A,1
b,YOR0749,Yoruba,C,A,,A,0
b,YOR0750,Yoruba,B,A,,A,0
b,YOR0751,Yoruba,C,C,,C,1
b,YOR0752,Yoruba,C,A,,A,0
b,YOR0754,Yoruba,D,D,,D,1
b,YOR0755,Yoruba,B,A,,A,0
b,YOR0756,Yoruba,D,D,,D,1
b,YOR0757,Yoruba,A,A,,A,1
b,YOR0758,Yoruba,B,B,,B,1
b,YOR0759,Yoruba,C,C,,C,1
b,YOR0760,Yoruba,A,A,,A,1
b,YOR0761,Yoruba,A,A,,A,1
b,YOR0762,Yoruba,B,B,,B,1
b,YOR0763,Yoruba,C,C,,C,1
b,YOR0764,Yoruba,A,A,,A,1
b,YOR0765,Yoruba,B,B,,B,1
b,YOR0767,Yoruba,B,B,,B,1
b,YOR0768,Yoruba,C,C,,C,1
b,YOR0769,Yoruba,C,C,,C,1
b,YOR0770,Yoruba,B,D,,D,0
b,YOR0771,Yoruba,D,A,,A,0
b,YOR0772,Yoruba,D,D,,D,1
b,YOR0773,Yoruba,B,C,,C,0
b,YOR0774,Yoruba,A,A,,A,1
b,YOR0775,Yoruba,B,D,,D,0
b,YOR0776,Yoruba,D,D,,D,1
b,YOR0777,Yoruba,C,C,,C,1
b,YOR0778,Yoruba,D,D,,D,1
b,YOR0779,Yoruba,D,D,,D,1
b,YOR0780,Yoruba,C,C,,C,1
b,YOR0781,Yoruba,C,C,,C,1
b,YOR0782,Yoruba,C,A,,A,0
b,YOR0783,Yoruba,B,D,,D,0
b,YOR0784,Yoruba,C,A,,A,0
b,YOR0785,Yoruba,C,C,,C,1
b,YOR0786,Yoruba,B,B,,B,1
b,YOR0787,Yoruba,B,A,,A,0
b,YOR0788,Yoruba,C,C,,C,1
b,YOR0789,Yoruba,D,D,,D,1
b,YOR0790,Yoruba,C,A,,A,0
b,YOR0791,Yoruba,A,A,,A,1
b,YOR0792,Yoruba,B,B,,B,1
b,YOR0793,Yoruba,C,B,,B,0
b,YOR0794,Yoruba,B,A,,A,0
b,YOR0795,Yoruba,C,A,,A,0
b,YOR0796,Yoruba,A,A,,A,1
b,YOR0797,Yoruba,A,A,,A,1
b,YOR0799,Yoruba,D,A,,A,0
b,YOR0800,Yoruba,A,A,,A,1
b,YOR0801,Yoruba,B,A,,A,0
b,YOR0802,Yoruba,A,A,,A,1
b,YOR0803,Yoruba,A,A,,A,1
b,YOR0804,Yoruba,B,B,,B,1
b,YOR0805,Yoruba,A,A,,A,1
b,YOR0806,Yoruba,A,A,,A,1
b,YOR0807,Yoruba,D,D,,D,1
b,YOR0808,Yoruba,B,B,,B,1
b,YOR0809,Yoruba,C,C,,C,1
b,YOR0810,Yoruba,A,A,,A,1
b,YOR0811,Yoruba,B,B,,B,1
b,YOR0812,Yoruba,C,C,,C,1
b,YOR0813,Yoruba,D,D,,D,1
b,YOR0814,Yoruba,,A,A,A,0
b,YOR0815,Yoruba,C,B,,B,0
b,YOR0816,Yoruba,B,B,,B,1
b,YOR0817,Yoruba,B,B,,B,1
b,YOR0818,Yoruba,D,A,,A,0
b,YOR0819,Yoruba,B,B,,B,1
b,YOR0820,Yoruba,C,C,,C,1
b,YOR0821,Yoruba,D,B,,B,0
b,YOR0822,Yoruba,D,D,,D,1
b,YOR0823,Yoruba,B,A,,A,0
b,YOR0824,Yoruba,B,A,,A,0
b,YOR0825,Yoruba,A,A,,A,1
b,YOR0826,Yoruba,D,D,,D,1
b,YOR0827,Yoruba,D,D,,D,1
b,YOR0828,Yoruba,D,D,,D,1
b,YOR0829,Yoruba,A,A,,A,1
b,YOR0830,Yoruba,C,C,,C,1
b,YOR0831,Yoruba,C,A,,A,0
b,YOR0832,Yoruba,B,B,,B,1
b,YOR0833,Yoruba,B,B,,B,1
b,YOR0834,Yoruba,D,D,,D,1
b,YOR0835,Yoruba,C,C,,C,1
b,YOR0836,Yoruba,D,D,,D,1
b,YOR0837,Yoruba,,A,A,A,0
b,YOR0838,Yoruba,D,D,,D,1
b,YOR0839,Yoruba,B,B,,B,1
b,YOR0840,Yoruba,A,A,,A,1
b,YOR0841,Yoruba,C,A,,A,0
b,YOR0842,Yoruba,A,A,,A,1
b,YOR0843,Yoruba,C,A,,A,0
b,YOR0844,Yoruba,D,D,,D,1
b,YOR0845,Yoruba,A,A,,A,1
b,YOR0846,Yoruba,A,A,,A,1
b,YOR0847,Yoruba,D,A,,A,0
b,YOR0848,Yoruba,C,C,,C,1
b,YOR0849,Yoruba,C,D,,D,0
b,YOR0850,Yoruba,C,C,,C,1
b,YOR0851,Yoruba,C,C,,C,1
b,YOR0852,Yoruba,A,A,,A,1
b,YOR0853,Yoruba,D,D,,D,1
b,YOR0854,Yoruba,D,D,,D,1
b,YOR0855,Yoruba,D,D,,D,1
b,YOR0856,Yoruba,C,C,,C,1
b,YOR0857,Yoruba,B,B,,B,1
b,YOR0858,Yoruba,A,A,,A,1
b,YOR0859,Yoruba,B,B,,B,1
b,YOR0860,Yoruba,D,D,,D,1
b,YOR0861,Yoruba,B,B,,B,1
b,YOR0862,Yoruba,A,A,,A,1
b,YOR0863,Yoruba,B,B,,B,1
b,YOR0864,Yoruba,D,D,,D,1
b,YOR0865,Yoruba,B,A,,A,0
b,YOR0866,Yoruba,C,C,,C,1
b,YOR0867,Yoruba,C,A,,A,0
b,YOR0868,Yoruba,C,C,,C,1
b,YOR0869,Yoruba,C,C,,C,1
b,YOR0870,Yoruba,A,A,,A,1
b,YOR0871,Yoruba,D,D,,D,1
b,YOR0872,Yoruba,A,A,,A,1
b,YOR0873,Yoruba,A,A,,A,1
b,YOR0874,Yoruba,D,D,,D,1
b,YOR0875,Yoruba,D,D,,D,1
b,YOR0876,Yoruba,C,C,,C,1
b,YOR0877,Yoruba,C,D,,D,0
b,YOR0878,Yoruba,B,B,,B,1
b,YOR0879,Yoruba,B,B,,B,1
b,YOR0880,Yoruba,A,A,,A,1
b,YOR0881,Yoruba,B,B,,B,1
b,YOR0882,Yoruba,C,C,,C,1
b,YOR0883,Yoruba,D,D,,D,1
b,YOR0884,Yoruba,A,A,,A,1
b,YOR0885,Yoruba,C,C,,C,1
b,YOR0886,Yoruba,A,A,,A,1
b,YOR0887,Yoruba,A,A,,A,1
b,YOR0888,Yoruba,D,A,,A,0
b,YOR0889,Yoruba,A,D,,D,0
b,YOR0890,Yoruba,D,D,,D,1
b,YOR0891,Yoruba,B,B,,B,1
b,YOR0892,Yoruba,A,A,,A,1
b,YOR0893,Yoruba,A,A,,A,1
b,YOR0894,Yoruba,A,A,,A,1
b,YOR0895,Yoruba,C,A,,A,0
b,YOR0896,Yoruba,A,A,,A,1
b,YOR0897,Yoruba,D,D,,D,1
b,YOR0898,Yoruba,D,D,,D,1
b,YOR0899,Yoruba,B,B,,B,1
b,YOR0900,Yoruba,D,D,,D,1
b,YOR0901,Yoruba,B,A,,A,0
b,YOR0902,Yoruba,C,C,,C,1
b,YOR0903,Yoruba,B,A,,A,0
b,YOR0904,Yoruba,A,D,,D,0
b,YOR0905,Yoruba,C,C,,C,1
b,YOR0906,Yoruba,C,B,,B,0
b,YOR0907,Yoruba,B,B,,B,1
b,YOR0908,Yoruba,C,B,,B,0
b,YOR0909,Yoruba,D,D,,D,1
b,YOR0910,Yoruba,B,B,,B,1
b,YOR0911,Yoruba,B,A,,A,0
b,YOR0912,Yoruba,A,A,,A,1
b,YOR0913,Yoruba,D,A,,A,0
b,YOR0914,Yoruba,D,D,,D,1
b,YOR0915,Yoruba,B,B,,B,1
b,YOR0917,Yoruba,A,A,,A,1
b,YOR0918,Yoruba,C,A,,A,0
b,YOR0919,Yoruba,D,D,,D,1
b,YOR0920,Yoruba,B,B,,B,1
b,YOR0921,Yoruba,B,A,,A,0
b,YOR0923,Yoruba,A,A,,A,1
b,YOR0924,Yoruba,D,D,,D,1
b,YOR0925,Yoruba,A,A,,A,1
b,YOR0926,Yoruba,B,A,,A,0
b,YOR0927,Yoruba,D,D,,D,1
b,YOR0928,Yoruba,C,A,,A,0
b,YOR0930,Yoruba,D,D,,D,1
b,YOR0931,Yoruba,D,D,,D,1
b,YOR0932,Yoruba,B,B,,B,1
b,YOR0933,Yoruba,D,D,,D,1
b,YOR0934,Yoruba,D,D,,D,1
b,YOR0935,Yoruba,A,D,,D,0
b,YOR0936,Yoruba,B,B,,B,1
b,YOR0937,Yoruba,C,A,,A,0
b,YOR0938,Yoruba,C,C,,C,1
b,YOR0939,Yoruba,B,B,,B,1
b,YOR0940,Yoruba,A,A,,A,1
b,YOR0941,Yoruba,A,A,,A,1
b,YOR0942,Yoruba,,A,A,A,0
b,YOR0943,Yoruba,D,D,,D,1
b,YOR0944,Yoruba,C,C,,C,1
b,YOR0945,Yoruba,C,C,,C,1
b,YOR0946,Yoruba,B,B,,B,1
b,YOR0947,Yoruba,B,B,,B,1
b,YOR0948,Yoruba,B,A,,A,0
b,YOR0949,Yoruba,C,C,,C,1
b,YOR0950,Yoruba,B,A,,A,0
b,YOR0951,Yoruba,C,C,,C,1
b,YOR0952,Yoruba,C,C,,C,1
b,YOR0953,Yoruba,D,D,,D,1
b,YOR0954,Yoruba,C,C,,C,1
b,YOR0955,Yoruba,C,C,,C,1
b,YOR0956,Yoruba,C,A,,A,0
b,YOR0957,Yoruba,A,A,,A,1
b,YOR0958,Yoruba,D,D,,D,1
b,YOR0959,Yoruba,A,A,,A,1
b,YOR0960,Yoruba,B,B,,B,1
b,YOR0961,Yoruba,A,A,,A,1
b,YOR0962,Yoruba,C,C,,C,1
b,YOR0963,Yoruba,D,D,,D,1
b,YOR0964,Yoruba,B,A,,A,0
b,YOR0965,Yoruba,D,A,,A,0
b,YOR0966,Yoruba,D,A,,A,0
b,YOR0967,Yoruba,B,B,,B,1
b,YOR0968,Yoruba,D,D,,D,1
b,YOR0969,Yoruba,B,B,,B,1
b,YOR0970,Yoruba,C,C,,C,1
b,YOR0973,Yoruba,A,A,,A,1
b,YOR0974,Yoruba,A,A,,A,1
b,YOR0975,Yoruba,A,A,,A,1
b,YOR0976,Yoruba,C,C,,C,1
b,YOR0977,Yoruba,D,A,,A,0
b,YOR0978,Yoruba,D,D,,D,1
b,YOR0979,Yoruba,C,C,,C,1
b,YOR0980,Yoruba,D,D,,D,1
b,YOR0981,Yoruba,C,C,,C,1
b,YOR0982,Yoruba,A,A,,A,1
b,YOR0983,Yoruba,A,A,,A,1
b,YOR0984,Yoruba,A,A,,A,1
b,YOR0985,Yoruba,C,C,,C,1
b,YOR0986,Yoruba,D,A,,A,0
b,YOR0987,Yoruba,B,D,,D,0
b,YOR0988,Yoruba,B,B,,B,1
b,YOR0989,Yoruba,A,A,,A,1
b,YOR0990,Yoruba,B,B,,B,1
b,YOR0991,Yoruba,A,A,,A,1
b,YOR0992,Yoruba,D,D,,D,1
b,YOR0993,Yoruba,C,C,,C,1
b,YOR0994,Yoruba,A,A,,A,1
b,YOR0996,Yoruba,A,A,,A,1
b,YOR0997,Yoruba,D,A,,A,0
b,YOR0998,Yoruba,A,A,,A,1
b,YOR0999,Yoruba,D,D,,D,1
b,YOR1000,Yoruba,A,A,,A,1
b,YOR1001,Yoruba,C,C,,C,1
b,YOR1002,Yoruba,C,C,,C,1
b,YOR1004,Yoruba,D,D,,D,1
b,YOR1005,Yoruba,D,D,,D,1
b,YOR1006,Yoruba,A,A,,A,1
b,YOR1007,Yoruba,B,B,,B,1
b,YOR1008,Yoruba,C,C,,C,1
b,YOR1010,Yoruba,D,D,,D,1
b,YOR1011,Yoruba,B,B,,B,1
b,YOR1012,Yoruba,B,B,,B,1
b,YOR1013,Yoruba,C,A,,A,0
b,YOR1014,Yoruba,B,B,,B,1
b,YOR1015,Yoruba,A,A,,A,1
b,YOR1016,Yoruba,A,A,,A,1
b,YOR1017,Yoruba,B,C,,C,0
b,YOR1018,Yoruba,B,B,,B,1
b,YOR1019,Yoruba,D,D,,D,1
b,YOR1020,Yoruba,C,C,,C,1
b,YOR1022,Yoruba,A,A,,A,1
b,YOR1023,Yoruba,A,D,,D,0
b,YOR1024,Yoruba,D,D,,D,1
b,YOR1025,Yoruba,C,A,,A,0
b,YOR1026,Yoruba,D,D,,D,1
b,YOR1028,Yoruba,C,C,,C,1
b,YOR1029,Yoruba,B,B,,B,1
b,YOR1030,Yoruba,B,B,,B,1
b,YOR1031,Yoruba,A,C,,C,0
b,YOR1032,Yoruba,A,A,,A,1
b,YOR1033,Yoruba,A,A,,A,1
b,YOR1034,Yoruba,A,A,,A,1
b,YOR1035,Yoruba,A,A,,A,1
b,YOR1036,Yoruba,A,A,,A,1
b,YOR1037,Yoruba,D,D,,D,1
b,YOR1038,Yoruba,B,B,,B,1
b,YOR1039,Yoruba,A,A,,A,1
b,YOR1040,Yoruba,B,B,,B,1
b,YOR1041,Yoruba,D,D,,D,1
b,YOR1042,Yoruba,A,A,,A,1
b,YOR1043,Yoruba,A,A,,A,1
b,YOR1044,Yoruba,C,C,,C,1
b,YOR1045,Yoruba,C,C,,C,1
b,YOR1046,Yoruba,A,A,,A,1
b,YOR1047,Yoruba,B,B,,B,1
b,YOR1048,Yoruba,C,C,,C,1
b,YOR1049,Yoruba,A,A,,A,1
b,YOR1050,Yoruba,B,B,,B,1
b,YOR1051,Yoruba,A,C,,C,0
b,YOR1052,Yoruba,D,D,,D,1
b,YOR1053,Yoruba,A,A,,A,1
b,YOR1054,Yoruba,B,B,,B,1
b,YOR1055,Yoruba,A,A,,A,1
b,YOR1056,Yoruba,A,A,,A,1
b,YOR1057,Yoruba,C,C,,C,1
b,YOR1058,Yoruba,C,C,,C,1
b,YOR1059,Yoruba,D,D,,D,1
b,YOR1060,Yoruba,D,D,,D,1
b,YOR1061,Yoruba,B,B,,B,1
b,YOR1062,Yoruba,C,C,,C,1
b,YOR1063,Yoruba,B,A,,A,0
b,YOR1064,Yoruba,A,A,,A,1
b,YOR1065,Yoruba,B,B,,B,1
b,YOR1066,Yoruba,B,B,,B,1
b,YOR1067,Yoruba,B,B,,B,1
b,YOR1068,Yoruba,B,D,,D,0
b,YOR1069,Yoruba,B,B,,B,1
b,YOR1070,Yoruba,D,D,,D,1
b,YOR1071,Yoruba,D,A,,A,0
b,YOR1072,Yoruba,A,A,A,A,1
b,YOR1073,Yoruba,B,A,,A,0
b,YOR1074,Yoruba,B,B,,B,1
b,YOR1075,Yoruba,C,,A,,0
b,YOR1076,Yoruba,D,,A,,0
b,YOR1077,Yoruba,A,A,A,A,1
b,YOR1078,Yoruba,B,B,,B,1
b,YOR1079,Yoruba,A,A,,A,1
b,YOR1080,Yoruba,C,,A,,0
b,YOR1081,Yoruba,D,D,,D,1
b,YOR1083,Yoruba,C,,A,,0
b,YOR1084,Yoruba,C,A,A,A,0
b,YOR1085,Yoruba,C,C,,C,1
b,YOR1086,Yoruba,D,A,,A,0
b,YOR1087,Yoruba,D,D,,D,1
b,YOR1088,Yoruba,B,B,,B,1
b,YOR1089,Yoruba,A,A,,A,1
b,YOR1090,Yoruba,C,B,,B,0
b,YOR1093,Yoruba,A,A,A,A,1
b,YOR1094,Yoruba,A,A,,A,1
b,YOR1095,Yoruba,D,C,,C,0
b,YOR1096,Yoruba,D,A,,A,0
b,YOR1097,Yoruba,B,A,,A,0
b,YOR1098,Yoruba,A,A,,A,1
b,YOR1099,Yoruba,B,B,,B,1
b,YOR1100,Yoruba,B,A,,A,0
b,YOR1101,Yoruba,C,C,,C,1
b,YOR1102,Yoruba,A,A,,A,1
b,YOR1103,Yoruba,C,B,,B,0
b,YOR1104,Yoruba,A,A,,A,1
b,YOR1105,Yoruba,A,D,,D,0
b,YOR1106,Yoruba,D,D,,D,1
b,YOR1107,Yoruba,,A,A,A,0
b,YOR1108,Yoruba,B,B,,B,1
b,YOR1109,Yoruba,C,C,,C,1
b,YOR1110,Yoruba,A,A,,A,1
b,YOR1111,Yoruba,C,C,,C,1
b,YOR1112,Yoruba,B,C,,C,0
b,YOR1113,Yoruba,C,C,,C,1
b,YOR1114,Yoruba,A,A,,A,1
b,YOR1115,Yoruba,C,C,,C,1
b,YOR1116,Yoruba,B,A,,A,0
b,YOR1117,Yoruba,B,C,,C,0
b,YOR1118,Yoruba,C,C,,C,1
b,YOR1119,Yoruba,A,A,,A,1
b,YOR1120,Yoruba,B,A,A,A,0
b,YOR1121,Yoruba,C,C,,C,1
b,YOR1122,Yoruba,C,,A,,0
b,YOR1123,Yoruba,D,D,,D,1
b,YOR1124,Yoruba,D,D,,D,1
b,YOR1125,Yoruba,C,D,,D,0
b,YOR1126,Yoruba,C,C,,C,1
b,YOR1127,Yoruba,C,A,,A,0
b,YOR1128,Yoruba,C,A,,A,0
b,YOR1129,Yoruba,C,C,,C,1
b,YOR1130,Yoruba,C,C,,C,1
b,YOR1131,Yoruba,B,D,,D,0
b,YOR1132,Yoruba,C,D,,D,0
b,YOR1133,Yoruba,D,A,,A,0
b,YOR1134,Yoruba,B,,A,,0
b,YOR1135,Yoruba,B,A,,A,0
b,YOR1136,Yoruba,A,A,,A,1
b,YOR1137,Yoruba,D,C,,C,0
b,YOR1138,Yoruba,C,C,,C,1
b,YOR1139,Yoruba,D,A,,A,0
b,YOR1140,Yoruba,D,A,,A,0
b,YOR1141,Yoruba,C,A,,A,0
b,YOR1142,Yoruba,D,A,,A,0
b,YOR1143,Yoruba,B,A,,A,0
b,YOR1144,Yoruba,C,D,,D,0
b,YOR1146,Yoruba,D,D,,D,1
b,YOR1147,Yoruba,D,D,,D,1
b,YOR1148,Yoruba,D,A,,A,0
b,YOR1149,Yoruba,C,C,,C,1
b,YOR1151,Yoruba,B,B,,B,1
b,YOR1152,Yoruba,A,A,,A,1
b,YOR1153,Yoruba,D,D,,D,1
b,YOR1154,Yoruba,D,A,,A,0
b,YOR1155,Yoruba,D,A,,A,0
b,YOR1156,Yoruba,A,,B,,0
b,YOR1157,Yoruba,D,D,,D,1
b,YOR1158,Yoruba,C,A,,A,0
b,YOR1159,Yoruba,A,A,,A,1
b,YOR1160,Yoruba,B,,B,,0
b,YOR1161,Yoruba,C,,B,,0
b,YOR1162,Yoruba,B,D,,D,0
b,YOR1163,Yoruba,A,A,,A,1
b,YOR1164,Yoruba,B,D,,D,0
b,YOR1165,Yoruba,D,D,,D,1
b,YOR1166,Yoruba,A,A,,A,1
b,YOR1167,Yoruba,A,A,,A,1
b,YOR1168,Yoruba,D,B,,B,0
b,YOR1169,Yoruba,D,A,,A,0
b,YOR1170,Yoruba,C,,B,,0
b,YOR1171,Yoruba,B,B,,B,1
b,YOR1172,Yoruba,D,A,,A,0
b,YOR1173,Yoruba,B,C,,C,0
b,YOR1174,Yoruba,C,C,,C,1
b,YOR1175,Yoruba,B,C,,C,0
b,YOR1176,Yoruba,B,B,B,B,1
b,YOR1177,Yoruba,C,A,,A,0
b,YOR1178,Yoruba,D,B,B,B,0
b,YOR1179,Yoruba,C,,B,,0
b,YOR1180,Yoruba,A,D,D,D,0
b,YOR1181,Yoruba,B,,D,,0
b,YOR1182,Yoruba,B,,D,,0
b,YOR1183,Yoruba,C,C,,C,1
b,YOR1184,Yoruba,D,D,,D,1
b,YOR1185,Yoruba,D,D,,D,1
b,YOR1186,Yoruba,C,C,,C,1
b,YOR1187,Yoruba,D,A,,A,0
b,YOR1188,Yoruba,C,C,,C,1
b,YOR1189,Yoruba,B,A,,A,0
b,YOR1190,Yoruba,C,C,,C,1
b,YOR1191,Yoruba,A,A,,A,1
b,YOR1192,Yoruba,D,D,,D,1
b,YOR1193,Yoruba,B,B,,B,1
b,YOR1194,Yoruba,D,A,,A,0
b,YOR1195,Yoruba,C,C,,C,1
b,YOR1196,Yoruba,A,C,,C,0
b,YOR1197,Yoruba,B,A,,A,0
b,YOR1198,Yoruba,A,A,,A,1
b,YOR1199,Yoruba,A,A,,A,1
b,YOR1200,Yoruba,D,D,,D,1
b,YOR1202,Yoruba,C,C,,C,1
b,YOR1203,Yoruba,A,A,,A,1
b,YOR1204,Yoruba,A,D,,D,0
b,YOR1205,Yoruba,D,D,,D,1
b,YOR1206,Yoruba,C,A,,A,0
b,YOR1207,Yoruba,B,A,,A,0
b,YOR1208,Yoruba,A,A,,A,1
b,YOR1209,Yoruba,D,A,,A,0
b,YOR1210,Yoruba,D,A,,A,0
b,YOR1211,Yoruba,B,A,,A,0
b,YOR1212,Yoruba,A,A,,A,1
b,YOR1213,Yoruba,D,D,,D,1
b,YOR1214,Yoruba,D,D,,D,1
b,YOR1215,Yoruba,D,D,,D,1
b,YOR1217,Yoruba,,A,A,A,0
b,YOR1218,Yoruba,C,A,,A,0
b,YOR1219,Yoruba,B,B,,B,1
b,YOR1220,Yoruba,C,C,,C,1
b,YOR1221,Yoruba,A,B,,B,0
b,YOR1222,Yoruba,C,A,,A,0
b,YOR1223,Yoruba,D,D,,D,1
b,YOR1224,Yoruba,D,D,,D,1
b,YOR1226,Yoruba,C,C,,C,1
b,YOR1227,Yoruba,B,A,,A,0
b,YOR1228,Yoruba,C,D,,D,0
b,YOR1229,Yoruba,B,A,,A,0
b,YOR1230,Yoruba,B,A,,A,0
b,YOR1231,Yoruba,C,A,,A,0
b,YOR1232,Yoruba,A,A,,A,1
b,YOR1234,Yoruba,B,C,,C,0
b,YOR1235,Yoruba,B,A,A,A,0
b,YOR1236,Yoruba,A,A,,A,1
b,YOR1238,Yoruba,B,A,,A,0
b,YOR1239,Yoruba,D,D,,D,1
b,YOR1240,Yoruba,C,C,,C,1
b,YOR1241,Yoruba,C,C,,C,1
b,YOR1242,Yoruba,C,A,,A,0
b,YOR1243,Yoruba,D,D,,D,1
b,YOR1244,Yoruba,C,C,,C,1
b,YOR1245,Yoruba,C,A,,A,0
b,YOR1246,Yoruba,A,A,,A,1
b,YOR1247,Yoruba,C,C,,C,1
b,YOR1248,Yoruba,A,A,,A,1
b,YOR1249,Yoruba,B,B,,B,1
b,YOR1250,Yoruba,A,A,,A,1
b,YOR1251,Yoruba,C,D,,D,0
b,YOR1252,Yoruba,B,C,,C,0
b,YOR1253,Yoruba,D,A,,A,0
b,YOR1254,Yoruba,C,C,,C,1
b,YOR1256,Yoruba,C,D,,D,0
b,YOR1257,Yoruba,B,B,,B,1
b,YOR1258,Yoruba,A,D,,D,0
b,YOR1259,Yoruba,C,C,,C,1
b,YOR1263,Yoruba,C,A,,A,0
b,YOR1264,Yoruba,B,A,,A,0
b,YOR1265,Yoruba,B,B,,B,1
b,YOR1266,Yoruba,D,D,,D,1
b,YOR1267,Yoruba,B,B,,B,1
b,YOR1268,Yoruba,A,A,,A,1
b,YOR1269,Yoruba,B,B,,B,1
b,YOR1270,Yoruba,D,D,,D,1
b,YOR1271,Yoruba,B,B,,B,1
b,YOR1272,Yoruba,A,A,,A,1
b,YOR1273,Yoruba,A,A,,A,1
b,YOR1274,Yoruba,B,B,,B,1
b,YOR1275,Yoruba,B,B,,B,1
b,YOR1276,Yoruba,C,C,,C,1
b,YOR1277,Yoruba,B,B,,B,1
b,YOR1278,Yoruba,C,C,,C,1
b,YOR1279,Yoruba,D,A,,A,0
b,YOR1280,Yoruba,C,A,,A,0
b,YOR1281,Yoruba,D,A,,A,0
b,YOR1282,Yoruba,D,D,,D,1
b,YOR1283,Yoruba,D,A,,A,0
b,YOR1284,Yoruba,C,A,,A,0
b,YOR1285,Yoruba,C,A,,A,0
b,YOR1286,Yoruba,D,A,,A,0
b,YOR1287,Yoruba,D,D,,D,1
b,YOR1288,Yoruba,C,A,,A,0
b,YOR1289,Yoruba,D,D,,D,1
b,YOR1290,Yoruba,D,A,,A,0
b,YOR1291,Yoruba,C,A,A,A,0
b,YOR1292,Yoruba,C,D,,D,0
b,YOR1293,Yoruba,A,A,,A,1
b,YOR1294,Yoruba,A,A,,A,1
b,YOR1295,Yoruba,D,D,,D,1
b,YOR1296,Yoruba,C,C,,C,1
b,YOR1297,Yoruba,B,C,,C,0
b,YOR1298,Yoruba,C,B,,B,0
b,YOR1299,Yoruba,D,D,,D,1
b,YOR1300,Yoruba,C,C,,C,1
b,YOR1301,Yoruba,D,D,,D,1
b,YOR1302,Yoruba,D,D,,D,1
b,YOR1303,Yoruba,C,A,,A,0
b,YOR1304,Yoruba,C,C,,C,1
b,YOR1305,Yoruba,C,C,,C,1
b,YOR1306,Yoruba,A,A,,A,1
b,YOR1307,Yoruba,C,C,,C,1
b,YOR1308,Yoruba,A,A,,A,1
b,YOR1309,Yoruba,C,C,,C,1
b,YOR1310,Yoruba,A,A,,A,1
b,YOR1311,Yoruba,C,C,,C,1
b,YOR1312,Yoruba,D,D,,D,1
b,YOR1313,Yoruba,D,D,,D,1
b,YOR1314,Yoruba,B,B,,B,1
b,YOR1315,Yoruba,D,D,,D,1
b,YOR1316,Yoruba,B,B,,B,1
b,YOR1317,Yoruba,B,B,,B,1
b,YOR1318,Yoruba,B,B,,B,1
b,YOR1319,Yoruba,A,A,,A,1
b,YOR1320,Yoruba,B,B,,B,1
b,YOR1321,Yoruba,B,B,,B,1
b,YOR1322,Yoruba,B,B,,B,1
b,YOR1323,Yoruba,B,B,,B,1
b,YOR1324,Yoruba,D,D,,D,1
b,YOR1325,Yoruba,C,C,,C,1
b,YOR1326,Yoruba,A,A,,A,1
b,YOR1327,Yoruba,A,A,,A,1
b,YOR1328,Yoruba,C,C,,C,1
b,YOR1329,Yoruba,B,A,,A,0
b,YOR1330,Yoruba,A,A,,A,1
b,YOR1331,Yoruba,C,A,,A,0
b,YOR1332,Yoruba,D,A,,A,0
b,YOR1333,Yoruba,C,C,,C,1
b,YOR1334,Yoruba,A,A,,A,1
b,YOR1335,Yoruba,A,B,,B,0
b,YOR1336,Yoruba,D,D,,D,1
b,YOR1337,Yoruba,A,A,,A,1
b,YOR1338,Yoruba,,A,A,A,0
b,YOR1339,Yoruba,A,C,,C,0
b,YOR1340,Yoruba,B,B,,B,1
b,YOR1341,Yoruba,D,A,,A,0
b,YOR1342,Yoruba,B,B,,B,1
b,YOR1343,Yoruba,B,B,,B,1
b,YOR1344,Yoruba,B,A,,A,0
b,YOR1345,Yoruba,C,C,,C,1
b,YOR1346,Yoruba,C,C,,C,1
b,YOR1347,Yoruba,B,B,,B,1
b,YOR1348,Yoruba,D,D,,D,1
b,YOR1349,Yoruba,B,B,,B,1
b,YOR1350,Yoruba,C,C,,C,1
b,YOR1351,Yoruba,B,B,,B,1
b,YOR1352,Yoruba,A,B,,B,0
b,YOR1353,Yoruba,D,D,,D,1
b,YOR1354,Yoruba,B,B,,B,1
b,YOR1355,Yoruba,C,A,,A,0
b,YOR1356,Yoruba,C,D,,D,0
b,YOR1357,Yoruba,A,A,,A,1
b,YOR1358,Yoruba,A,A,,A,1
b,YOR1359,Yoruba,D,D,,D,1
b,YOR1360,Yoruba,A,A,,A,1
b,YOR1361,Yoruba,A,A,,A,1
b,YOR1362,Yoruba,A,A,,A,1
b,YOR1363,Yoruba,B,B,,B,1
b,YOR1364,Yoruba,D,D,,D,1
b,YOR1365,Yoruba,A,A,,A,1
b,YOR1366,Yoruba,A,A,,A,1
b,YOR1367,Yoruba,C,C,,C,1
b,YOR1369,Yoruba,A,A,A,A,1
b,YOR1370,Yoruba,C,C,,C,1
b,YOR1371,Yoruba,B,B,,B,1
b,YOR1372,Yoruba,C,C,,C,1
b,YOR1373,Yoruba,D,D,,D,1
b,YOR1374,Yoruba,A,A,,A,1
b,YOR1375,Yoruba,A,A,,A,1
b,YOR1376,Yoruba,C,C,,C,1
b,YOR1377,Yoruba,C,A,,A,0
b,YOR1378,Yoruba,A,A,,A,1
b,YOR1379,Yoruba,C,A,,A,0
b,YOR1380,Yoruba,D,D,,D,1
b,YOR1382,Yoruba,A,A,,A,1
b,YOR1383,Yoruba,C,C,,C,1
b,YOR1384,Yoruba,C,C,,C,1
b,YOR1385,Yoruba,B,B,,B,1
b,YOR1386,Yoruba,C,C,,C,1
b,YOR1387,Yoruba,C,C,,C,1
b,YOR1388,Yoruba,A,A,,A,1
b,YOR1389,Yoruba,B,B,,B,1
b,YOR1390,Yoruba,C,D,,D,0
b,YOR1391,Yoruba,D,D,,D,1
b,YOR1392,Yoruba,D,B,,B,0
b,YOR1393,Yoruba,C,C,,C,1
b,YOR1394,Yoruba,B,B,,B,1
b,YOR1395,Yoruba,C,C,,C,1
b,YOR1396,Yoruba,D,D,,D,1
b,YOR1397,Yoruba,A,A,,A,1
b,YOR1398,Yoruba,A,A,,A,1
b,YOR1399,Yoruba,D,A,,A,0
b,YOR1400,Yoruba,C,A,,A,0
b,YOR1401,Yoruba,B,B,,B,1
b,YOR1402,Yoruba,D,D,,D,1
b,YOR1403,Yoruba,A,A,,A,1
b,YOR1404,Yoruba,C,C,,C,1
b,YOR1405,Yoruba,C,C,,C,1
b,YOR1406,Yoruba,A,A,,A,1
b,YOR1407,Yoruba,D,A,,A,0
b,YOR1409,Yoruba,C,C,,C,1
b,YOR1410,Yoruba,B,B,,B,1
b,YOR1411,Yoruba,D,A,,A,0
b,YOR1412,Yoruba,A,A,,A,1
b,YOR1413,Yoruba,D,C,,C,0
b,YOR1414,Yoruba,B,B,,B,1
b,YOR1415,Yoruba,C,C,,C,1
b,YOR1416,Yoruba,D,A,,A,0
b,YOR1417,Yoruba,D,C,,C,0
b,YOR1418,Yoruba,D,D,,D,1
b,YOR1420,Yoruba,A,A,,A,1
b,YOR1421,Yoruba,A,A,,A,1
b,YOR1422,Yoruba,,A,A,A,0
b,YOR1423,Yoruba,C,A,,A,0
b,YOR1424,Yoruba,B,A,,A,0
b,YOR1425,Yoruba,B,A,,A,0
b,YOR1426,Yoruba,A,A,,A,1
b,YOR1427,Yoruba,D,D,,D,1
b,YOR1428,Yoruba,A,A,,A,1
b,YOR1429,Yoruba,D,A,,A,0
b,YOR1430,Yoruba,B,A,,A,0
b,YOR1431,Yoruba,B,B,,B,1
b,YOR1432,Yoruba,C,C,,C,1
b,YOR1433,Yoruba,B,B,,B,1
b,YOR1434,Yoruba,D,A,,A,0
b,YOR1435,Yoruba,,A,A,A,0
b,YOR1436,Yoruba,D,D,,D,1
b,YOR1437,Yoruba,D,D,,D,1
b,YOR1438,Yoruba,D,D,,D,1
b,YOR1439,Yoruba,D,D,,D,1
b,YOR1440,Yoruba,A,B,,B,0
b,YOR1441,Yoruba,D,D,,D,1
b,YOR1442,Yoruba,D,A,,A,0
b,YOR1443,Yoruba,D,D,,D,1
b,YOR1444,Yoruba,D,B,,B,0
b,YOR1446,Yoruba,C,C,,C,1
b,YOR1447,Yoruba,A,A,,A,1
b,YOR1448,Yoruba,C,A,,A,0
b,YOR1449,Yoruba,A,B,,B,0
b,YOR1450,Yoruba,C,C,,C,1
b,YOR1451,Yoruba,B,B,,B,1
b,YOR1452,Yoruba,B,A,,A,0
b,YOR1453,Yoruba,A,A,,A,1
b,YOR1454,Yoruba,B,B,,B,1
b,YOR1455,Yoruba,A,A,,A,1
b,YOR1456,Yoruba,A,A,,A,1
b,YOR1457,Yoruba,C,C,,C,1
b,YOR1458,Yoruba,B,B,,B,1
b,YOR1459,Yoruba,A,A,,A,1
b,YOR1460,Yoruba,A,A,,A,1
b,YOR1461,Yoruba,A,A,,A,1
b,YOR1462,Yoruba,D,A,,A,0
b,YOR1463,Yoruba,D,A,,A,0
b,YOR1464,Yoruba,C,C,,C,1
b,YOR1465,Yoruba,B,A,,A,0
b,YOR1466,Yoruba,B,A,,A,0
b,YOR1467,Yoruba,D,D,,D,1
b,YOR1468,Yoruba,B,B,,B,1
b,YOR1469,Yoruba,A,D,,D,0
b,YOR1470,Yoruba,B,B,,B,1
b,YOR1471,Yoruba,A,D,,D,0
b,YOR1472,Yoruba,C,A,,A,0
b,YOR1473,Yoruba,D,A,,A,0
b,YOR1474,Yoruba,D,B,,B,0
b,YOR1475,Yoruba,C,A,,A,0
b,YOR1476,Yoruba,D,C,,C,0
b,YOR1478,Yoruba,A,D,,D,0
b,YOR1479,Yoruba,B,B,,B,1
b,YOR1480,Yoruba,D,D,,D,1
b,YOR1481,Yoruba,B,B,,B,1
b,YOR1482,Yoruba,A,A,,A,1
b,YOR1483,Yoruba,D,D,,D,1
b,YOR1484,Yoruba,A,A,,A,1
b,YOR1485,Yoruba,D,D,,D,1
b,YOR1486,Yoruba,D,D,,D,1
b,YOR1487,Yoruba,D,D,,D,1
b,YOR1488,Yoruba,A,A,,A,1
b,YOR1489,Yoruba,C,C,,C,1
b,YOR1490,Yoruba,D,D,,D,1
b,YOR1491,Yoruba,C,D,,D,0
b,YOR1492,Yoruba,D,D,,D,1
b,YOR1493,Yoruba,A,A,,A,1
b,YOR1494,Yoruba,C,C,,C,1
b,YOR1495,Yoruba,D,D,,D,1
b,YOR1496,Yoruba,D,B,,B,0
b,YOR1497,Yoruba,C,C,,C,1
b,YOR1498,Yoruba,B,A,,A,0
b,YOR1499,Yoruba,C,C,,C,1
b,YOR1500,Yoruba,D,A,,A,0
b,YOR1501,Yoruba,A,A,,A,1
b,YOR1502,Yoruba,A,A,,A,1
b,YOR1503,Yoruba,A,A,,A,1
b,YOR1504,Yoruba,A,A,,A,1
b,YOR1505,Yoruba,D,A,,A,0
b,YOR1506,Yoruba,D,D,,D,1
b,YOR1507,Yoruba,B,B,,B,1
b,YOR1508,Yoruba,D,D,,D,1
b,YOR1509,Yoruba,D,D,,D,1
b,YOR1510,Yoruba,A,A,,A,1
b,YOR1511,Yoruba,A,A,,A,1
b,YOR1512,Yoruba,B,B,,B,1
b,YOR1513,Yoruba,A,A,,A,1
b,YOR1514,Yoruba,A,A,,A,1
b,YOR1515,Yoruba,A,A,,A,1
b,YOR1516,Yoruba,A,A,,A,1
b,YOR1517,Yoruba,C,C,,C,1
b,YOR1518,Yoruba,D,D,,D,1
b,YOR1519,Yoruba,B,B,,B,1
b,YOR1520,Yoruba,A,A,,A,1
b,YOR1521,Yoruba,A,D,,D,0
b,YOR1522,Yoruba,B,A,,A,0
b,YOR1523,Yoruba,B,B,,B,1
b,YOR1524,Yoruba,C,D,,D,0
b,YOR1525,Yoruba,A,A,,A,1
b,YOR1526,Yoruba,C,A,,A,0
b,YOR1528,Yoruba,C,A,,A,0
b,YOR1529,Yoruba,C,A,A,A,0
b,YOR1530,Yoruba,B,B,,B,1
b,YOR1531,Yoruba,A,A,,A,1
b,YOR1532,Yoruba,C,A,A,A,0
b,YOR1533,Yoruba,C,,A,,0
b,YOR1534,Yoruba,D,D,,D,1
b,YOR1535,Yoruba,,A,A,A,0
b,YOR1536,Yoruba,D,A,A,A,0
b,YOR1537,Yoruba,A,A,A,A,1
b,YOR1538,Yoruba,A,A,,A,1
b,YOR1539,Yoruba,B,B,,B,1
b,YOR1540,Yoruba,D,A,,A,0
b,YOR1541,Yoruba,C,C,,C,1
b,YOR1542,Yoruba,B,B,,B,1
b,YOR1543,Yoruba,B,B,,B,1
b,YOR1544,Yoruba,D,D,,D,1
b,YOR1545,Yoruba,A,B,,B,0
b,YOR1547,Yoruba,B,B,,B,1
b,YOR1548,Yoruba,B,B,,B,1
b,YOR1549,Yoruba,A,A,,A,1
b,YOR1550,Yoruba,D,D,,D,1
b,YOR1551,Yoruba,D,A,,A,0
b,YOR1552,Yoruba,B,A,,A,0
b,YOR1553,Yoruba,B,A,,A,0
b,YOR1555,Yoruba,B,B,,B,1
b,YOR1557,Yoruba,C,C,,C,1
b,YOR1558,Yoruba,B,A,,A,0
b,YOR1559,Yoruba,C,C,,C,1
b,YOR1560,Yoruba,C,C,,C,1
b,YOR1561,Yoruba,D,D,,D,1
b,YOR1562,Yoruba,A,A,,A,1
b,YOR1563,Yoruba,D,D,,D,1
b,YOR1565,Yoruba,C,C,,C,1
b,YOR1566,Yoruba,C,C,,C,1
b,YOR1568,Yoruba,A,A,,A,1
b,YOR1569,Yoruba,C,,A,,0
b,YOR1570,Yoruba,D,A,,A,0
b,YOR1571,Yoruba,D,D,,D,1
b,YOR1572,Yoruba,A,A,,A,1
b,YOR1574,Yoruba,D,D,,D,1
b,YOR1575,Yoruba,D,A,,A,0
b,YOR1576,Yoruba,C,C,,C,1
b,YOR1577,Yoruba,C,,A,,0
b,YOR1578,Yoruba,D,A,,A,0
b,YOR1579,Yoruba,A,A,,A,1
b,YOR1580,Yoruba,B,B,,B,1
b,YOR1581,Yoruba,,A,A,A,0
b,YOR1582,Yoruba,D,D,,D,1
b,YOR1583,Yoruba,D,C,,C,0
b,YOR1585,Yoruba,B,B,,B,1
b,YOR1586,Yoruba,A,A,A,A,1
b,YOR1587,Yoruba,D,D,,D,1
b,YOR1589,Yoruba,A,A,,A,1
b,YOR1590,Yoruba,B,B,,B,1
b,YOR1591,Yoruba,D,D,,D,1
b,YOR1592,Yoruba,B,B,B,B,1
b,YOR1593,Yoruba,C,B,,B,0
b,YOR1594,Yoruba,A,A,,A,1
b,YOR1595,Yoruba,B,B,,B,1
b,YOR1596,Yoruba,B,,B,,0
b,YOR1597,Yoruba,D,D,,D,1
b,YOR1598,Yoruba,A,A,,A,1
b,YOR1599,Yoruba,A,,B,,0
b,YOR1600,Yoruba,D,,B,,0
b,YOR1601,Yoruba,D,D,,D,1
b,YOR1602,Yoruba,C,,B,,0
b,YOR1603,Yoruba,D,C,,C,0
b,YOR1604,Yoruba,C,,B,,0
b,YOR1605,Yoruba,C,C,,C,1
b,YOR1606,Yoruba,A,A,,A,1
b,YOR1607,Yoruba,A,A,,A,1
b,YOR1608,Yoruba,C,C,,C,1
b,YOR1609,Yoruba,C,C,,C,1
b,YOR1610,Yoruba,A,A,,A,1
b,YOR1611,Yoruba,D,D,,D,1
b,YOR1612,Yoruba,A,A,,A,1
b,YOR1613,Yoruba,B,B,,B,1
b,YOR1614,Yoruba,B,B,,B,1
b,YOR1615,Yoruba,D,D,,D,1
b,YOR1616,Yoruba,D,D,,D,1
b,YOR1617,Yoruba,B,B,,B,1
b,YOR1618,Yoruba,,A,A,A,0
b,YOR1619,Yoruba,C,A,,A,0
b,YOR1620,Yoruba,D,D,,D,1
b,YOR1621,Yoruba,C,C,,C,1
b,YOR1622,Yoruba,B,B,,B,1
b,YOR1623,Yoruba,B,B,,B,1
b,YOR1624,Yoruba,A,A,,A,1
b,YOR1625,Yoruba,D,A,,A,0
b,YOR1626,Yoruba,B,A,,A,0
b,YOR1627,Yoruba,C,C,,C,1
b,YOR1628,Yoruba,C,C,,C,1
b,YOR1629,Yoruba,D,D,,D,1
b,YOR1630,Yoruba,C,C,,C,1
b,YOR1631,Yoruba,C,C,,C,1
b,YOR1632,Yoruba,C,C,,C,1
b,YOR1634,Yoruba,C,C,,C,1
b,YOR1635,Yoruba,C,A,,A,0
b,YOR1636,Yoruba,C,A,,A,0
b,YOR1637,Yoruba,C,C,,C,1
b,YOR1638,Yoruba,A,A,,A,1
b,YOR1639,Yoruba,A,A,,A,1
b,YOR1640,Yoruba,C,C,,C,1
b,YOR1641,Yoruba,A,A,,A,1
b,YOR1642,Yoruba,A,A,,A,1
b,YOR1643,Yoruba,B,B,,B,1
b,YOR1644,Yoruba,D,A,,A,0
b,YOR1645,Yoruba,B,D,,D,0
b,YOR1646,Yoruba,D,D,,D,1
b,YOR1647,Yoruba,D,B,,B,0
b,YOR1648,Yoruba,D,D,,D,1
b,YOR1649,Yoruba,C,C,,C,1
b,YOR1650,Yoruba,A,A,,A,1
b,YOR1651,Yoruba,C,C,,C,1
b,YOR1652,Yoruba,D,D,,D,1
b,YOR1653,Yoruba,D,A,,A,0
b,YOR1654,Yoruba,B,B,,B,1
b,YOR1655,Yoruba,D,D,,D,1
b,YOR1656,Yoruba,D,D,,D,1
b,YOR1657,Yoruba,D,D,,D,1
b,YOR1658,Yoruba,D,D,,D,1
b,YOR1659,Yoruba,A,A,,A,1
b,YOR1660,Yoruba,A,A,,A,1
b,YOR1661,Yoruba,B,B,,B,1
b,YOR1662,Yoruba,D,D,,D,1
b,YOR1663,Yoruba,B,B,,B,1
b,YOR1664,Yoruba,B,A,,A,0
b,YOR1665,Yoruba,B,C,,C,0
b,YOR1666,Yoruba,C,C,,C,1
b,YOR1667,Yoruba,C,B,,B,0
b,YOR1668,Yoruba,B,B,,B,1
b,YOR1669,Yoruba,A,A,,A,1
b,YOR1670,Yoruba,C,C,,C,1
b,YOR1671,Yoruba,A,D,,D,0
b,YOR1672,Yoruba,B,A,,A,0
b,YOR1673,Yoruba,D,D,,D,1
b,YOR1674,Yoruba,,A,A,A,0
b,YOR1675,Yoruba,C,C,,C,1
b,YOR1676,Yoruba,A,A,,A,1
b,YOR1677,Yoruba,A,B,,B,0
b,YOR1678,Yoruba,C,C,,C,1
b,YOR1679,Yoruba,D,D,,D,1
b,YOR1680,Yoruba,C,C,,C,1
b,YOR1681,Yoruba,B,B,,B,1
b,YOR1682,Yoruba,C,C,,C,1
b,YOR1683,Yoruba,B,B,,B,1
b,YOR1684,Yoruba,C,C,,C,1
b,YOR1685,Yoruba,B,A,,A,0
b,YOR1686,Yoruba,A,A,,A,1
b,YOR1687,Yoruba,D,A,,A,0
b,YOR1688,Yoruba,D,D,,D,1
b,YOR1689,Yoruba,,A,A,A,0
b,YOR1690,Yoruba,D,A,,A,0
b,YOR1691,Yoruba,C,C,,C,1
b,YOR1692,Yoruba,B,A,,A,0
b,YOR1693,Yoruba,C,A,,A,0
b,YOR1694,Yoruba,D,D,,D,1
b,YOR1695,Yoruba,B,B,,B,1
b,YOR1696,Yoruba,D,D,,D,1
b,YOR1697,Yoruba,B,C,,C,0
b,YOR1698,Yoruba,A,A,,A,1
b,YOR1699,Yoruba,A,A,,A,1
b,YOR1700,Yoruba,D,A,,A,0
b,YOR1701,Yoruba,D,D,,D,1
b,YOR1702,Yoruba,B,D,,D,0
b,YOR1703,Yoruba,B,B,,B,1
b,YOR1704,Yoruba,D,A,,A,0
b,YOR1705,Yoruba,C,A,,A,0
b,YOR1706,Yoruba,D,A,,A,0
b,YOR1707,Yoruba,D,D,,D,1
b,YOR1708,Yoruba,C,A,,A,0
b,YOR1709,Yoruba,,A,A,A,0
b,YOR1710,Yoruba,A,A,,A,1
b,YOR1711,Yoruba,D,D,,D,1
b,YOR1712,Yoruba,D,A,,A,0
b,YOR1713,Yoruba,A,B,,B,0
b,YOR1714,Yoruba,D,D,,D,1
b,YOR1715,Yoruba,D,D,,D,1
b,YOR1716,Yoruba,B,D,,D,0
b,YOR1717,Yoruba,D,D,,D,1
b,YOR1718,Yoruba,A,A,,A,1
b,YOR1719,Yoruba,C,A,,A,0
b,YOR1720,Yoruba,D,D,,D,1
b,YOR1721,Yoruba,C,C,,C,1
b,YOR1722,Yoruba,D,D,,D,1
b,YOR1723,Yoruba,A,A,,A,1
b,YOR1724,Yoruba,B,A,,A,0
b,YOR1726,Yoruba,A,A,,A,1
b,YOR1727,Yoruba,C,D,,D,0
b,YOR1728,Yoruba,C,C,,C,1
b,YOR1729,Yoruba,B,A,,A,0
b,YOR1730,Yoruba,C,A,,A,0
b,YOR1731,Yoruba,D,D,,D,1
b,YOR1733,Yoruba,C,C,,C,1
b,YOR1734,Yoruba,A,A,,A,1
b,YOR1735,Yoruba,C,C,,C,1
b,YOR1736,Yoruba,B,B,,B,1
b,YOR1737,Yoruba,C,D,,D,0
b,YOR1739,Yoruba,A,A,,A,1
b,YOR1740,Yoruba,D,D,,D,1
b,YOR1741,Yoruba,A,A,,A,1
b,YOR1742,Yoruba,A,D,,D,0
b,YOR1743,Yoruba,B,B,,B,1
b,YOR1744,Yoruba,C,C,,C,1
b,YOR1745,Yoruba,B,B,,B,1
b,YOR1746,Yoruba,C,A,,A,0
b,YOR1747,Yoruba,D,D,,D,1
b,YOR1749,Yoruba,C,A,,A,0
b,YOR1750,Yoruba,C,A,A,A,0
b,YOR1751,Yoruba,D,,A,,0
b,YOR1752,Yoruba,C,C,,C,1
b,YOR1754,Yoruba,A,A,,A,1
b,YOR1755,Yoruba,C,C,,C,1
b,YOR1756,Yoruba,B,A,,A,0
b,YOR1757,Yoruba,B,B,,B,1
b,YOR1758,Yoruba,A,A,,A,1
b,YOR1759,Yoruba,,A,A,A,0
b,YOR1760,Yoruba,A,A,,A,1
b,YOR1761,Yoruba,B,B,,B,1
b,YOR1762,Yoruba,D,D,,D,1
b,YOR1763,Yoruba,A,A,,A,1
b,YOR1764,Yoruba,B,A,,A,0
b,YOR1765,Yoruba,A,A,,A,1
b,YOR1766,Yoruba,B,B,,B,1
b,YOR1767,Yoruba,D,D,,D,1
b,YOR1768,Yoruba,C,C,,C,1
b,YOR1769,Yoruba,D,D,,D,1
b,YOR1770,Yoruba,D,D,,D,1
b,YOR1771,Yoruba,D,D,,D,1
b,YOR1772,Yoruba,C,C,,C,1
b,YOR1773,Yoruba,A,A,,A,1
b,YOR1774,Yoruba,A,A,,A,1
b,YOR1775,Yoruba,C,C,,C,1
b,YOR1776,Yoruba,D,A,,A,0
b,YOR1777,Yoruba,C,C,,C,1
b,YOR1778,Yoruba,A,C,,C,0
b,YOR1779,Yoruba,D,D,,D,1
b,YOR1780,Yoruba,C,C,,C,1
b,YOR1782,Yoruba,B,A,,A,0
b,YOR1783,Yoruba,B,A,,A,0
b,YOR1784,Yoruba,C,A,,A,0
b,YOR1785,Yoruba,D,C,,C,0
b,YOR1786,Yoruba,D,D,,D,1
b,YOR1787,Yoruba,D,A,,A,0
b,YOR1789,Yoruba,C,A,,A,0
b,YOR1790,Yoruba,D,A,,A,0
b,YOR1791,Yoruba,A,A,,A,1
b,YOR1792,Yoruba,C,A,,A,0
b,YOR1793,Yoruba,A,A,,A,1
b,YOR1794,Yoruba,C,C,,C,1
b,YOR1795,Yoruba,A,A,,A,1
b,YOR1796,Yoruba,C,A,,A,0
b,YOR1797,Yoruba,A,A,,A,1
b,YOR1798,Yoruba,B,B,,B,1
b,YOR1799,Yoruba,D,D,,D,1
b,YOR1800,Yoruba,A,A,,A,1
b,YOR1801,Yoruba,,A,A,A,0
b,YOR1802,Yoruba,C,C,,C,1
b,YOR1803,Yoruba,C,C,,C,1
b,YOR1804,Yoruba,A,A,,A,1
b,YOR1805,Yoruba,C,C,,C,1
b,YOR1807,Yoruba,C,A,,A,0
b,YOR1808,Yoruba,A,A,,A,1
b,YOR1809,Yoruba,D,D,,D,1
b,YOR1810,Yoruba,A,A,,A,1
b,YOR1811,Yoruba,C,C,,C,1
b,YOR1812,Yoruba,C,C,,C,1
b,YOR1813,Yoruba,B,D,,D,0
b,YOR1814,Yoruba,D,D,,D,1
b,YOR1815,Yoruba,A,A,,A,1
b,YOR1816,Yoruba,D,D,,D,1
b,YOR1817,Yoruba,A,A,,A,1
b,YOR1818,Yoruba,B,B,,B,1
b,YOR1819,Yoruba,A,A,,A,1
b,YOR1820,Yoruba,D,A,,A,0
b,YOR1821,Yoruba,A,C,,C,0
b,YOR1822,Yoruba,A,A,,A,1
b,YOR1823,Yoruba,B,B,,B,1
b,YOR1824,Yoruba,B,A,,A,0
b,YOR1825,Yoruba,C,C,,C,1
b,YOR1826,Yoruba,A,A,,A,1
b,YOR1827,Yoruba,A,A,,A,1
b,YOR1828,Yoruba,D,D,,D,1
b,YOR1829,Yoruba,D,D,,D,1
b,YOR1830,Yoruba,B,B,,B,1
b,YOR1831,Yoruba,A,A,,A,1
b,YOR1832,Yoruba,A,A,,A,1
b,YOR1833,Yoruba,D,D,,D,1
b,YOR1834,Yoruba,A,A,,A,1
b,YOR1835,Yoruba,D,D,,D,1
b,YOR1836,Yoruba,A,A,,A,1
b,YOR1837,Yoruba,B,B,,B,1
b,YOR1838,Yoruba,D,D,,D,1
b,YOR1839,Yoruba,A,B,,B,0
b,YOR1840,Yoruba,C,C,,C,1
b,YOR1841,Yoruba,B,A,,A,0
b,YOR1842,Yoruba,A,A,,A,1
b,YOR1843,Yoruba,A,B,,B,0
b,YOR1844,Yoruba,D,D,,D,1
b,YOR1846,Yoruba,A,A,,A,1
b,YOR1847,Yoruba,C,C,,C,1
b,YOR1849,Yoruba,,A,A,A,0
b,YOR1850,Yoruba,D,D,,D,1
b,YOR1851,Yoruba,C,C,,C,1
b,YOR1852,Yoruba,C,B,,B,0
b,YOR1853,Yoruba,C,B,,B,0
b,YOR1854,Yoruba,C,C,,C,1
b,YOR1855,Yoruba,C,C,,C,1
b,YOR1856,Yoruba,C,C,,C,1
b,YOR1857,Yoruba,A,A,,A,1
b,YOR1858,Yoruba,A,A,,A,1
b,YOR1860,Yoruba,A,A,,A,1
b,YOR1861,Yoruba,B,B,,B,1
b,YOR1862,Yoruba,C,C,,C,1
b,YOR1863,Yoruba,B,B,,B,1
b,YOR1864,Yoruba,D,A,,A,0
b,YOR1865,Yoruba,C,C,,C,1
b,YOR1866,Yoruba,C,C,,C,1
b,YOR1867,Yoruba,D,D,,D,1
b,YOR1868,Yoruba,C,C,,C,1
b,YOR1869,Yoruba,A,A,,A,1
b,YOR1870,Yoruba,,A,A,A,0
b,YOR1871,Yoruba,C,C,,C,1
b,YOR1872,Yoruba,D,A,,A,0
b,YOR1873,Yoruba,C,C,,C,1
b,YOR1874,Yoruba,A,A,,A,1
b,YOR1875,Yoruba,B,B,,B,1
b,YOR1876,Yoruba,C,A,,A,0
b,YOR1877,Yoruba,C,A,,A,0
b,YOR1878,Yoruba,B,B,,B,1
b,YOR1879,Yoruba,C,C,,C,1
b,YOR1880,Yoruba,B,B,,B,1
b,YOR1881,Yoruba,A,A,,A,1
b,YOR1882,Yoruba,D,D,,D,1
b,YOR1884,Yoruba,D,D,,D,1
b,YOR1885,Yoruba,B,B,,B,1
b,YOR1886,Yoruba,D,D,,D,1
b,YOR1887,Yoruba,A,A,,A,1
b,YOR1888,Yoruba,B,B,,B,1
b,YOR1889,Yoruba,B,A,,A,0
b,YOR1890,Yoruba,A,A,,A,1
b,YOR1891,Yoruba,A,A,,A,1
b,YOR1892,Yoruba,D,D,,D,1
b,YOR1893,Yoruba,C,C,,C,1
b,YOR1894,Yoruba,D,,B,,0
b,YOR1895,Yoruba,C,A,,A,0
b,YOR1896,Yoruba,B,B,,B,1
b,YOR1897,Yoruba,A,A,,A,1
b,YOR1898,Yoruba,C,C,,C,1
b,YOR1899,Yoruba,C,C,,C,1
b,YOR1900,Yoruba,C,C,,C,1
b,YOR1901,Yoruba,B,B,,B,1
b,YOR1902,Yoruba,A,D,,D,0
b,YOR1903,Yoruba,C,A,,A,0
b,YOR1904,Yoruba,C,C,,C,1
b,YOR1905,Yoruba,C,A,,A,0
b,YOR1906,Yoruba,C,A,,A,0
b,YOR1907,Yoruba,D,A,,A,0
b,YOR1908,Yoruba,B,B,,B,1
b,YOR1909,Yoruba,A,A,,A,1
b,YOR1910,Yoruba,A,A,,A,1
b,YOR1911,Yoruba,D,A,,A,0
b,YOR1912,Yoruba,C,A,,A,0
b,YOR1913,Yoruba,D,D,,D,1
b,YOR1914,Yoruba,B,B,,B,1
b,YOR1915,Yoruba,C,C,,C,1
b,YOR1916,Yoruba,A,A,,A,1
b,YOR1917,Yoruba,D,D,,D,1
b,YOR1918,Yoruba,B,B,,B,1
b,YOR1919,Yoruba,C,A,,A,0
b,YOR1920,Yoruba,A,A,,A,1
b,YOR1921,Yoruba,C,A,,A,0
b,YOR1922,Yoruba,C,C,,C,1
b,YOR1923,Yoruba,B,B,,B,1
b,YOR1924,Yoruba,C,C,,C,1
b,YOR1925,Yoruba,C,A,,A,0
b,YOR1926,Yoruba,A,A,,A,1
b,YOR1927,Yoruba,A,A,,A,1
b,YOR1928,Yoruba,B,A,,A,0
b,YOR1929,Yoruba,A,A,,A,1
b,YOR1930,Yoruba,D,D,,D,1
b,YOR1931,Yoruba,C,A,,A,0
b,YOR1932,Yoruba,A,A,,A,1
b,YOR1933,Yoruba,D,A,,A,0
b,YOR1934,Yoruba,C,A,,A,0
b,YOR1935,Yoruba,B,B,B,B,1
b,YOR1936,Yoruba,C,A,,A,0
b,YOR1937,Yoruba,A,C,,C,0
b,YOR1938,Yoruba,C,,B,,0
b,YOR1939,Yoruba,A,D,,D,0
b,YOR1940,Yoruba,B,A,,A,0
b,YOR1941,Yoruba,D,D,,D,1
b,YOR1942,Yoruba,B,B,,B,1
b,YOR1943,Yoruba,A,C,,C,0
b,YOR1944,Yoruba,,A,A,A,0
b,YOR1945,Yoruba,B,A,,A,0
b,YOR1946,Yoruba,A,A,,A,1
b,YOR1947,Yoruba,C,,B,,0
b,YOR1948,Yoruba,D,A,,A,0
b,YOR1950,Yoruba,C,C,,C,1
b,YOR1951,Yoruba,B,B,,B,1
b,YOR1952,Yoruba,C,C,,C,1
b,YOR1953,Yoruba,D,D,,D,1
b,YOR1954,Yoruba,B,B,,B,1
b,YOR1956,Yoruba,A,B,,B,0
b,YOR1957,Yoruba,C,A,,A,0
b,YOR1958,Yoruba,A,A,,A,1
b,YOR1959,Yoruba,D,D,,D,1
b,YOR1960,Yoruba,B,B,,B,1
b,YOR1961,Yoruba,D,D,,D,1
b,YOR1962,Yoruba,B,C,,C,0
b,YOR1963,Yoruba,C,C,,C,1
b,YOR1964,Yoruba,B,D,,D,0
b,YOR1965,Yoruba,C,C,,C,1
b,YOR1966,Yoruba,D,A,,A,0
b,YOR1967,Yoruba,C,C,,C,1
b,YOR1968,Yoruba,A,A,,A,1
b,YOR1969,Yoruba,D,D,,D,1
b,YOR1970,Yoruba,B,B,,B,1
b,YOR1972,Yoruba,A,B,,B,0
b,YOR1973,Yoruba,B,A,,A,0
b,YOR1974,Yoruba,B,A,,A,0
b,YOR1975,Yoruba,A,A,,A,1
b,YOR1976,Yoruba,D,D,,D,1
b,YOR1977,Yoruba,D,D,,D,1
b,YOR1978,Yoruba,D,A,,A,0
b,YOR1979,Yoruba,C,B,,B,0
b,YOR1980,Yoruba,C,C,,C,1
b,YOR1981,Yoruba,A,A,,A,1
b,YOR1982,Yoruba,B,A,A,A,0
b,YOR1983,Yoruba,B,,A,,0
b,YOR1984,Yoruba,D,A,,A,0
b,YOR1985,Yoruba,A,A,,A,1
b,YOR1986,Yoruba,B,C,,C,0
b,YOR1987,Yoruba,B,B,,B,1
b,YOR1988,Yoruba,A,D,,D,0
b,YOR1989,Yoruba,B,D,,D,0
b,YOR1990,Yoruba,D,A,,A,0
b,YOR1991,Yoruba,D,D,,D,1
b,YOR1992,Yoruba,B,A,,A,0
b,YOR1993,Yoruba,B,B,,B,1
b,YOR1994,Yoruba,D,D,,D,1
b,YOR1995,Yoruba,A,A,,A,1
b,YOR1996,Yoruba,C,A,,A,0
b,YOR1997,Yoruba,D,A,,A,0
b,YOR1998,Yoruba,A,A,,A,1
b,YOR1999,Yoruba,,A,A,A,0
b,YOR2000,Yoruba,A,,B,,0
b,YOR2001,Yoruba,B,B,,B,1
b,YOR2002,Yoruba,,A,A,A,0
b,YOR2003,Yoruba,A,A,,A,1
b,YOR2004,Yoruba,A,A,,A,1
b,YOR2007,Yoruba,B,B,,B,1
b,YOR2008,Yoruba,B,D,,D,0
b,YOR2009,Yoruba,D,D,,D,1
b,YOR2010,Yoruba,C,C,,C,1
b,YOR_REC_0,Yoruba,,A,A,A,0
b,YOR2011,Yoruba,D,D,,D,1
b,YOR2012,Yoruba,B,A,,A,0
b,YOR2013,Yoruba,D,D,,D,1
b,YOR2014,Yoruba,B,A,,A,0
b,YOR2015,Yoruba,D,D,,D,1
b,YOR2016,Yoruba,D,A,,A,0
b,YOR2018,Yoruba,D,D,,D,1
b,YOR2019,Yoruba,D,D,,D,1
b,YOR2021,Yoruba,A,A,,A,1
b,YOR2022,Yoruba,A,A,,A,1
b,YOR2023,Yoruba,C,C,,C,1
b,YOR2024,Yoruba,C,C,,C,1
b,YOR2026,Yoruba,C,C,,C,1
b,YOR2027,Yoruba,A,A,,A,1
b,YOR2028,Yoruba,B,A,,A,0
b,YOR2029,Yoruba,D,A,,A,0
b,YOR2030,Yoruba,C,C,,C,1
b,YOR2031,Yoruba,D,C,,C,0
b,YOR2032,Yoruba,A,A,,A,1
b,YOR2033,Yoruba,B,B,,B,1
b,YOR2034,Yoruba,D,D,,D,1
b,YOR2035,Yoruba,B,B,,B,1
b,YOR2036,Yoruba,D,D,,D,1
b,YOR2037,Yoruba,A,A,,A,1
b,YOR2038,Yoruba,B,B,,B,1
b,YOR2039,Yoruba,B,A,,A,0
b,YOR2041,Yoruba,B,A,,A,0
b,YOR2042,Yoruba,A,A,,A,1
b,YOR2043,Yoruba,C,C,,C,1
b,YOR2044,Yoruba,B,A,,A,0
b,YOR2045,Yoruba,C,C,,C,1
b,YOR2046,Yoruba,B,B,,B,1
b,YOR2047,Yoruba,C,A,,A,0
b,YOR2048,Yoruba,B,B,,B,1
b,YOR2049,Yoruba,C,C,,C,1
b,YOR2050,Yoruba,B,B,,B,1
b,YOR2051,Yoruba,B,B,,B,1
b,YOR2052,Yoruba,A,A,,A,1
b,YOR2053,Yoruba,A,A,,A,1
b,YOR2054,Yoruba,C,D,,D,0
b,YOR2055,Yoruba,C,C,,C,1
b,YOR2056,Yoruba,C,A,,A,0
b,YOR2057,Yoruba,D,A,,A,0
b,YOR2058,Yoruba,D,D,,D,1
b,YOR2059,Yoruba,B,A,,A,0
b,YOR2060,Yoruba,B,D,,D,0
b,YOR2061,Yoruba,A,A,,A,1
b,YOR2062,Yoruba,B,B,,B,1
b,YOR2063,Yoruba,B,B,,B,1
b,YOR2064,Yoruba,A,A,,A,1
b,YOR2065,Yoruba,D,D,,D,1
b,YOR2066,Yoruba,D,D,,D,1
b,YOR2067,Yoruba,,A,A,A,0
b,YOR2068,Yoruba,D,A,,A,0
b,YOR2069,Yoruba,C,A,,A,0
b,YOR2070,Yoruba,B,C,,C,0
b,YOR2071,Yoruba,C,A,,A,0
b,YOR2072,Yoruba,C,A,,A,0
b,YOR2073,Yoruba,D,A,,A,0
b,YOR2075,Yoruba,A,A,,A,1
b,YOR2076,Yoruba,C,C,,C,1
b,YOR2077,Yoruba,D,D,,D,1
b,YOR2078,Yoruba,D,B,,B,0
b,YOR2079,Yoruba,C,A,,A,0
b,YOR2081,Yoruba,,A,A,A,0
b,YOR2083,Yoruba,B,B,,B,1
b,YOR2084,Yoruba,A,D,,D,0
b,YOR2085,Yoruba,C,D,,D,0
b,YOR2086,Yoruba,A,A,,A,1
b,YOR2087,Yoruba,D,D,,D,1
b,YOR2088,Yoruba,B,A,,A,0
b,YOR2089,Yoruba,A,A,A,A,1
b,YOR2090,Yoruba,C,C,,C,1
b,YOR2091,Yoruba,B,A,,A,0
b,YOR2092,Yoruba,C,C,,C,1
b,YOR2093,Yoruba,C,C,,C,1
b,YOR2094,Yoruba,D,D,,D,1
b,YOR2095,Yoruba,D,D,,D,1
b,YOR2096,Yoruba,A,A,,A,1
b,YOR2097,Yoruba,C,D,,D,0
b,YOR2098,Yoruba,A,A,A,A,1
b,YOR2099,Yoruba,B,D,,D,0
b,YOR2100,Yoruba,D,D,,D,1
b,YOR2101,Yoruba,B,A,A,A,0
b,YOR2102,Yoruba,C,B,,B,0
b,YOR2103,Yoruba,A,A,,A,1
