task,strategy,language,sample_id,source_proverb,proverb_en,correct_meaning,cultural_context_available,Choice_A,Choice_B,Choice_C,Choice_D,Answer,distractor_1,distractor_2,distractor_3,raw_response,parse,complete,len_r,distinct,quality
b,cot_xl,Spanish,MID0001,"Al mal tiempo, buena cara","To bad weather, good face",Face difficulties with a positive attitude; maintain composure in tough times.,True,You should try to ignore bad weather by covering your face.,To have a good face in bad weather means to make sure your physical appearance remains good.,Face difficulties with a positive attitude; maintain composure in tough times.,"When it's raining, it's good to literally wear a cheerful expression on your face.",C,You should try to ignore bad weather by covering your face.,To have a good face in bad weather means to make sure your physical appearance remains good.,"When it's raining, it's good to literally wear a cheerful expression on your face.","[""You should try to ignore bad weather by covering your face."", ""To have a good face in bad weather means to make sure your physical appearance remains good."", ""When it's raining, it's good to literally wear a cheerful expression on your face.""]",1.0,1.0,1.27,0.84,95.2
b,cot_xl,Spanish,MID0002,"De tal palo, tal astilla","From such a stick, such a chip","Children often resemble their parents in character/behavior (like father, like son).",True,"A tree that produces small sticks will have small chips, and vice versa.","Children often resemble their parents in character/behavior (like father, like son).","If you start with a stick of questionable quality, its chips will reflect that throughout its lifespan.","You will always get what you pay for, so cheap sticks produce poor chips.",B,"You will always get what you pay for, so cheap sticks produce poor chips.","A tree that produces small sticks will have small chips, and vice versa.","If you start with a stick of questionable quality, its chips will reflect that throughout its lifespan.","[""You will always get what you pay for, so cheap sticks produce poor chips."", ""A tree that produces small sticks will have small chips, and vice versa."", ""If you start with a stick of questionable quality, its chips will reflect that throughout its lifespan.""]",1.0,1.0,1.33,0.91,97.3
b,cot_xl,Spanish,MID0003,"Dime con quién andas, y te diré quién eres","Tell me with whom you walk, and I’ll tell you who you are",You are judged by the company you keep.,True,You are judged by the company you keep.,The people you surround yourself with will influence your favorite hobbies.,The person you walk with determines your lifespan.,The company you keep will decide your next career move.,A,The person you walk with determines your lifespan.,The company you keep will decide your next career move.,The people you surround yourself with will influence your favorite hobbies.,"[""The person you walk with determines your lifespan."", ""The company you keep will decide your next career move."", ""The people you surround yourself with will influence your favorite hobbies.""]",1.0,1.0,1.21,0.77,93.1
b,cot_xl,Spanish,MID0004,Un clavo saca otro clavo,One nail drives out another,"To forget one love, find another (move on from heartbreak).",True,"To forget one love, find another (move on from heartbreak).",A nail that is driven in with excessive force will inevitably be matched by another nail.,A nail can only be removed by another nail of equal or greater strength.,A carpenter should always carry multiple nails in case some break.,A,A nail can only be removed by another nail of equal or greater strength.,A carpenter should always carry multiple nails in case some break.,A nail that is driven in with excessive force will inevitably be matched by another nail.,"[""A nail can only be removed by another nail of equal or greater strength."",
""A carpenter should always carry multiple nails in case some break."",
""A nail that is driven in with excessive force will inevitably be matched by another nail."" ]",1.0,1.0,1.37,0.89,96.7
b,cot_xl,Spanish,MID0005,"Ojos que no ven, corazón que no siente","Eyes that don’t see, heart that doesn’t feel",What you don’t know doesn’t hurt you.,True,It is morally justifiable to ignore problems in order to avoid stress.,The inability to detect deception indicates a lack of emotional maturity.,What you choose not to look at may eventually become a physical reality.,What you don’t know doesn’t hurt you.,D,It is morally justifiable to ignore problems in order to avoid stress.,The inability to detect deception indicates a lack of emotional maturity.,What you choose not to look at may eventually become a physical reality.,"[""It is morally justifiable to ignore problems in order to avoid stress."", ""The inability to detect deception indicates a lack of emotional maturity."", ""What you choose not to look at may eventually become a physical reality.""]",1.0,1.0,1.71,0.94,98.2
b,cot_xl,Spanish,MID0006,Más vale pájaro en mano que cien volando,A bird in the hand is worth more than one hundred flying,A bird in the hand is worth two in the bush (value what you have).,True,A bird in the hand is worth two in the bush (value what you have).,"It's safer to keep a low profile, like a bird in hiding, rather than taking risks.",A bird in hand requires less maintenance than a flock in flight.,"One should prioritize the bird that's already in their grasp, as it represents stability and control.",A,"It's safer to keep a low profile, like a bird in hiding, rather than taking risks.",A bird in hand requires less maintenance than a flock in flight.,"One should prioritize the bird that's already in their grasp, as it represents stability and control.","[""It's safer to keep a low profile, like a bird in hiding, rather than taking risks."",
""A bird in hand requires less maintenance than a flock in flight."",
""One should prioritize the bird that's already in their grasp, as it represents stability and control.""]",1.0,1.0,0.98,0.89,96.7
b,cot_xl,Spanish,MID0007,Al mejor escribano se le va un borrón,To the best scribe a blot escapes,Even experts make mistakes (nobody's perfect).,True,"Here, the phrase is not about expertise, but rather about the fleeting nature of perfection - as soon as it's achieved, it's lost.","In this context, the phrase is actually referring to the idea that even with the best of intentions, mistakes will still occur.",Even experts make mistakes (nobody's perfect).,"The proverb suggests that even the most skilled scribes are susceptible to physical imperfections, thus 'blots' or ink smudges will inevitably occur.",C,"In this context, the phrase is actually referring to the idea that even with the best of intentions, mistakes will still occur.","The proverb suggests that even the most skilled scribes are susceptible to physical imperfections, thus 'blots' or ink smudges will inevitably occur.","Here, the phrase is not about expertise, but rather about the fleeting nature of perfection - as soon as it's achieved, it's lost.","[""In this context, the phrase is actually referring to the idea that even with the best of intentions, mistakes will still occur."", ""The proverb suggests that even the most skilled scribes are susceptible to physical imperfections, thus 'blots' or ink smudges will inevitably occur."", ""Here, the phrase is not about expertise, but rather about the fleeting nature of perfection - as soon as it's achi",1.0,1.0,3.72,0.9,97.0
b,cot_xl,Spanish,MID0008,No hay mal que por bien no venga,No bad from which good does not come,Every cloud has a silver lining (good comes from bad).,True,"You should always do bad things because they might lead to good outcomes, so just be reckless.",Every cloud has a silver lining (good comes from bad).,It's impossible to tell whether something is good or bad at first because it might be bad but turn out good later.,"You should not judge things immediately as good or bad, but instead wait for them to evolve before deciding their worth.",B,"You should always do bad things because they might lead to good outcomes, so just be reckless.",It's impossible to tell whether something is good or bad at first because it might be bad but turn out good later.,"You should not judge things immediately as good or bad, but instead wait for them to evolve before deciding their worth.","[""You should always do bad things because they might lead to good outcomes, so just be reckless."", ""It's impossible to tell whether something is good or bad at first because it might be bad but turn out good later."", ""You should not judge things immediately as good or bad, but instead wait for them to evolve before deciding their worth.""]",1.0,1.0,2.0,0.85,95.5
b,cot_xl,Spanish,MID0009,"El que mucho abarca, poco aprieta","He who grasps much, holds little",Don't bite off more than you can chew (overambition fails).,True,"It is saying that the quality of a grasp is inversely proportional to its quantity, implying that those who hold onto things too tightly will end up losing their grip eventually.",The proverb suggests that one should prioritize comfort over productivity.,Don't bite off more than you can chew (overambition fails).,"The phrase warns against using force when dealing with delicate situations, lest one cause unintended harm.",C,The proverb suggests that one should prioritize comfort over productivity.,"It is saying that the quality of a grasp is inversely proportional to its quantity, implying that those who hold onto things too tightly will end up losing their grip eventually.","The phrase warns against using force when dealing with delicate situations, lest one cause unintended harm.","[""The proverb suggests that one should prioritize comfort over productivity."", ""It is saying that the quality of a grasp is inversely proportional to its quantity, implying that those who hold onto things too tightly will end up losing their grip eventually."", ""The phrase warns against using force when dealing with delicate situations, lest one cause unintended harm.""]",1.0,1.0,1.9,0.95,98.5
b,cot_xl,Spanish,MID0010,"A quien madruga, Dios le ayuda","To he who rises early, God helps him",The early bird catches the worm (diligence rewarded).,True,The early bird catches the worm (diligence rewarded).,God has a special preference for the early risers.,The morning hours are when God's intervention is most effective.,Those who are naturally alert will have divine assistance.,A,Those who are naturally alert will have divine assistance.,God has a special preference for the early risers.,The morning hours are when God's intervention is most effective.,"[""Those who are naturally alert will have divine assistance."",
""God has a special preference for the early risers."",
""The morning hours are when God's intervention is most effective.""]",1.0,1.0,1.17,0.96,98.8
b,cot_xl,Spanish,MID0011,"Allí donde fueres, haz lo que vieres","Wherever you go, do what you see","When in Rome, do as the Romans do (adapt to local customs).",True,,,,,,,,,"[""1. Be reckless and impulsive, wherever you find yourself. (This interpretation removes the consideration of adapting to local customs, focusing solely on the location, rather than the people and their ways.)
  2. Obey only what you see, without considering the context or underlying rules. (This interpretation ignores the importance of understanding the broader social norms and conventions in the",0.0,0.0,0.0,0.0,0.0
b,cot_xl,Spanish,MID0012,No por mucho madrugar amanece más temprano,Not by waking up early does dawn come sooner,You can't rush things (patience needed).,True,You will never be early no matter how hard you try,Waking up early will always result in wasted sleep,You can't rush things (patience needed).,The sun rising can't be controlled by waking up times,C,You will never be early no matter how hard you try,The sun rising can't be controlled by waking up times,Waking up early will always result in wasted sleep,"[""You will never be early no matter how hard you try"",
""The sun rising can't be controlled by waking up times"",
""Waking up early will always result in wasted sleep""]",1.0,1.0,1.67,0.9,97.0
b,cot_xl,Spanish,MID0013,Cada loco con su tema,Each madman with his theme,Everyone has their own quirks/obsessions.,True,Madness is often a result of an unhealthy obsession,It's the eccentricity of a man that defines him,You can find a fool discussing anything but politics,Everyone has their own quirks/obsessions.,D,You can find a fool discussing anything but politics,It's the eccentricity of a man that defines him,Madness is often a result of an unhealthy obsession,"[""You can find a fool discussing anything but politics"", ""It's the eccentricity of a man that defines him"", ""Madness is often a result of an unhealthy obsession""]",1.0,1.0,1.8,0.92,97.6
b,cot_xl,Spanish,MID0014,"El que la hace, la paga","He who does it, pays for it",What goes around comes around (consequences).,True,One who gets away with something will always be rich.,The person who takes no responsibility will be blessed with good fortune.,"If you do something for someone who likes you, they will do it for you in return.",What goes around comes around (consequences).,D,One who gets away with something will always be rich.,The person who takes no responsibility will be blessed with good fortune.,"If you do something for someone who likes you, they will do it for you in return.","[""One who gets away with something will always be rich."", ""The person who takes no responsibility will be blessed with good fortune."", ""If you do something for someone who likes you, they will do it for you in return.""]",1.0,1.0,2.17,0.85,95.5
b,cot_xl,Spanish,MID0015,En boca cerrada no entran moscas,Flies don't enter a closed mouth,Keep quiet to avoid trouble.,True,Keep quiet to avoid trouble.,Quiet individuals tend to be less attractive to flies,Flies are attracted to loud speech,A closed mouth prevents flies from pollinating,A,Flies are attracted to loud speech,A closed mouth prevents flies from pollinating,Quiet individuals tend to be less attractive to flies,"[""Flies are attracted to loud speech"", ""A closed mouth prevents flies from pollinating"", ""Quiet individuals tend to be less attractive to flies""]",1.0,1.0,1.47,0.89,96.7
b,cot_xl,Spanish,MID0016,Cría cuervos y te sacarán los ojos,Raise crows and they'll peck out your eyes,Beware of ingratitude (those you help may betray you).,True,"If you raise crows, their droppings will damage your property.","If you teach crows to fly, they will steal your food.",Beware of ingratitude (those you help may betray you).,"If you feed crows, they will become aggressive towards you.",C,"If you feed crows, they will become aggressive towards you.","If you raise crows, their droppings will damage your property.","If you teach crows to fly, they will steal your food.","[""If you feed crows, they will become aggressive towards you."", 
""If you raise crows, their droppings will damage your property."", 
""If you teach crows to fly, they will steal your food.""]",1.0,1.0,1.15,0.76,92.8
b,cot_xl,Spanish,MID0017,"A río revuelto, ganancia de pescadores","In troubled waters, fishermen profit",Chaos benefits opportunists.,True,The fishermen will eventually get tired of the water.,Chaos benefits opportunists.,Those who live near the river will benefit.,"If you throw a stone into the river, it will calm down on its own.",B,Those who live near the river will benefit.,The fishermen will eventually get tired of the water.,"If you throw a stone into the river, it will calm down on its own.","[""Those who live near the river will benefit."", ""The fishermen will eventually get tired of the water."", ""If you throw a stone into the river, it will calm down on its own.""]",1.0,1.0,3.56,0.89,96.7
b,cot_xl,Spanish,MID0018,No todo lo que brilla es oro,Not all that glitters is gold,Appearances can deceive.,True,"The universe is inherently deceitful,",The value of something is solely determined by its ability to shine,"This proverb only applies to shiny objects,",Appearances can deceive.,D,"The universe is inherently deceitful,","This proverb only applies to shiny objects,",The value of something is solely determined by its ability to shine,"[""The universe is inherently deceitful,""""This proverb only applies to shiny objects,""""The value of something is solely determined by its ability to shine""]",1.0,1.0,2.67,0.94,98.2
b,cot_xl,Spanish,MID0019,El hábito no hace al monje,The habit does not make the monk,Don't judge a book by its cover.,True,Don't judge a book by its cover.,A commentary on the superficiality of modern fashion trends.,"Cultures where monastic robes are forbidden, thus the proverb is a warning about unnecessary restrictions.","In some societies where monks are seen as outcasts, the phrase is a reflection of the struggles for social acceptance.",A,"Cultures where monastic robes are forbidden, thus the proverb is a warning about unnecessary restrictions.",A commentary on the superficiality of modern fashion trends.,"In some societies where monks are seen as outcasts, the phrase is a reflection of the struggles for social acceptance.","[""Cultures where monastic robes are forbidden, thus the proverb is a warning about unnecessary restrictions."", ""A commentary on the superficiality of modern fashion trends."", ""In some societies where monks are seen as outcasts, the phrase is a reflection of the struggles for social acceptance.""]",1.0,1.0,2.1,0.87,96.1
b,cot_xl,Spanish,MID0020,Perro que ladra no muerde,A barking dog doesn't bite,Those who talk big often don't act.,True,"If there are multiple dogs barking loudly, it means no single one will bite.","A well-fed dog will always bark loudly, but may still not bite.",It's only the silent dogs that can surprise you with a bite.,Those who talk big often don't act.,D,"If there are multiple dogs barking loudly, it means no single one will bite.",It's only the silent dogs that can surprise you with a bite.,"A well-fed dog will always bark loudly, but may still not bite.","[""If there are multiple dogs barking loudly, it means no single one will bite."", ""It's only the silent dogs that can surprise you with a bite."", ""A well-fed dog will always bark loudly, but may still not bite.""]",1.0,1.0,1.81,0.9,97.0
b,cot_xl,Spanish,MID0021,"Camarón que se duerme, se lo lleva la corriente",The shrimp that falls asleep is carried away by the current,Don't be complacent or you'll fall behind.,True,The shrimp that falls asleep is being pulled by a magical force.,Don't be complacent or you'll fall behind.,"The current is a metaphor for the passage of time, and the shrimp represents mortality.",A group of mischievous fish is carrying the shrimp away for a fishing contest.,B,The shrimp that falls asleep is being pulled by a magical force.,"The current is a metaphor for the passage of time, and the shrimp represents mortality.",A group of mischievous fish is carrying the shrimp away for a fishing contest.,"[""The shrimp that falls asleep is being pulled by a magical force."",
""The current is a metaphor for the passage of time, and the shrimp represents mortality."",
""A group of mischievous fish is carrying the shrimp away for a fishing contest.""]",1.0,1.0,1.95,0.77,93.1
b,cot_xl,Spanish,MID0022,Del dicho al hecho hay mucho trecho,From saying to doing there's a long way,Actions speak louder than words.,True,"In the absence of action, words are enough.",A phrase will always come back to haunt you.,A gap between intentions and actions is not always significant.,Actions speak louder than words.,D,A phrase will always come back to haunt you.,"In the absence of action, words are enough.",A gap between intentions and actions is not always significant.,"[""A phrase will always come back to haunt you."", ""In the absence of action, words are enough."", ""A gap between intentions and actions is not always significant.""]",1.0,1.0,1.8,0.96,98.8
b,cot_xl,Spanish,MID0023,"A mal tiempo, buena cara","To bad weather, good face",Put on a brave face in difficulties.,True,To celebrate rain with festive food,"To face storms with expensive, elaborate attire",Put on a brave face in difficulties.,A symbol of prosperity in agricultural communities,C,To celebrate rain with festive food,A symbol of prosperity in agricultural communities,"To face storms with expensive, elaborate attire","[""To celebrate rain with festive food"", ""A symbol of prosperity in agricultural communities"", ""To face storms with expensive, elaborate attire""]",1.0,1.0,0.95,0.94,98.2
b,cot_xl,Spanish,MID0024,La avaricia rompe el saco,Greed breaks the sack,Too much greed leads to loss.,True,One must be very greedy to become wealthy,Greed only breaks the sacks of others,Too much greed leads to loss.,"If you're not careful, a large sack will burst from avarice",C,Greed only breaks the sacks of others,One must be very greedy to become wealthy,"If you're not careful, a large sack will burst from avarice","[""Greed only breaks the sacks of others"", ""One must be very greedy to become wealthy"", ""If you're not careful, a large sack will burst from avarice""]",1.0,1.0,1.44,1.0,100.0
b,cot_xl,Spanish,MID0025,"Quien siembra vientos, recoge tempestades",He who sows winds reaps storms,You reap what you sow (negative actions return worse).,True,You reap what you sow (negative actions return worse).,The severity of the storm is directly proportional to the quality of the seeds you planted.,It's the people around you who will face the consequences of your actions.,"If you don't like the wind, the storm will be worse.",A,"If you don't like the wind, the storm will be worse.",It's the people around you who will face the consequences of your actions.,The severity of the storm is directly proportional to the quality of the seeds you planted.,"[""If you don't like the wind, the storm will be worse."",
""It's the people around you who will face the consequences of your actions."",
""The severity of the storm is directly proportional to the quality of the seeds you planted.""]",1.0,1.0,1.48,0.85,95.5
b,cot_xl,Spanish,MID0026,"El que calla, otorga",He who is silent grants,Silence implies consent.,True,"In some cultures, silence is seen as a sign of power, and he who remains silent grants favor.",Silence implies consent.,"It's an idiomatic expression meaning that silence is the best way to avoid conflict, and he who is silent grants himself peace.","Silence is a sign of respect, and therefore, someone who is silent grants respect.",B,"Silence is a sign of respect, and therefore, someone who is silent grants respect.","In some cultures, silence is seen as a sign of power, and he who remains silent grants favor.","It's an idiomatic expression meaning that silence is the best way to avoid conflict, and he who is silent grants himself peace.","[""Silence is a sign of respect, and therefore, someone who is silent grants respect."", ""In some cultures, silence is seen as a sign of power, and he who remains silent grants favor."", ""It's an idiomatic expression meaning that silence is the best way to avoid conflict, and he who is silent grants himself peace.""]",1.0,1.0,6.0,0.72,91.6
b,cot_xl,Spanish,MID0027,El tiempo todo lo cura,Time heals everything,Time mends wounds.,True,The world revolves around time.,Time itself is a medicine.,Time mends wounds.,Time is the ultimate solution to every problem.,C,The world revolves around time.,Time is the ultimate solution to every problem.,Time itself is a medicine.,"[""The world revolves around time."", ""Time is the ultimate solution to every problem."", ""Time itself is a medicine.""]",1.0,1.0,2.0,0.91,97.3
b,cot_xl,Spanish,MID0028,"A palabras necias, oídos sordos","To foolish words, deaf ears",Ignore nonsense.,True,A culture that values silence over conversation.,Ignore nonsense.,A society where it's considered impolite to acknowledge a stranger's opinion.,"One day, a group of people decided to stop listening to politicians because they felt they didn't speak the truth.",B,"One day, a group of people decided to stop listening to politicians because they felt they didn't speak the truth.",A culture that values silence over conversation.,A society where it's considered impolite to acknowledge a stranger's opinion.,"[""One day, a group of people decided to stop listening to politicians because they felt they didn't speak the truth."", ""A culture that values silence over conversation."", ""A society where it's considered impolite to acknowledge a stranger's opinion.""]",1.0,1.0,6.33,0.94,98.2
b,cot_xl,Spanish,MID0029,No hay peor ciego que el que no quiere ver,There is no worse blind person than the one who doesn't want to see,Willful ignorance is the worst.,True,The person who can't see because of their physical surroundings is the worst type of blind person,Someone who lacks vision for their own personal gain is the worst type of blind person,Physical blindness is the worst form of blindness,Willful ignorance is the worst.,D,Physical blindness is the worst form of blindness,Someone who lacks vision for their own personal gain is the worst type of blind person,The person who can't see because of their physical surroundings is the worst type of blind person,"[""Physical blindness is the worst form of blindness"", 
""Someone who lacks vision for their own personal gain is the worst type of blind person"", 
""The person who can't see because of their physical surroundings is the worst type of blind person""]",1.0,1.0,2.73,0.68,90.4
b,cot_xl,Spanish,MID0030,"El que espera, desespera","He who waits, despairs",Don't wait too long (act decisively).,True,"The one who waits is likely to be in a state of excitement and anticipation, rather than despair.","Waiting is a sign of hope rather than despair, so don't be discouraged if you're waiting for something.","Patience is a virtue, and the one who waits is showing self-control and discipline.",Don't wait too long (act decisively).,D,"Waiting is a sign of hope rather than despair, so don't be discouraged if you're waiting for something.","The one who waits is likely to be in a state of excitement and anticipation, rather than despair.","Patience is a virtue, and the one who waits is showing self-control and discipline.","[""Waiting is a sign of hope rather than despair, so don't be discouraged if you're waiting for something."",
""The one who waits is likely to be in a state of excitement and anticipation, rather than despair."",
""Patience is a virtue, and the one who waits is showing self-control and discipline.""]",1.0,1.0,2.78,0.8,94.0
b,cot_xl,Spanish,MID0032,El que mucho abarca poco aprieta,He who embraces too much holds little tightly,Don't try to do too many things at once — you'll end up doing none well (overcommitment leads to failure).,True,"In a society that values physical strength, 'abarca' refers to grasping and crushing, implying that the strong-willed person is crushing their own power by trying too much.",Don't try to do too many things at once — you'll end up doing none well (overcommitment leads to failure).,"El que mucho abarca could be interpreted as 'one who wears many hats', suggesting that a person with too many roles or responsibilities is being suffocated by their own identity.","Historically, in a culture where textiles were of great value, 'abarca' might refer to a person's clothing or attire, implying that someone with too many possessions or distractions is not able to properly maintain their wardrobe.",B,"In a society that values physical strength, 'abarca' refers to grasping and crushing, implying that the strong-willed person is crushing their own power by trying too much.","El que mucho abarca could be interpreted as 'one who wears many hats', suggesting that a person with too many roles or responsibilities is being suffocated by their own identity.","Historically, in a culture where textiles were of great value, 'abarca' might refer to a person's clothing or attire, implying that someone with too many possessions or distractions is not able to properly maintain their wardrobe.","[""In a society that values physical strength, 'abarca' refers to grasping and crushing, implying that the strong-willed person is crushing their own power by trying too much."", ""El que mucho abarca could be interpreted as 'one who wears many hats', suggesting that a person with too many roles or responsibilities is being suffocated by their own identity."", ""Historically, in a culture where textile",1.0,1.0,1.55,0.83,94.9
b,cot_xl,Spanish,MID0045,"A falta de pan, buenas son tortas","In the absence of bread, cakes are good","When you can't have the best, settle for the next best thing (make do with what you have).",True,The phrase suggests that cakes are a sign of wealth and prosperity,"When you can't have the best, settle for the next best thing (make do with what you have).",This proverb implies that cake is a more filling food source than bread,"When you can't afford to buy bread, cakes are a better option because they're cheaper",B,"When you can't afford to buy bread, cakes are a better option because they're cheaper",This proverb implies that cake is a more filling food source than bread,The phrase suggests that cakes are a sign of wealth and prosperity,"[""When you can't afford to buy bread, cakes are a better option because they're cheaper"", ""This proverb implies that cake is a more filling food source than bread"", ""The phrase suggests that cakes are a sign of wealth and prosperity""]",1.0,1.0,0.74,0.92,97.6
b,cot_xl,Spanish,MID0046,"El que a buen árbol se arrima, buena sombra le cobija",He who leans against a good tree gets good shade,Associate with good people and you'll benefit from their influence/protection.,True,"If you live in a valley, the trees surrounding it will cast a more substantial shade.",Associate with good people and you'll benefit from their influence/protection.,Trees leaning against each other can withstand stronger winds.,A good tree can also be a reliable source of food and shelter.,B,"If you live in a valley, the trees surrounding it will cast a more substantial shade.",A good tree can also be a reliable source of food and shelter.,Trees leaning against each other can withstand stronger winds.,"[""If you live in a valley, the trees surrounding it will cast a more substantial shade."", ""A good tree can also be a reliable source of food and shelter."", ""Trees leaning against each other can withstand stronger winds."" ]",1.0,1.0,1.27,0.96,98.8
b,cot_xl,Spanish,MID0047,De tal palo tal astilla,From such a tree such a splinter,Children inherit the traits/behavior of their parents.,True,"The proverb is about the physical properties of wood, suggesting that a tree's splinter will always be a smaller version of the tree itself.",Children inherit the traits/behavior of their parents.,"It's a warning about the dangers of sharp objects, advising people to be careful around splinters.",The phrase is an analogy for the way a tree's bark can affect the way its splinters grow.,B,"The proverb is about the physical properties of wood, suggesting that a tree's splinter will always be a smaller version of the tree itself.","It's a warning about the dangers of sharp objects, advising people to be careful around splinters.",The phrase is an analogy for the way a tree's bark can affect the way its splinters grow.,"[""The proverb is about the physical properties of wood, suggesting that a tree's splinter will always be a smaller version of the tree itself."", ""It's a warning about the dangers of sharp objects, advising people to be careful around splinters."", ""The phrase is an analogy for the way a tree's bark can affect the way its splinters grow.""]",1.0,1.0,2.76,0.88,96.4
b,cot_xl,Spanish,MID0048,Dime con quién andas y te diré quién eres,Tell me who you hang out with and I'll tell you who you are,Your character is revealed by the company you keep.,True,A person's true identity is revealed by their favorite type of music.,Your character is revealed by the company you keep.,You are a reflection of your phone's contact list.,Your personality is defined by the type of clothes you wear in a social setting.,B,You are a reflection of your phone's contact list.,Your personality is defined by the type of clothes you wear in a social setting.,A person's true identity is revealed by their favorite type of music.,"[""You are a reflection of your phone's contact list."", ""Your personality is defined by the type of clothes you wear in a social setting."", ""A person's true identity is revealed by their favorite type of music.""]",1.0,1.0,1.33,0.82,94.6
b,cot_xl,Spanish,MID0049,Más vale pájaro en mano que ciento volando,A bird in the hand is worth more than one hundred flying,It's better to keep what you already have than risk losing it for something uncertain.,True,"If you have a bird in your hand, it's more likely to be a migratory species and thus more valuable due to its potential flight patterns.","The more birds you have flying, the more likely you are to attract a large flock, increasing your overall value.",It's better to keep what you already have than risk losing it for something uncertain.,"If you keep a bird in your hand, it will produce eggs more frequently because it's not under the stress of flying.",C,"If you have a bird in your hand, it's more likely to be a migratory species and thus more valuable due to its potential flight patterns.","If you keep a bird in your hand, it will produce eggs more frequently because it's not under the stress of flying.","The more birds you have flying, the more likely you are to attract a large flock, increasing your overall value.","[""If you have a bird in your hand, it's more likely to be a migratory species and thus more valuable due to its potential flight patterns."", 
""If you keep a bird in your hand, it will produce eggs more frequently because it's not under the stress of flying."", 
""The more birds you have flying, the more likely you are to attract a large flock, increasing your overall value.""]",1.0,1.0,1.51,0.8,94.0
b,cot_xl,Spanish,MID0131,A quien madruga Dios le ayuda,God helps the early riser,Hard work and early rising are rewarded with success and divine favor.,True,This proverb is an encouragement to engage in morning rituals that promote a connection to one's ancestral heritage.,One should wake up at dawn to appease a pagan deity associated with the sun.,Hard work and early rising are rewarded with success and divine favor.,The phrase implies that those who rise early are more likely to encounter a mystical being that grants boons to early risers.,C,One should wake up at dawn to appease a pagan deity associated with the sun.,This proverb is an encouragement to engage in morning rituals that promote a connection to one's ancestral heritage.,The phrase implies that those who rise early are more likely to encounter a mystical being that grants boons to early risers.,"[""One should wake up at dawn to appease a pagan deity associated with the sun."", ""This proverb is an encouragement to engage in morning rituals that promote a connection to one's ancestral heritage."", ""The phrase implies that those who rise early are more likely to encounter a mystical being that grants boons to early risers.""]",1.0,1.0,1.53,0.92,97.6
b,cot_xl,Spanish,MID0132,Allí donde fueres haz lo que vieres,"Wherever you go, do what you see",Adapt to local customs and behavior when in a new place or culture.,True,"In this context, 'what you see' implies a complete lack of critical thinking or responsibility and that you should blindly follow the crowd.","Wherever you go, do what you see is literally stating that you should only focus on appearance and ignore facts.","This saying can be seen as a justification for doing anything, as long as it's done in the presence of others and they aren't objecting.",Adapt to local customs and behavior when in a new place or culture.,D,"Wherever you go, do what you see is literally stating that you should only focus on appearance and ignore facts.","This saying can be seen as a justification for doing anything, as long as it's done in the presence of others and they aren't objecting.","In this context, 'what you see' implies a complete lack of critical thinking or responsibility and that you should blindly follow the crowd.","[""Wherever you go, do what you see is literally stating that you should only focus on appearance and ignore facts."", ""This saying can be seen as a justification for doing anything, as long as it's done in the presence of others and they aren't objecting."", ""In this context, 'what you see' implies a complete lack of critical thinking or responsibility and that you should blindly follow the crowd.""]",1.0,1.0,1.74,0.9,97.0
b,cot_xl,Spanish,MID0133,No hay mal que dure cien años ni cuerpo que lo resista,No evil lasts a hundred years nor body that endures it,Even the worst situations eventually end; nothing is permanent.,True,"Evil can only exist for a century because of some external force preventing it from growing beyond that,","The proverb is saying that evil and bodies have an arbitrary relationship, both governed by a mysterious time limit.","The body is the only thing that can resist evil without any external help,",Even the worst situations eventually end; nothing is permanent.,D,"Evil can only exist for a century because of some external force preventing it from growing beyond that,","The body is the only thing that can resist evil without any external help,","The proverb is saying that evil and bodies have an arbitrary relationship, both governed by a mysterious time limit.","[""Evil can only exist for a century because of some external force preventing it from growing beyond that,"" ""The body is the only thing that can resist evil without any external help,"" ""The proverb is saying that evil and bodies have an arbitrary relationship, both governed by a mysterious time limit.""]",1.0,1.0,1.89,0.88,96.4
b,cot_xl,Spanish,MID0134,El que no arriesga no gana,He who does not risk does not win,You must take chances to achieve success or gain rewards.,True,"This proverb is only applicable to individuals in positions of power, not common people.",El que no arriesga está mostrando su independencia y fuerza de carácter.,You must take chances to achieve success or gain rewards.,The person who takes risks without a safety net will inevitably lose everything.,C,The person who takes risks without a safety net will inevitably lose everything.,El que no arriesga está mostrando su independencia y fuerza de carácter.,"This proverb is only applicable to individuals in positions of power, not common people.","[""The person who takes risks without a safety net will inevitably lose everything."", ""El que no arriesga está mostrando su independencia y fuerza de carácter."", ""This proverb is only applicable to individuals in positions of power, not common people.""]",1.0,1.0,1.3,1.0,100.0
b,cot_xl,Spanish,MID0135,En casa del herrero cuchillo de palo,"In the blacksmith's house, wooden knife",People often lack or neglect the very thing they are expert in providing to others.,True,People often lack or neglect the very thing they are expert in providing to others.,One should always question the tools used by the expert.,The concept of 'home' is inherently tied to the physical presence of the blacksmith.,The skills of the blacksmith are only relevant in a rural setting.,A,One should always question the tools used by the expert.,The skills of the blacksmith are only relevant in a rural setting.,The concept of 'home' is inherently tied to the physical presence of the blacksmith.,"[""One should always question the tools used by the expert."", 
""The skills of the blacksmith are only relevant in a rural setting."", 
""The concept of 'home' is inherently tied to the physical presence of the blacksmith.""]",1.0,1.0,0.8,0.93,97.9
b,cot_xl,Spanish,MID0136,El que se pica ajos come,He who gets annoyed eats garlic,"If someone reacts defensively to a comment, it probably applies to them.",True,"If someone reacts defensively to a comment, it probably applies to them.",The aroma of garlic reveals someone's flaws.,He who eats garlic becomes irritable.,A person who eats garlic often needs emotional protection.,A,He who eats garlic becomes irritable.,The aroma of garlic reveals someone's flaws.,A person who eats garlic often needs emotional protection.,"[""He who eats garlic becomes irritable."", ""The aroma of garlic reveals someone's flaws."", ""A person who eats garlic often needs emotional protection.""]",1.0,1.0,0.61,0.87,96.1
b,cot_xl,Spanish,MID0137,A mal tiempo buena cara,To bad weather a good face,Maintain dignity and positivity during hardship or misfortune.,True,One should paint a smile on their face for the amusement of others during bad weather.,A good face is a sign of physical resilience in extreme weather conditions.,Wearing a good face during bad weather is a way to avoid attracting evil spirits.,Maintain dignity and positivity during hardship or misfortune.,D,One should paint a smile on their face for the amusement of others during bad weather.,A good face is a sign of physical resilience in extreme weather conditions.,Wearing a good face during bad weather is a way to avoid attracting evil spirits.,"[""One should paint a smile on their face for the amusement of others during bad weather."", ""A good face is a sign of physical resilience in extreme weather conditions."", ""Wearing a good face during bad weather is a way to avoid attracting evil spirits.""]",1.0,1.0,1.83,0.83,94.9
b,cot_xl,Spanish,MID0139,La ocasión la pintan calva,Opportunity is bald,You must seize opportunities quickly because they don't last long.,True,You must seize opportunities quickly because they don't last long.,"In this proverb, a bald opportunity is a sign of spiritual enlightenment.",Opportunity requires a haircut to flourish.,La ocasión la pintan calva suggests the importance of a well-groomed appearance for success.,A,Opportunity requires a haircut to flourish.,La ocasión la pintan calva suggests the importance of a well-groomed appearance for success.,"In this proverb, a bald opportunity is a sign of spiritual enlightenment.","[""Opportunity requires a haircut to flourish."", ""La ocasión la pintan calva suggests the importance of a well-groomed appearance for success."", ""In this proverb, a bald opportunity is a sign of spiritual enlightenment.""]",1.0,1.0,1.07,0.91,97.3
b,cot_xl,Spanish,MID0140,El muerto al hoyo y el vivo al bollo,The dead to the grave and the living to the bun,Life goes on — focus on the living after loss or tragedy.,True,The phrase is suggesting that the living should focus on their stomachs after experiencing loss.,Life goes on — focus on the living after loss or tragedy.,One should literally place a bun near the deceased as a sign of respect.,It's acceptable to indulge in sweet treats during times of grief.,B,It's acceptable to indulge in sweet treats during times of grief.,One should literally place a bun near the deceased as a sign of respect.,The phrase is suggesting that the living should focus on their stomachs after experiencing loss.,"[""It's acceptable to indulge in sweet treats during times of grief."",
""One should literally place a bun near the deceased as a sign of respect."",
""The phrase is suggesting that the living should focus on their stomachs after experiencing loss.""]",1.0,1.0,1.11,0.96,98.8
b,cot_xl,Spanish,MID0141,A falta de pan buenas son tortas,"When there's no bread, cakes are good",Be content with what is available when the ideal is not possible.,True,It's okay to ignore dietary restrictions when food is limited.,It is acceptable to settle for subpar food in times of scarcity.,Be content with what is available when the ideal is not possible.,One should prioritize baking as a skill in times of economic hardship.,C,It is acceptable to settle for subpar food in times of scarcity.,It's okay to ignore dietary restrictions when food is limited.,One should prioritize baking as a skill in times of economic hardship.,"[""It is acceptable to settle for subpar food in times of scarcity."", ""It's okay to ignore dietary restrictions when food is limited."", ""One should prioritize baking as a skill in times of economic hardship.""]",1.0,1.0,0.94,0.9,97.0
b,cot_xl,Spanish,MID0142,El que a buen árbol se arrima buena sombra le cobija,He who leans on a good tree gets good shade,Associating with good people brings protection and benefits.,True,Trees with a good shape will provide better shade to those who lean on them.,Those who are physically close to the base of a tree will benefit more from its shade.,Associating with good people brings protection and benefits.,A person's tree can be a physical object that they can rely on for protection.,C,Trees with a good shape will provide better shade to those who lean on them.,A person's tree can be a physical object that they can rely on for protection.,Those who are physically close to the base of a tree will benefit more from its shade.,"[""Trees with a good shape will provide better shade to those who lean on them."", ""A person's tree can be a physical object that they can rely on for protection."", ""Those who are physically close to the base of a tree will benefit more from its shade.""]",1.0,1.0,1.96,0.89,96.7
b,cot_xl,Spanish,MID0147,Al mal tiempo buena cara,To bad times a good face,Show strength and optimism even when facing difficulties.,True,"If you smile often, your troubles will multiply.",A cheerful expression can prevent the spread of disease.,Show strength and optimism even when facing difficulties.,You should hide your tears to avoid bad luck.,C,"If you smile often, your troubles will multiply.",You should hide your tears to avoid bad luck.,A cheerful expression can prevent the spread of disease.,"[""If you smile often, your troubles will multiply."", ""You should hide your tears to avoid bad luck."", ""A cheerful expression can prevent the spread of disease.""]",1.0,1.0,1.08,0.96,98.8
b,cot_xl,Spanish,MID0148,Ojos que no ven corazón que no siente,Eyes that don't see heart that doesn't feel,Ignorance of painful facts spares emotional suffering.,True,Ignorance of painful facts spares emotional suffering.,The heart can only feel pain when it has witnessed it firsthand,Eyes that refuse to confront reality are immune to heartbreak,Painful truths viewed with indifference grant a sense of liberation,A,Eyes that refuse to confront reality are immune to heartbreak,The heart can only feel pain when it has witnessed it firsthand,Painful truths viewed with indifference grant a sense of liberation,"[""Eyes that refuse to confront reality are immune to heartbreak"",
""The heart can only feel pain when it has witnessed it firsthand"",
""Painful truths viewed with indifference grant a sense of liberation""]",1.0,1.0,1.52,1.0,100.0
b,cot_xl,Spanish,MID0151,A río revuelto ganancia de pescadores,In troubled river profit for fishermen,Chaos and confusion allow clever people to take advantage.,True,It implies that fish are the only ones who benefit from chaos.,This proverb means that people who are skilled at fishing can predict and prevent chaos.,Chaos and confusion allow clever people to take advantage.,The proverb suggests that rivers should always be calm to avoid chaos.,C,The proverb suggests that rivers should always be calm to avoid chaos.,It implies that fish are the only ones who benefit from chaos.,This proverb means that people who are skilled at fishing can predict and prevent chaos.,"[""The proverb suggests that rivers should always be calm to avoid chaos."", ""It implies that fish are the only ones who benefit from chaos."", ""This proverb means that people who are skilled at fishing can predict and prevent chaos."" ]",1.0,1.0,1.44,0.85,95.5
b,cot_xl,Spanish,MID0154,Camarón que se duerme se lo lleva la corriente,The sleeping shrimp is carried by the current,Complacency causes you to miss opportunities and fall behind.,True,"In some areas, shrimp only sleep at night, so this proverb is about being active during your most productive hours","If you sleep too close to the ocean, you might get swept away by a strong current",Complacency causes you to miss opportunities and fall behind.,"This proverb is referring to the life cycle of shrimp, where they go through a dormant stage, but it's not directly related to human behavior",C,"If you sleep too close to the ocean, you might get swept away by a strong current","In some areas, shrimp only sleep at night, so this proverb is about being active during your most productive hours","This proverb is referring to the life cycle of shrimp, where they go through a dormant stage, but it's not directly related to human behavior","[""If you sleep too close to the ocean, you might get swept away by a strong current"", ""In some areas, shrimp only sleep at night, so this proverb is about being active during your most productive hours"", ""This proverb is referring to the life cycle of shrimp, where they go through a dormant stage, but it's not directly related to human behavior""]",1.0,1.0,2.3,0.94,98.2
b,cot_xl,Spanish,MID0157,Quien siembra vientos recoge tempestades,He who sows winds reaps storms,Harmful or negative actions return amplified as consequences.,True,Harmful or negative actions return amplified as consequences.,It is a metaphor for the destructive power of the wind during hurricanes.,It is a warning about the dangers of sailing during strong winds.,It refers to the unpredictable nature of weather in tropical regions causing sudden storms.,A,It refers to the unpredictable nature of weather in tropical regions causing sudden storms.,It is a metaphor for the destructive power of the wind during hurricanes.,It is a warning about the dangers of sailing during strong winds.,"[""It refers to the unpredictable nature of weather in tropical regions causing sudden storms."", ""It is a metaphor for the destructive power of the wind during hurricanes."", ""It is a warning about the dangers of sailing during strong winds.""]",1.0,1.0,1.62,0.8,94.0
b,cot_xl,Spanish,MID0158,El que calla otorga,He who is silent grants,Not speaking up is often interpreted as agreement or consent.,True,Someone may take it to mean that staying silent is a way to secretly accumulate power or influence in a group.,A common misinterpretation in a society that values assertiveness is that the proverb promotes aggressive communication.,Not speaking up is often interpreted as agreement or consent.,"In a culture where silence is associated with respect, this proverb may be interpreted as a reminder to show deference to one's elders or authority figures.",C,"In a culture where silence is associated with respect, this proverb may be interpreted as a reminder to show deference to one's elders or authority figures.",A common misinterpretation in a society that values assertiveness is that the proverb promotes aggressive communication.,Someone may take it to mean that staying silent is a way to secretly accumulate power or influence in a group.,"[""In a culture where silence is associated with respect, this proverb may be interpreted as a reminder to show deference to one's elders or authority figures."", ""A common misinterpretation in a society that values assertiveness is that the proverb promotes aggressive communication."", ""Someone may take it to mean that staying silent is a way to secretly accumulate power or influence in a group.""]",1.0,1.0,2.1,0.86,95.8
b,cot_xl,Spanish,MID0161,El que espera desespera,He who waits despairs,Passive waiting leads to frustration — act decisively when possible.,True,Waiting on others is not desirable because it implies a lack of agency.,"Those who rely on others for support often find themselves in a desperate state, so this proverb may be cautioning against overreliance on others.",Passive waiting leads to frustration — act decisively when possible.,"Patience is generally a virtue, so expecting frustration from waiting seems counterintuitive.",C,Waiting on others is not desirable because it implies a lack of agency.,"Patience is generally a virtue, so expecting frustration from waiting seems counterintuitive.","Those who rely on others for support often find themselves in a desperate state, so this proverb may be cautioning against overreliance on others.","[""Waiting on others is not desirable because it implies a lack of agency.""
,""Patience is generally a virtue, so expecting frustration from waiting seems counterintuitive.""
,""Those who rely on others for support often find themselves in a desperate state, so this proverb may be cautioning against overreliance on others."" ]",1.0,1.0,1.63,0.9,97.0
b,cot_xl,Spanish,MID0181,A buen entendedor pocas palabras bastan,To a good listener few words suffice,Intelligent people understand quickly with minimal explanation.,True,Good listeners are often better at hiding their emotions.,Intelligent people understand quickly with minimal explanation.,Silent people are more likely to be intelligent.,People who require fewer words are naturally better communicators.,B,Silent people are more likely to be intelligent.,Good listeners are often better at hiding their emotions.,People who require fewer words are naturally better communicators.,"[""Silent people are more likely to be intelligent."", ""Good listeners are often better at hiding their emotions."", ""People who require fewer words are naturally better communicators.""]",1.0,1.0,1.24,0.89,96.7
b,cot_xl,Spanish,MID0186,A palabras necias oídos sordos,To foolish words deaf ears,The best response to nonsense is to ignore it completely.,True,The proverb is advising individuals to respond aggressively to absurd statements.,The best response to nonsense is to ignore it completely.,The speaker is advocating for physical violence against those who speak foolish words.,The proverb suggests that ignoring nonsense is a form of validation or agreement.,B,The speaker is advocating for physical violence against those who speak foolish words.,The proverb is advising individuals to respond aggressively to absurd statements.,The proverb suggests that ignoring nonsense is a form of validation or agreement.,"[""The speaker is advocating for physical violence against those who speak foolish words."", ""The proverb is advising individuals to respond aggressively to absurd statements."", ""The proverb suggests that ignoring nonsense is a form of validation or agreement.""]",1.0,1.0,1.23,0.89,96.7
b,cot_xl,Spanish,MID0331,A cada cerdo le llega su San Martín,To every pig comes its Saint Martin's day,Everyone eventually faces the consequences of their actions (judgment day arrives).,True,"This proverb suggests that pigs have a special connection to Saint Martin, who will one day reveal his hidden treasures to them.",Everyone eventually faces the consequences of their actions (judgment day arrives).,A day will come when every pig will celebrate the life of its patron saint with a grand feast.,"Pigs are often associated with good luck, and when they do well, they attract the attention of the patron saint's blessings.",B,A day will come when every pig will celebrate the life of its patron saint with a grand feast.,"Pigs are often associated with good luck, and when they do well, they attract the attention of the patron saint's blessings.","This proverb suggests that pigs have a special connection to Saint Martin, who will one day reveal his hidden treasures to them.","[""A day will come when every pig will celebrate the life of its patron saint with a grand feast."", ""Pigs are often associated with good luck, and when they do well, they attract the attention of the patron saint's blessings."", ""This proverb suggests that pigs have a special connection to Saint Martin, who will one day reveal his hidden treasures to them.""]",1.0,1.0,1.88,0.9,97.0
b,cot_xl,Spanish,MID0332,El que come y canta por algo se levanta,He who eats and sings gets up for something,People who enjoy life and stay positive tend to have motivation and energy.,True,People who enjoy life and stay positive tend to have motivation and energy.,Those who drink and sing are likely to get into trouble and need to leave,It's healthier to eat your meals while sitting down so you can avoid straining yourself,"If you eat at home, you're less likely to get sick and be forced to skip work",A,"If you eat at home, you're less likely to get sick and be forced to skip work",It's healthier to eat your meals while sitting down so you can avoid straining yourself,Those who drink and sing are likely to get into trouble and need to leave,"[""If you eat at home, you're less likely to get sick and be forced to skip work"", ""It's healthier to eat your meals while sitting down so you can avoid straining yourself"", ""Those who drink and sing are likely to get into trouble and need to leave""]",1.0,1.0,1.21,0.9,97.0
b,cot_xl,Spanish,MID0333,No hay peor sordo que el que no quiere oír,There is no worse deaf person than the one who does not want to hear,Willful refusal to listen or accept advice is the most stubborn form of ignorance.,True,The phrase is exclusive to wealthy families who can afford hearing aids,There is a direct correlation between not wanting to hear and being tone deaf,Willful refusal to listen or accept advice is the most stubborn form of ignorance.,Deafness is the only disability worthy of pity,C,Deafness is the only disability worthy of pity,The phrase is exclusive to wealthy families who can afford hearing aids,There is a direct correlation between not wanting to hear and being tone deaf,"[""Deafness is the only disability worthy of pity"",
""The phrase is exclusive to wealthy families who can afford hearing aids"",
""There is a direct correlation between not wanting to hear and being tone deaf""]",1.0,1.0,0.81,0.92,97.6
b,cot_xl,Spanish,MID0334,El que da primero da dos veces,He who gives first gives twice,Being the first to offer help or generosity creates double the benefit or goodwill.,True,The act of giving first is a sign of weakness.,Being the first to offer help or generosity creates double the benefit or goodwill.,Someone who gives first is more likely to get taken advantage of.,Individuals who give first are naturally more financially wealthy.,B,Someone who gives first is more likely to get taken advantage of.,The act of giving first is a sign of weakness.,Individuals who give first are naturally more financially wealthy.,"[""Someone who gives first is more likely to get taken advantage of."", ""The act of giving first is a sign of weakness."", ""Individuals who give first are naturally more financially wealthy.""]",1.0,1.0,0.74,0.89,96.7
b,cot_xl,Spanish,MID0336,El que ríe último ríe mejor,He who laughs last laughs best,The final outcome determines true success — don't celebrate too early.,True,To laugh last is to demonstrate the ability to manipulate others into laughing with you.,He who laughs last is more likely to be lonely.,The person who laughs last is the one who has endured the most ridicule.,The final outcome determines true success — don't celebrate too early.,D,He who laughs last is more likely to be lonely.,The person who laughs last is the one who has endured the most ridicule.,To laugh last is to demonstrate the ability to manipulate others into laughing with you.,"[""He who laughs last is more likely to be lonely."", ""The person who laughs last is the one who has endured the most ridicule."", ""To laugh last is to demonstrate the ability to manipulate others into laughing with you.""]",1.0,1.0,1.18,0.82,94.6
b,cot_xl,Spanish,MID0337,En tierra de ciegos el tuerto es rey,In the land of the blind the one-eyed man is king,"In a group lacking skill or knowledge, even mediocre ability stands out as exceptional.",True,"In a group lacking skill or knowledge, even mediocre ability stands out as exceptional.","The one-eyed leader, though flawed, has achieved greatness by rising above the mediocrity of societal norms.","As the only individual with partial insight, the one-eyed ruler has formed a powerful alliance with entities from outside the land.","In a land of darkness, the partially sighted ruler reigns, symbolizing hope and guidance for the people.",A,"In a land of darkness, the partially sighted ruler reigns, symbolizing hope and guidance for the people.","The one-eyed leader, though flawed, has achieved greatness by rising above the mediocrity of societal norms.","As the only individual with partial insight, the one-eyed ruler has formed a powerful alliance with entities from outside the land.","[""In a land of darkness, the partially sighted ruler reigns, symbolizing hope and guidance for the people."", ""The one-eyed leader, though flawed, has achieved greatness by rising above the mediocrity of societal norms."", ""As the only individual with partial insight, the one-eyed ruler has formed a powerful alliance with entities from outside the land."" ]",1.0,1.0,1.29,0.91,97.3
